token,primary_scene,anchor_stream,anchor_hit_at_100,anchor_top1_error_m,anchor_best_error_m_available,anchor_best_rank_available,center_present,center_hit_at_100,center_top1_error_m_x,center_best_error_m_available,center_best_rank_available,resize_present,resize_hit_at_100,resize_top1_error_m_x,resize_best_error_m_available,resize_best_rank_available,any_stream_hit_at_100,rescued_by_non_anchor_at_100,rescue_streams_at_100,best_stream_available,best_error_any_stream_available_m,best_rank_any_stream_available,best_tile_any_stream_available,dino_failure_group,classical_failure_group,phog_top1_error_m,lsd_top1_error_m,oracle_best_top50_error_m,phog_top1_tile_id,lsd_top1_tile_id,oracle_best_top50_tile_id,rot_best_error_m,rot_best_angle_deg,uav_junction_count,uav_luma_lsd_line_count,selection_gap_to_oracle_m,center_top1_tile_id,center_top1_error_m_y,center_top1_rank,center_top1_sat_path,center_best_tile_id,center_best_error_m,center_best_rank,center_best_sat_path,resize_top1_tile_id,resize_top1_error_m_y,resize_top1_rank,resize_top1_sat_path,resize_best_tile_id,resize_best_error_m,resize_best_rank,resize_best_sat_path,query_image_path_from_manifest,query_image_path,s7b4_visual_panel_path,s4c4c_panel_path,has_s7b4_visual_panel,has_s4c4c_panel,has_classical_record,classical_failed,dino_success_any,dino_center_success,dino_resize_success,dino_resize_rescue,dino_unresolved,near_pool_miss,pool_failure_or_far_ambiguity,agricultural_open_field,orientation_range,classical_fail_dino_success,recommended_role,selection_priority_score
269,mixed_urban_natural,center,False,983.1776019382988,81.04233403105272,64,True,False,983.1776019382988,81.04233403105272,64,True,True,69.46419704770614,34.95922456851512,10,True,True,resize,resize,34.95922456851512,10,4148,non_anchor_rescue,lsd_destroyed_phog_success,7.532041265892122,803.6803916276192,7.532041265892122,4149.0,6905.0,4149.0,,,17.0,59.0,796.1483503617271,1753,983.1776019382988,1,/Users/harishprabhu/Documents/drone-localisation/data/raw/satloc/part_1/Satellite Data/sat_image_ref/01753.jpg,4272,81.04233403105272,64,/Users/harishprabhu/Documents/drone-localisation/data/raw/satloc/part_1/Satellite Data/sat_image_ref/04272.jpg,4147,69.46419704770614,1,/Users/harishprabhu/Documents/drone-localisation/data/raw/satloc/part_1/Satellite Data/sat_image_ref/04147.jpg,4148,34.95922456851512,10,/Users/harishprabhu/Documents/drone-localisation/data/raw/satloc/part_1/Satellite Data/sat_image_ref/04148.jpg,/Users/harishprabhu/Documents/drone-localisation/data/raw/satloc/part_1/UAV Data/traj01/269@268253@112.808563@28.295693.png,/Users/harishprabhu/Documents/drone-localisation/data/raw/satloc/part_1/UAV Data/traj01/269@268253@112.808563@28.295693.png,,/Users/harishprabhu/Documents/drone-localisation/outputs/satloc/figures/s4c_macrocontour_phog_chamfer/s4c4_vector_skeleton/s4c4c_luma_lsd_rerank/s4c4c_token0269_luma_lsd_panel_top5.png,False,True,True,True,True,False,True,True,False,False,False,False,False,True,hero_candidate,318.26019385787123
67,mixed_urban_natural,center,False,2215.68595243916,40.43887640446186,43,True,False,2215.68595243916,40.43887640446186,43,True,True,86.45369153537484,8.48284855639311,57,True,True,resize,resize,8.48284855639311,57,921,non_anchor_rescue,candidate_pool_failure,1448.174892187096,1029.637601726114,251.31967992334023,1587.0,3070.0,928.0,,,16.0,79.0,778.3179218027739,1734,2215.68595243916,1,/Users/harishprabhu/Documents/drone-localisation/data/raw/satloc/part_1/Satellite Data/sat_image_ref/01734.jpg,796,40.43887640446186,43,/Users/harishprabhu/Documents/drone-localisation/data/raw/satloc/part_1/Satellite Data/sat_image_ref/00796.jpg,798,86.45369153537484,1,/Users/harishprabhu/Documents/drone-localisation/data/raw/satloc/part_1/Satellite Data/sat_image_ref/00798.jpg,921,8.48284855639311,57,/Users/harishprabhu/Documents/drone-localisation/data/raw/satloc/part_1/Satellite Data/sat_image_ref/00921.jpg,/Users/harishprabhu/Documents/drone-localisation/data/raw/satloc/part_1/UAV Data/traj01/67@66062@112.816345@28.303746.png,/Users/harishprabhu/Documents/drone-localisation/data/raw/satloc/part_1/UAV Data/traj01/67@66062@112.816345@28.303746.png,,,False,False,True,True,True,False,True,True,False,False,False,False,False,True,hero_candidate,312.87928786090174
434,forest_canopy,center,False,560.165531747896,41.65911799393961,11,True,False,560.165531747896,41.65911799393961,11,True,True,181.1457398956004,8.984021297953621,35,True,True,resize,resize,8.984021297953621,35,6684,non_anchor_rescue,weak_pool_near_candidate,1868.2082212474063,239.6545761729081,75.55291917806296,8236.0,6802.0,6557.0,,,5.0,42.0,164.10165699484514,6074,560.165531747896,1,/Users/harishprabhu/Documents/drone-localisation/data/raw/satloc/part_1/Satellite Data/sat_image_ref/06074.jpg,6559,41.65911799393961,11,/Users/harishprabhu/Documents/drone-localisation/data/raw/satloc/part_1/Satellite Data/sat_image_ref/06559.jpg,6689,181.1457398956004,1,/Users/harishprabhu/Documents/drone-localisation/data/raw/satloc/part_1/Satellite Data/sat_image_ref/06689.jpg,6684,8.984021297953621,35,/Users/harishprabhu/Documents/drone-localisation/data/raw/satloc/part_1/Satellite Data/sat_image_ref/06684.jpg,/Users/harishprabhu/Documents/drone-localisation/data/raw/satloc/part_1/UAV Data/traj01/434@142134@112.820985@28.289289.png,/Users/harishprabhu/Documents/drone-localisation/data/raw/satloc/part_1/UAV Data/traj01/434@142134@112.820985@28.289289.png,,,False,False,True,True,True,False,True,True,False,False,False,False,False,True,hero_candidate,312.7539946755116
129,mixed_urban_natural,center,True,287.7497958179088,16.66491174479303,86,True,True,287.7497958179088,16.66491174479303,86,True,True,1109.3388470060872,19.137543730127,35,True,False,,center,16.66491174479303,86,530,anchor_success,selection_failure_correct_in_pool,211.91783012332223,310.61293114300105,16.66488872626882,1034.0,1286.0,530.0,,,5.0,58.0,293.9480424167322,1285,287.7497958179088,1,/Users/harishprabhu/Documents/drone-localisation/data/raw/satloc/part_1/Satellite Data/sat_image_ref/01285.jpg,530,16.66491174479303,86,/Users/harishprabhu/Documents/drone-localisation/data/raw/satloc/part_1/Satellite Data/sat_image_ref/00530.jpg,1311,1109.3388470060872,1,/Users/harishprabhu/Documents/drone-localisation/data/raw/satloc/part_1/Satellite Data/sat_image_ref/01311.jpg,405,19.137543730126996,35,/Users/harishprabhu/Documents/drone-localisation/data/raw/satloc/part_1/Satellite Data/sat_image_ref/00405.jpg,/Users/harishprabhu/Documents/drone-localisation/data/raw/satloc/part_1/UAV Data/traj01/129@128120@112.810670@28.304878.png,/Users/harishprabhu/Documents/drone-localisation/data/raw/satloc/part_1/UAV Data/traj01/129@128120@112.810670@28.304878.png,,/Users/harishprabhu/Documents/drone-localisation/outputs/satloc/figures/s4c_macrocontour_phog_chamfer/s4c4_vector_skeleton/s4c4c_luma_lsd_rerank/s4c4c_token0129_luma_lsd_panel_top5.png,False,True,True,True,True,True,True,False,False,False,False,False,False,True,hero_candidate,242.83377206380175
276,mixed_urban_natural,center,True,667.3772732806058,2.081397906987045,47,True,True,667.3772732806058,2.081397906987045,47,True,False,96.71472521738058,76.26734889160986,36,True,False,,center,2.081397906987045,47,4399,anchor_success,selection_failure_correct_in_pool,595.6549828821225,1607.5899516328188,2.0813950320417844,2532.0,7687.0,4399.0,,,16.0,49.0,1605.508556600777,2760,667.3772732806058,1,/Users/harishprabhu/Documents/drone-localisation/data/raw/satloc/part_1/Satellite Data/sat_image_ref/02760.jpg,4399,2.081397906987045,47,/Users/harishprabhu/Documents/drone-localisation/data/raw/satloc/part_1/Satellite Data/sat_image_ref/04399.jpg,4647,96.71472521738058,1,/Users/harishprabhu/Documents/drone-localisation/data/raw/satloc/part_1/Satellite Data/sat_image_ref/04647.jpg,4522,76.26734889160986,36,/Users/harishprabhu/Documents/drone-localisation/data/raw/satloc/part_1/Satellite Data/sat_image_ref/04522.jpg,/Users/harishprabhu/Documents/drone-localisation/data/raw/satloc/part_1/UAV Data/traj01/276@275259@112.808559@28.294982.png,/Users/harishprabhu/Documents/drone-localisation/data/raw/satloc/part_1/UAV Data/traj01/276@275259@112.808559@28.294982.png,,,False,False,True,True,True,True,False,False,False,False,False,False,False,True,hero_candidate,234.47965052325324
679,water_wetland,center,True,731.5058531000211,2.753539811239256,3,True,True,731.5058531000211,2.753539811239256,3,True,True,693.1185835595505,2.753539811239256,3,True,False,,center,2.753539811239256,3,4552,anchor_success,candidate_pool_failure,2266.73857584922,1753.1964400540949,286.6723308605701,8235.0,2629.0,3554.0,,,18.0,112.0,1466.5241091935247,5322,731.5058531000211,1,/Users/harishprabhu/Documents/drone-localisation/data/raw/satloc/part_1/Satellite Data/sat_image_ref/05322.jpg,4552,2.753539811239256,3,/Users/harishprabhu/Documents/drone-localisation/data/raw/satloc/part_1/Satellite Data/sat_image_ref/04552.jpg,3783,693.1185835595505,1,/Users/harishprabhu/Documents/drone-localisation/data/raw/satloc/part_1/Satellite Data/sat_image_ref/03783.jpg,4552,2.753539811239256,3,/Users/harishprabhu/Documents/drone-localisation/data/raw/satloc/part_1/Satellite Data/sat_image_ref/04552.jpg,/Users/harishprabhu/Documents/drone-localisation/data/raw/satloc/part_1/UAV Data/traj01/679@96090@112.818534@28.294700.png,/Users/harishprabhu/Documents/drone-localisation/data/raw/satloc/part_1/UAV Data/traj01/679@96090@112.818534@28.294700.png,,,False,False,True,True,True,True,True,False,False,False,False,False,False,True,hero_candidate,234.31161504719017
546,urban,center,True,4.3442977682233685,4.3442977682233685,1,True,True,4.3442977682233685,4.3442977682233685,1,True,True,4.3442977682233685,4.3442977682233685,1,True,False,,center,4.3442977682233685,1,3066,anchor_success,selection_failure_correct_in_pool,170.55953629253642,205.4692727167489,4.344291767632046,3071.0,3072.0,3066.0,,,12.0,120.0,201.12498094911683,3066,4.3442977682233685,1,/Users/harishprabhu/Documents/drone-localisation/data/raw/satloc/part_1/Satellite Data/sat_image_ref/03066.jpg,3066,4.3442977682233685,1,/Users/harishprabhu/Documents/drone-localisation/data/raw/satloc/part_1/Satellite Data/sat_image_ref/03066.jpg,3066,4.3442977682233685,1,/Users/harishprabhu/Documents/drone-localisation/data/raw/satloc/part_1/Satellite Data/sat_image_ref/03066.jpg,3066,4.3442977682233685,1,/Users/harishprabhu/Documents/drone-localisation/data/raw/satloc/part_1/Satellite Data/sat_image_ref/03066.jpg,/Users/harishprabhu/Documents/drone-localisation/data/raw/satloc/part_1/UAV Data/traj01/546@254239@112.823588@28.298467.png,/Users/harishprabhu/Documents/drone-localisation/data/raw/satloc/part_1/UAV Data/traj01/546@254239@112.823588@28.298467.png,,,False,False,True,True,True,True,True,False,False,False,False,False,False,True,hero_candidate,233.91392555794417
450,forest_canopy,center,True,359.85586243593605,4.729224158810898,36,True,True,359.85586243593605,4.729224158810898,36,True,True,4.729224158810898,4.729224158810898,1,True,False,,center,4.729224158810898,36,6689,anchor_success,candidate_pool_failure,352.3369422017206,1234.3774936461573,352.3369422017206,6804.0,7973.0,6804.0,,,15.0,57.0,882.0405514444367,7942,359.85586243593605,1,/Users/harishprabhu/Documents/drone-localisation/data/raw/satloc/part_1/Satellite Data/sat_image_ref/07942.jpg,6689,4.729224158810898,36,/Users/harishprabhu/Documents/drone-localisation/data/raw/satloc/part_1/Satellite Data/sat_image_ref/06689.jpg,6689,4.729224158810898,1,/Users/harishprabhu/Documents/drone-localisation/data/raw/satloc/part_1/Satellite Data/sat_image_ref/06689.jpg,6689,4.729224158810898,1,/Users/harishprabhu/Documents/drone-localisation/data/raw/satloc/part_1/Satellite Data/sat_image_ref/06689.jpg,/Users/harishprabhu/Documents/drone-localisation/data/raw/satloc/part_1/UAV Data/traj01/450@158149@112.822853@28.289306.png,/Users/harishprabhu/Documents/drone-localisation/data/raw/satloc/part_1/UAV Data/traj01/450@158149@112.822853@28.289306.png,,,False,False,True,True,True,True,True,False,False,False,False,False,False,True,hero_candidate,233.81769396029728
662,water_wetland,center,True,841.1433256289968,4.813689525890805,26,True,True,841.1433256289968,4.813689525890805,26,True,True,859.1281339403462,4.813689525890805,5,True,False,,center,4.813689525890805,26,3802,anchor_success,candidate_pool_failure,1819.3299381571749,381.16211205263295,250.4481330448639,3125.0,3666.0,3048.0,381.16211205263295,0.0,32.0,111.0,130.71397900776904,2281,841.1433256289968,1,/Users/harishprabhu/Documents/drone-localisation/data/raw/satloc/part_1/Satellite Data/sat_image_ref/02281.jpg,3802,4.813689525890805,26,/Users/harishprabhu/Documents/drone-localisation/data/raw/satloc/part_1/Satellite Data/sat_image_ref/03802.jpg,2156,859.1281339403462,1,/Users/harishprabhu/Documents/drone-localisation/data/raw/satloc/part_1/Satellite Data/sat_image_ref/02156.jpg,3802,4.813689525890805,5,/Users/harishprabhu/Documents/drone-localisation/data/raw/satloc/part_1/Satellite Data/sat_image_ref/03802.jpg,/Users/harishprabhu/Documents/drone-localisation/data/raw/satloc/part_1/UAV Data/traj01/662@79074@112.818508@28.296555.png,/Users/harishprabhu/Documents/drone-localisation/data/raw/satloc/part_1/UAV Data/traj01/662@79074@112.818508@28.296555.png,,,False,False,True,True,True,True,True,False,False,False,False,False,False,True,hero_candidate,233.7965776185273
503,forest_canopy,center,True,31.25350202423707,4.883082042178407,3,True,True,31.25350202423707,4.883082042178407,3,True,True,644.7284013728532,31.25350202423707,23,True,False,,center,4.883082042178407,3,4816,anchor_success,candidate_pool_failure,1816.1017078345512,528.3862445495192,528.3862445495192,8360.0,6449.0,6449.0,,,27.0,100.0,0.0,4817,31.25350202423707,1,/Users/harishprabhu/Documents/drone-localisation/data/raw/satloc/part_1/Satellite Data/sat_image_ref/04817.jpg,4816,4.883082042178407,3,/Users/harishprabhu/Documents/drone-localisation/data/raw/satloc/part_1/Satellite Data/sat_image_ref/04816.jpg,6302,644.7284013728532,1,/Users/harishprabhu/Documents/drone-localisation/data/raw/satloc/part_1/Satellite Data/sat_image_ref/06302.jpg,4817,31.25350202423707,23,/Users/harishprabhu/Documents/drone-localisation/data/raw/satloc/part_1/Satellite Data/sat_image_ref/04817.jpg,/Users/harishprabhu/Documents/drone-localisation/data/raw/satloc/part_1/UAV Data/traj01/503@211199@112.823586@28.294028.png,/Users/harishprabhu/Documents/drone-localisation/data/raw/satloc/part_1/UAV Data/traj01/503@211199@112.823586@28.294028.png,,,False,False,True,True,True,True,True,False,False,False,False,False,False,True,hero_candidate,233.7792294894554
694,water_wetland,center,True,5.716258163650636,5.716258163650636,1,True,True,5.716258163650636,5.716258163650636,1,True,True,40.63376441962591,5.716258163650636,2,True,False,,center,5.716258163650636,1,5177,anchor_success,selection_failure_correct_in_pool,725.4185466862718,1553.8583659376886,29.20291559367931,2672.0,1891.0,5302.0,,,23.0,91.0,1524.6554503440093,5177,5.716258163650636,1,/Users/harishprabhu/Documents/drone-localisation/data/raw/satloc/part_1/Satellite Data/sat_image_ref/05177.jpg,5177,5.716258163650636,1,/Users/harishprabhu/Documents/drone-localisation/data/raw/satloc/part_1/Satellite Data/sat_image_ref/05177.jpg,5052,40.63376441962591,1,/Users/harishprabhu/Documents/drone-localisation/data/raw/satloc/part_1/Satellite Data/sat_image_ref/05052.jpg,5177,5.716258163650636,2,/Users/harishprabhu/Documents/drone-localisation/data/raw/satloc/part_1/Satellite Data/sat_image_ref/05177.jpg,/Users/harishprabhu/Documents/drone-localisation/data/raw/satloc/part_1/UAV Data/traj01/694@111104@112.818556@28.293062.png,/Users/harishprabhu/Documents/drone-localisation/data/raw/satloc/part_1/UAV Data/traj01/694@111104@112.818556@28.293062.png,,,False,False,True,True,True,True,True,False,False,False,False,False,False,True,hero_candidate,233.57093545908734
50,mixed_urban_natural,center,True,5.751441947321595,5.751441947321595,1,True,True,5.751441947321595,5.751441947321595,1,True,True,51.48250020558528,5.751441947321595,24,True,False,,center,5.751441947321595,1,1671,anchor_success,candidate_pool_failure,1960.460294517748,706.5548399831097,315.7433073230828,1602.0,1941.0,2179.0,,,31.0,120.0,390.8115326600269,1671,5.751441947321595,1,/Users/harishprabhu/Documents/drone-localisation/data/raw/satloc/part_1/Satellite Data/sat_image_ref/01671.jpg,1671,5.751441947321595,1,/Users/harishprabhu/Documents/drone-localisation/data/raw/satloc/part_1/Satellite Data/sat_image_ref/01671.jpg,1797,51.48250020558528,1,/Users/harishprabhu/Documents/drone-localisation/data/raw/satloc/part_1/Satellite Data/sat_image_ref/01797.jpg,1671,5.751441947321595,24,/Users/harishprabhu/Documents/drone-localisation/data/raw/satloc/part_1/Satellite Data/sat_image_ref/01671.jpg,/Users/harishprabhu/Documents/drone-localisation/data/raw/satloc/part_1/UAV Data/traj01/50@49046@112.816363@28.301883.png,/Users/harishprabhu/Documents/drone-localisation/data/raw/satloc/part_1/UAV Data/traj01/50@49046@112.816363@28.301883.png,,,False,False,True,True,True,True,True,False,False,False,False,False,False,True,hero_candidate,233.5621395131696
564,urban,center,True,38.75686511626368,7.008818015506182,34,True,True,38.75686511626368,7.008818015506182,34,True,True,98.63131596855754,7.008818015506182,71,True,False,,center,7.008818015506182,34,2816,anchor_success,weak_pool_near_candidate,1606.1345610612675,588.5735803701591,78.62824428411253,3362.0,2958.0,3067.0,588.5735803701591,0.0,40.0,120.0,509.9453360860466,2941,38.75686511626368,1,/Users/harishprabhu/Documents/drone-localisation/data/raw/satloc/part_1/Satellite Data/sat_image_ref/02941.jpg,2816,7.008818015506182,34,/Users/harishprabhu/Documents/drone-localisation/data/raw/satloc/part_1/Satellite Data/sat_image_ref/02816.jpg,2819,98.63131596855754,1,/Users/harishprabhu/Documents/drone-localisation/data/raw/satloc/part_1/Satellite Data/sat_image_ref/02819.jpg,2816,7.008818015506182,71,/Users/harishprabhu/Documents/drone-localisation/data/raw/satloc/part_1/Satellite Data/sat_image_ref/02816.jpg,/Users/harishprabhu/Documents/drone-localisation/data/raw/satloc/part_1/UAV Data/traj01/564@272256@112.823610@28.299110.png,/Users/harishprabhu/Documents/drone-localisation/data/raw/satloc/part_1/UAV Data/traj01/564@272256@112.823610@28.299110.png,,,False,False,True,True,True,True,True,False,False,False,False,False,False,True,hero_candidate,233.24779549612344
494,forest_canopy,center,True,395.5567708903884,7.587440325083261,22,True,True,395.5567708903884,7.587440325083261,22,True,True,390.3357775441472,7.587440325083261,21,True,False,,center,7.587440325083261,22,5191,anchor_success,lsd_destroyed_phog_success,28.82899963966286,2031.4437514184715,28.82899963966286,5316.0,5508.0,5316.0,,,9.0,94.0,2002.6147517788088,4930,395.5567708903884,1,/Users/harishprabhu/Documents/drone-localisation/data/raw/satloc/part_1/Satellite Data/sat_image_ref/04930.jpg,5191,7.587440325083261,22,/Users/harishprabhu/Documents/drone-localisation/data/raw/satloc/part_1/Satellite Data/sat_image_ref/05191.jpg,5055,390.3357775441472,1,/Users/harishprabhu/Documents/drone-localisation/data/raw/satloc/part_1/Satellite Data/sat_image_ref/05055.jpg,5191,7.587440325083261,21,/Users/harishprabhu/Documents/drone-localisation/data/raw/satloc/part_1/Satellite Data/sat_image_ref/05191.jpg,/Users/harishprabhu/Documents/drone-localisation/data/raw/satloc/part_1/UAV Data/traj01/494@202190@112.823589@28.293056.png,/Users/harishprabhu/Documents/drone-localisation/data/raw/satloc/part_1/UAV Data/traj01/494@202190@112.823589@28.293056.png,,,False,False,True,True,True,True,True,False,False,False,False,False,False,True,hero_candidate,233.1031399187292
474,forest_canopy,center,True,74.45207841533234,8.012284351203501,8,True,True,74.45207841533234,8.012284351203501,8,True,True,41.80199554552004,8.012284351203501,18,True,False,,center,8.012284351203501,8,6066,anchor_success,candidate_pool_failure,2439.226688264143,727.4789473424308,181.47233991919367,2876.0,4053.0,6693.0,,,37.0,120.0,546.0066074232371,5943,74.45207841533234,1,/Users/harishprabhu/Documents/drone-localisation/data/raw/satloc/part_1/Satellite Data/sat_image_ref/05943.jpg,6066,8.012284351203501,8,/Users/harishprabhu/Documents/drone-localisation/data/raw/satloc/part_1/Satellite Data/sat_image_ref/06066.jpg,6065,41.80199554552004,1,/Users/harishprabhu/Documents/drone-localisation/data/raw/satloc/part_1/Satellite Data/sat_image_ref/06065.jpg,6066,8.012284351203501,18,/Users/harishprabhu/Documents/drone-localisation/data/raw/satloc/part_1/Satellite Data/sat_image_ref/06066.jpg,/Users/harishprabhu/Documents/drone-localisation/data/raw/satloc/part_1/UAV Data/traj01/474@182171@112.823615@28.290875.png,/Users/harishprabhu/Documents/drone-localisation/data/raw/satloc/part_1/UAV Data/traj01/474@182171@112.823615@28.290875.png,,,False,False,True,True,True,True,True,False,False,False,False,False,False,True,hero_candidate,232.99692891219914
405,forest_canopy,center,True,2238.987302091381,9.013451704379763,8,True,True,2238.987302091381,9.013451704379763,8,True,True,1324.5190967388728,9.013451704379763,79,True,False,,center,9.013451704379763,8,6674,anchor_success,candidate_pool_failure,1638.7561701088057,2011.0637802481665,119.20360563108468,6846.0,7856.0,6927.0,,,36.0,92.0,1891.8601746170816,508,2238.987302091381,1,/Users/harishprabhu/Documents/drone-localisation/data/raw/satloc/part_1/Satellite Data/sat_image_ref/00508.jpg,6674,9.013451704379763,8,/Users/harishprabhu/Documents/drone-localisation/data/raw/satloc/part_1/Satellite Data/sat_image_ref/06674.jpg,8138,1324.5190967388728,1,/Users/harishprabhu/Documents/drone-localisation/data/raw/satloc/part_1/Satellite Data/sat_image_ref/08138.jpg,6674,9.013451704379763,79,/Users/harishprabhu/Documents/drone-localisation/data/raw/satloc/part_1/Satellite Data/sat_image_ref/06674.jpg,/Users/harishprabhu/Documents/drone-localisation/data/raw/satloc/part_1/UAV Data/traj01/405@113106@112.817510@28.289267.png,/Users/harishprabhu/Documents/drone-localisation/data/raw/satloc/part_1/UAV Data/traj01/405@113106@112.817510@28.289267.png,,,False,False,True,True,True,True,True,False,False,False,False,False,False,True,hero_candidate,232.74663707390505
300,mixed_urban_natural,center,True,855.2473613428875,9.035155176652056,27,True,True,855.2473613428875,9.035155176652056,27,True,True,861.9546212816763,9.035155176652056,50,True,False,,center,9.035155176652056,27,5399,anchor_success,candidate_pool_failure,2020.897433535386,2020.897433535386,366.6980566895445,6831.0,6831.0,5764.0,2020.897433535386,20.0,38.0,103.0,1654.1993768458417,4875,855.2473613428875,1,/Users/harishprabhu/Documents/drone-localisation/data/raw/satloc/part_1/Satellite Data/sat_image_ref/04875.jpg,5399,9.035155176652056,27,/Users/harishprabhu/Documents/drone-localisation/data/raw/satloc/part_1/Satellite Data/sat_image_ref/05399.jpg,4750,861.9546212816763,1,/Users/harishprabhu/Documents/drone-localisation/data/raw/satloc/part_1/Satellite Data/sat_image_ref/04750.jpg,5399,9.035155176652056,50,/Users/harishprabhu/Documents/drone-localisation/data/raw/satloc/part_1/Satellite Data/sat_image_ref/05399.jpg,/Users/harishprabhu/Documents/drone-localisation/data/raw/satloc/part_1/UAV Data/traj01/300@8007@112.808617@28.292415.png,/Users/harishprabhu/Documents/drone-localisation/data/raw/satloc/part_1/UAV Data/traj01/300@8007@112.808617@28.292415.png,,,False,False,True,True,True,True,True,False,False,False,False,False,False,True,hero_candidate,232.74121120583698
58,mixed_urban_natural,center,True,9.81053083384826,9.81053083384826,1,True,True,9.81053083384826,9.81053083384826,1,True,True,39.62465510793018,9.81053083384826,12,True,False,,center,9.81053083384826,1,1296,anchor_success,candidate_pool_failure,1516.572667479234,2345.18383541135,118.81239870240591,1964.0,1363.0,1174.0,,,34.0,120.0,2226.371436708944,1296,9.81053083384826,1,/Users/harishprabhu/Documents/drone-localisation/data/raw/satloc/part_1/Satellite Data/sat_image_ref/01296.jpg,1296,9.81053083384826,1,/Users/harishprabhu/Documents/drone-localisation/data/raw/satloc/part_1/Satellite Data/sat_image_ref/01296.jpg,1420,39.62465510793018,1,/Users/harishprabhu/Documents/drone-localisation/data/raw/satloc/part_1/Satellite Data/sat_image_ref/01420.jpg,1296,9.81053083384826,12,/Users/harishprabhu/Documents/drone-localisation/data/raw/satloc/part_1/Satellite Data/sat_image_ref/01296.jpg,/Users/harishprabhu/Documents/drone-localisation/data/raw/satloc/part_1/UAV Data/traj01/58@57053@112.816352@28.302780.png,/Users/harishprabhu/Documents/drone-localisation/data/raw/satloc/part_1/UAV Data/traj01/58@57053@112.816352@28.302780.png,,,False,False,True,True,True,True,True,False,False,False,False,False,False,True,hero_candidate,232.54736729153794
781,water_wetland,center,True,766.7476271238492,10.28323323374064,36,True,True,766.7476271238492,10.28323323374064,36,True,False,766.7476271238492,47.196990124443424,36,True,False,,center,10.28323323374064,36,4657,anchor_success,candidate_pool_failure,1172.9196152970314,624.5819022960344,265.4349903834407,3001.0,3641.0,4275.0,,,9.0,44.0,359.1469119125937,6424,766.7476271238492,1,/Users/harishprabhu/Documents/drone-localisation/data/raw/satloc/part_1/Satellite Data/sat_image_ref/06424.jpg,4657,10.28323323374064,36,/Users/harishprabhu/Documents/drone-localisation/data/raw/satloc/part_1/Satellite Data/sat_image_ref/04657.jpg,6424,766.7476271238492,1,/Users/harishprabhu/Documents/drone-localisation/data/raw/satloc/part_1/Satellite Data/sat_image_ref/06424.jpg,4783,47.196990124443424,36,/Users/harishprabhu/Documents/drone-localisation/data/raw/satloc/part_1/Satellite Data/sat_image_ref/04783.jpg,/Users/harishprabhu/Documents/drone-localisation/data/raw/satloc/part_1/UAV Data/traj01/781@198187@112.811376@28.294287.png,/Users/harishprabhu/Documents/drone-localisation/data/raw/satloc/part_1/UAV Data/traj01/781@198187@112.811376@28.294287.png,,,False,False,True,True,True,True,False,False,False,False,False,False,False,True,hero_candidate,232.42919169156485
74,mixed_urban_natural,center,True,2691.957903339808,10.671731277176905,17,True,True,2691.957903339808,10.671731277176905,17,True,True,28.92643224793172,10.671731277176905,94,True,False,,center,10.671731277176905,17,671,anchor_success,candidate_pool_failure,1542.2541621295356,927.1417155095544,166.4748832889475,1839.0,3188.0,1173.0,,,31.0,120.0,760.6668322206069,3744,2691.957903339808,1,/Users/harishprabhu/Documents/drone-localisation/data/raw/satloc/part_1/Satellite Data/sat_image_ref/03744.jpg,671,10.671731277176905,17,/Users/harishprabhu/Documents/drone-localisation/data/raw/satloc/part_1/Satellite Data/sat_image_ref/00671.jpg,670,28.92643224793172,1,/Users/harishprabhu/Documents/drone-localisation/data/raw/satloc/part_1/Satellite Data/sat_image_ref/00670.jpg,671,10.671731277176905,94,/Users/harishprabhu/Documents/drone-localisation/data/raw/satloc/part_1/Satellite Data/sat_image_ref/00671.jpg,/Users/harishprabhu/Documents/drone-localisation/data/raw/satloc/part_1/UAV Data/traj01/74@73068@112.816343@28.304490.png,/Users/harishprabhu/Documents/drone-localisation/data/raw/satloc/part_1/UAV Data/traj01/74@73068@112.816343@28.304490.png,,,False,False,True,True,True,True,True,False,False,False,False,False,False,True,hero_candidate,232.33206718070576
591,urban,center,True,1886.5831535848229,23.60387429460065,14,True,True,1886.5831535848229,23.60387429460065,14,True,True,337.8546415845995,11.35811203042754,78,True,False,,resize,11.35811203042754,78,2938,anchor_success,candidate_pool_failure,505.1976200807544,2462.6491957635576,293.2170619555476,4556.0,7126.0,3556.0,505.1976200807544,-10.0,13.0,120.0,2169.43213380801,2867,1886.5831535848229,1,/Users/harishprabhu/Documents/drone-localisation/data/raw/satloc/part_1/Satellite Data/sat_image_ref/02867.jpg,3063,23.603874294600654,14,/Users/harishprabhu/Documents/drone-localisation/data/raw/satloc/part_1/Satellite Data/sat_image_ref/03063.jpg,4188,337.8546415845995,1,/Users/harishprabhu/Documents/drone-localisation/data/raw/satloc/part_1/Satellite Data/sat_image_ref/04188.jpg,2938,11.35811203042754,78,/Users/harishprabhu/Documents/drone-localisation/data/raw/satloc/part_1/Satellite Data/sat_image_ref/02938.jpg,/Users/harishprabhu/Documents/drone-localisation/data/raw/satloc/part_1/UAV Data/traj01/591@8007@112.822469@28.298664.png,/Users/harishprabhu/Documents/drone-localisation/data/raw/satloc/part_1/UAV Data/traj01/591@8007@112.822469@28.298664.png,,,False,False,True,True,True,True,True,False,False,False,False,False,False,True,hero_candidate,232.16047199239313
833,water_wetland,center,True,103.6002438029853,11.538933105325755,3,True,True,103.6002438029853,11.538933105325755,3,True,True,71.99954882126265,11.538933105325755,19,True,False,,center,11.538933105325755,3,2532,anchor_success,candidate_pool_failure,2930.854928469407,2930.854928469407,240.26522400074177,7232.0,7232.0,3152.0,,,27.0,90.0,2690.589704468665,2157,103.6002438029853,1,/Users/harishprabhu/Documents/drone-localisation/data/raw/satloc/part_1/Satellite Data/sat_image_ref/02157.jpg,2532,11.538933105325755,3,/Users/harishprabhu/Documents/drone-localisation/data/raw/satloc/part_1/Satellite Data/sat_image_ref/02532.jpg,2281,71.99954882126265,1,/Users/harishprabhu/Documents/drone-localisation/data/raw/satloc/part_1/Satellite Data/sat_image_ref/02281.jpg,2532,11.538933105325755,19,/Users/harishprabhu/Documents/drone-localisation/data/raw/satloc/part_1/Satellite Data/sat_image_ref/02532.jpg,/Users/harishprabhu/Documents/drone-localisation/data/raw/satloc/part_1/UAV Data/traj01/833@250236@112.811307@28.299724.png,/Users/harishprabhu/Documents/drone-localisation/data/raw/satloc/part_1/UAV Data/traj01/833@250236@112.811307@28.299724.png,,,False,False,True,True,True,True,True,False,False,False,False,False,False,True,hero_candidate,232.11526672366855
808,water_wetland,center,True,300.279139104012,11.5835762904337,28,True,True,300.279139104012,11.5835762904337,28,True,True,1257.9247352522862,11.5835762904337,63,True,False,,center,11.5835762904337,28,3532,anchor_success,candidate_pool_failure,2826.261069676493,1903.717318533707,220.9834206336602,7357.0,8569.0,3027.0,,,33.0,120.0,1682.7338979000467,4412,300.279139104012,1,/Users/harishprabhu/Documents/drone-localisation/data/raw/satloc/part_1/Satellite Data/sat_image_ref/04412.jpg,3532,11.5835762904337,28,/Users/harishprabhu/Documents/drone-localisation/data/raw/satloc/part_1/Satellite Data/sat_image_ref/03532.jpg,5876,1257.9247352522862,1,/Users/harishprabhu/Documents/drone-localisation/data/raw/satloc/part_1/Satellite Data/sat_image_ref/05876.jpg,3532,11.5835762904337,63,/Users/harishprabhu/Documents/drone-localisation/data/raw/satloc/part_1/Satellite Data/sat_image_ref/03532.jpg,/Users/harishprabhu/Documents/drone-localisation/data/raw/satloc/part_1/UAV Data/traj01/808@225212@112.811329@28.297133.png,/Users/harishprabhu/Documents/drone-localisation/data/raw/satloc/part_1/UAV Data/traj01/808@225212@112.811329@28.297133.png,,,False,False,True,True,True,True,True,False,False,False,False,False,False,True,hero_candidate,232.10410592739157
710,water_wetland,center,True,70.90301924348391,12.68187006271626,13,True,True,70.90301924348391,12.68187006271626,13,True,True,70.90301924348391,24.037133967801445,10,True,False,,center,12.68187006271626,13,5550,anchor_success,selection_failure_correct_in_pool,2253.846134570804,960.8947705923636,24.03710076634506,8236.0,3572.0,5675.0,,,12.0,50.0,936.8576698260184,5801,70.90301924348391,1,/Users/harishprabhu/Documents/drone-localisation/data/raw/satloc/part_1/Satellite Data/sat_image_ref/05801.jpg,5550,12.68187006271626,13,/Users/harishprabhu/Documents/drone-localisation/data/raw/satloc/part_1/Satellite Data/sat_image_ref/05550.jpg,5801,70.90301924348391,1,/Users/harishprabhu/Documents/drone-localisation/data/raw/satloc/part_1/Satellite Data/sat_image_ref/05801.jpg,5675,24.037133967801445,10,/Users/harishprabhu/Documents/drone-localisation/data/raw/satloc/part_1/Satellite Data/sat_image_ref/05675.jpg,/Users/harishprabhu/Documents/drone-localisation/data/raw/satloc/part_1/UAV Data/traj01/710@127119@112.817787@28.292068.png,/Users/harishprabhu/Documents/drone-localisation/data/raw/satloc/part_1/UAV Data/traj01/710@127119@112.817787@28.292068.png,,,False,False,True,True,True,True,True,False,False,False,False,False,False,True,hero_candidate,231.82953248432094
844,water_wetland,center,True,1619.499883247198,12.990233580035056,4,True,True,1619.499883247198,12.990233580035056,4,True,True,1619.499883247198,12.990233580035056,22,True,False,,center,12.990233580035056,4,2032,anchor_success,candidate_pool_failure,1286.916177562328,1725.9496355445897,430.9381636052902,1318.0,8164.0,662.0,,,30.0,120.0,1295.0114719392996,4947,1619.499883247198,1,/Users/harishprabhu/Documents/drone-localisation/data/raw/satloc/part_1/Satellite Data/sat_image_ref/04947.jpg,2032,12.990233580035056,4,/Users/harishprabhu/Documents/drone-localisation/data/raw/satloc/part_1/Satellite Data/sat_image_ref/02032.jpg,4947,1619.499883247198,1,/Users/harishprabhu/Documents/drone-localisation/data/raw/satloc/part_1/Satellite Data/sat_image_ref/04947.jpg,2032,12.990233580035056,22,/Users/harishprabhu/Documents/drone-localisation/data/raw/satloc/part_1/Satellite Data/sat_image_ref/02032.jpg,/Users/harishprabhu/Documents/drone-localisation/data/raw/satloc/part_1/UAV Data/traj01/844@261246@112.811298@28.300926.png,/Users/harishprabhu/Documents/drone-localisation/data/raw/satloc/part_1/UAV Data/traj01/844@261246@112.811298@28.300926.png,,,False,False,True,True,True,True,True,False,False,False,False,False,False,True,hero_candidate,231.75244160499125
914,mixed_urban_natural,center,True,77.20569170578992,13.056943666098263,93,True,True,77.20569170578992,13.056943666098263,93,True,True,97.79968140263624,25.380646130036816,13,True,False,,center,13.056943666098263,93,2417,anchor_success,selection_failure_correct_in_pool,77.2055850651526,665.394205514291,29.40073200289781,2544.0,778.0,2418.0,,,9.0,66.0,635.9934735113932,2544,77.20569170578992,1,/Users/harishprabhu/Documents/drone-localisation/data/raw/satloc/part_1/Satellite Data/sat_image_ref/02544.jpg,2417,13.056943666098263,93,/Users/harishprabhu/Documents/drone-localisation/data/raw/satloc/part_1/Satellite Data/sat_image_ref/02417.jpg,2420,97.79968140263624,1,/Users/harishprabhu/Documents/drone-localisation/data/raw/satloc/part_1/Satellite Data/sat_image_ref/02420.jpg,2292,25.380646130036816,13,/Users/harishprabhu/Documents/drone-localisation/data/raw/satloc/part_1/Satellite Data/sat_image_ref/02292.jpg,/Users/harishprabhu/Documents/drone-localisation/data/raw/satloc/part_1/UAV Data/traj01/914@40037@112.815066@28.300118.png,/Users/harishprabhu/Documents/drone-localisation/data/raw/satloc/part_1/UAV Data/traj01/914@40037@112.815066@28.300118.png,,,False,False,True,True,True,True,True,False,False,False,False,False,False,True,hero_candidate,231.73576408347543
326,forest_canopy,center,True,46.79344521496926,14.226421925036822,3,True,True,46.79344521496926,14.226421925036822,3,True,False,972.4539489756536,45.29518410673904,22,True,False,,center,14.226421925036822,3,6524,anchor_success,candidate_pool_failure,1665.2554156950437,1658.4776770949609,150.93924362983591,659.0,658.0,7024.0,1658.4776770949609,0.0,26.0,82.0,1507.5384334651249,6649,46.79344521496926,1,/Users/harishprabhu/Documents/drone-localisation/data/raw/satloc/part_1/Satellite Data/sat_image_ref/06649.jpg,6524,14.226421925036822,3,/Users/harishprabhu/Documents/drone-localisation/data/raw/satloc/part_1/Satellite Data/sat_image_ref/06524.jpg,4750,972.4539489756536,1,/Users/harishprabhu/Documents/drone-localisation/data/raw/satloc/part_1/Satellite Data/sat_image_ref/04750.jpg,6523,45.29518410673904,22,/Users/harishprabhu/Documents/drone-localisation/data/raw/satloc/part_1/Satellite Data/sat_image_ref/06523.jpg,/Users/harishprabhu/Documents/drone-localisation/data/raw/satloc/part_1/UAV Data/traj01/326@34032@112.808663@28.289758.png,/Users/harishprabhu/Documents/drone-localisation/data/raw/satloc/part_1/UAV Data/traj01/326@34032@112.808663@28.289758.png,,,False,False,True,True,True,True,False,False,False,False,False,False,False,True,hero_candidate,231.4433945187408
768,water_wetland,center,True,29.60649741526517,14.814926479966868,4,True,True,29.60649741526517,14.814926479966868,4,True,True,29.60649741526517,14.814926479966868,4,True,False,,center,14.814926479966868,4,5158,anchor_success,candidate_pool_failure,1303.295146628829,152.3012470422227,141.42573612605077,530.0,5162.0,5404.0,,,37.0,120.0,10.875510916171947,5283,29.60649741526517,1,/Users/harishprabhu/Documents/drone-localisation/data/raw/satloc/part_1/Satellite Data/sat_image_ref/05283.jpg,5158,14.814926479966868,4,/Users/harishprabhu/Documents/drone-localisation/data/raw/satloc/part_1/Satellite Data/sat_image_ref/05158.jpg,5283,29.60649741526517,1,/Users/harishprabhu/Documents/drone-localisation/data/raw/satloc/part_1/Satellite Data/sat_image_ref/05283.jpg,5158,14.814926479966868,4,/Users/harishprabhu/Documents/drone-localisation/data/raw/satloc/part_1/Satellite Data/sat_image_ref/05158.jpg,/Users/harishprabhu/Documents/drone-localisation/data/raw/satloc/part_1/UAV Data/traj01/768@185174@112.811653@28.293041.png,/Users/harishprabhu/Documents/drone-localisation/data/raw/satloc/part_1/UAV Data/traj01/768@185174@112.811653@28.293041.png,,,False,False,True,True,True,True,True,False,False,False,False,False,False,True,hero_candidate,231.29626838000829
577,urban,center,True,1804.2580098593453,14.931511700847771,49,True,True,1804.2580098593453,14.931511700847771,49,True,True,1780.1278476017817,34.88290615572424,51,True,False,,center,14.931511700847771,49,2941,anchor_success,candidate_pool_failure,1949.416349465337,1949.416349465337,717.5719916346494,368.0,368.0,5077.0,1949.416349465337,0.0,23.0,120.0,1231.8443578306874,4616,1804.2580098593453,1,/Users/harishprabhu/Documents/drone-localisation/data/raw/satloc/part_1/Satellite Data/sat_image_ref/04616.jpg,2941,14.931511700847771,49,/Users/harishprabhu/Documents/drone-localisation/data/raw/satloc/part_1/Satellite Data/sat_image_ref/02941.jpg,4740,1780.1278476017817,1,/Users/harishprabhu/Documents/drone-localisation/data/raw/satloc/part_1/Satellite Data/sat_image_ref/04740.jpg,2942,34.88290615572424,51,/Users/harishprabhu/Documents/drone-localisation/data/raw/satloc/part_1/Satellite Data/sat_image_ref/02942.jpg,/Users/harishprabhu/Documents/drone-localisation/data/raw/satloc/part_1/UAV Data/traj01/577@285269@112.823580@28.298897.png,/Users/harishprabhu/Documents/drone-localisation/data/raw/satloc/part_1/UAV Data/traj01/577@285269@112.823580@28.298897.png,,,False,False,True,True,True,True,True,False,False,False,False,False,False,True,hero_candidate,231.26712207478806
1034,mixed_urban_natural,center,True,662.9538311678398,15.24728266222514,16,True,True,662.9538311678398,15.24728266222514,16,True,False,701.1561241877041,468.6251625142924,44,True,False,,center,15.24728266222514,16,3921,anchor_success,candidate_pool_failure,1589.5955997197332,623.8775845535448,623.8775845535448,2751.0,4812.0,4812.0,,,18.0,90.0,0.0,2530,662.9538311678398,1,/Users/harishprabhu/Documents/drone-localisation/data/raw/satloc/part_1/Satellite Data/sat_image_ref/02530.jpg,3921,15.24728266222514,16,/Users/harishprabhu/Documents/drone-localisation/data/raw/satloc/part_1/Satellite Data/sat_image_ref/03921.jpg,2156,701.1561241877041,1,/Users/harishprabhu/Documents/drone-localisation/data/raw/satloc/part_1/Satellite Data/sat_image_ref/02156.jpg,5544,468.6251625142924,44,/Users/harishprabhu/Documents/drone-localisation/data/raw/satloc/part_1/Satellite Data/sat_image_ref/05544.jpg,/Users/harishprabhu/Documents/drone-localisation/data/raw/satloc/part_1/UAV Data/traj01/1034@160151@112.816307@28.296352.png,/Users/harishprabhu/Documents/drone-localisation/data/raw/satloc/part_1/UAV Data/traj01/1034@160151@112.816307@28.296352.png,,,False,False,True,True,True,True,False,False,False,False,False,False,False,True,hero_candidate,231.1881793344437
79,mixed_urban_natural,center,True,31.74251537188141,16.464245251750977,5,True,True,31.74251537188141,16.464245251750977,5,True,True,98.95692640638008,16.464245251750977,66,True,False,,center,16.464245251750977,5,421,anchor_success,selection_failure_correct_in_pool,958.9556441295272,958.9556441295272,21.13219983838755,3064.0,3064.0,546.0,,,30.0,120.0,937.8234442911396,420,31.74251537188141,1,/Users/harishprabhu/Documents/drone-localisation/data/raw/satloc/part_1/Satellite Data/sat_image_ref/00420.jpg,421,16.464245251750977,5,/Users/harishprabhu/Documents/drone-localisation/data/raw/satloc/part_1/Satellite Data/sat_image_ref/00421.jpg,418,98.95692640638008,1,/Users/harishprabhu/Documents/drone-localisation/data/raw/satloc/part_1/Satellite Data/sat_image_ref/00418.jpg,421,16.464245251750977,66,/Users/harishprabhu/Documents/drone-localisation/data/raw/satloc/part_1/Satellite Data/sat_image_ref/00421.jpg,/Users/harishprabhu/Documents/drone-localisation/data/raw/satloc/part_1/UAV Data/traj01/79@78073@112.816345@28.304912.png,/Users/harishprabhu/Documents/drone-localisation/data/raw/satloc/part_1/UAV Data/traj01/79@78073@112.816345@28.304912.png,,,False,False,True,True,True,True,True,False,False,False,False,False,False,True,hero_candidate,230.88393868706225
573,urban,center,True,1076.3902453903747,16.47511138760155,64,True,True,1076.3902453903747,16.47511138760155,64,True,True,1969.4584580861776,20.44858864934173,55,True,False,,center,16.47511138760155,64,2941,anchor_success,candidate_pool_failure,2179.301483589029,2172.6080006027173,739.2537292126083,4380.0,4255.0,2920.0,2172.6080006027173,10.0,19.0,120.0,1433.354271390109,2972,1076.3902453903747,1,/Users/harishprabhu/Documents/drone-localisation/data/raw/satloc/part_1/Satellite Data/sat_image_ref/02972.jpg,2941,16.47511138760155,64,/Users/harishprabhu/Documents/drone-localisation/data/raw/satloc/part_1/Satellite Data/sat_image_ref/02941.jpg,6241,1969.4584580861776,1,/Users/harishprabhu/Documents/drone-localisation/data/raw/satloc/part_1/Satellite Data/sat_image_ref/06241.jpg,2816,20.44858864934173,55,/Users/harishprabhu/Documents/drone-localisation/data/raw/satloc/part_1/Satellite Data/sat_image_ref/02816.jpg,/Users/harishprabhu/Documents/drone-localisation/data/raw/satloc/part_1/UAV Data/traj01/573@281265@112.823608@28.298904.png,/Users/harishprabhu/Documents/drone-localisation/data/raw/satloc/part_1/UAV Data/traj01/573@281265@112.823608@28.298904.png,,,False,False,True,True,True,True,True,False,False,False,False,False,False,True,hero_candidate,230.8812221530996
421,forest_canopy,center,True,20.631033313254967,17.107215212804835,4,True,True,20.631033313254967,17.107215212804835,4,True,True,85.6778768403294,17.107215212804835,29,True,False,,center,17.107215212804835,4,6679,anchor_success,candidate_pool_failure,2143.358909314933,1227.4034631031634,509.89514955829424,2876.0,4275.0,6569.0,1227.4034631031634,20.0,0.0,30.0,717.5083135448692,6680,20.631033313254967,1,/Users/harishprabhu/Documents/drone-localisation/data/raw/satloc/part_1/Satellite Data/sat_image_ref/06680.jpg,6679,17.107215212804835,4,/Users/harishprabhu/Documents/drone-localisation/data/raw/satloc/part_1/Satellite Data/sat_image_ref/06679.jpg,6677,85.6778768403294,1,/Users/harishprabhu/Documents/drone-localisation/data/raw/satloc/part_1/Satellite Data/sat_image_ref/06677.jpg,6679,17.107215212804835,29,/Users/harishprabhu/Documents/drone-localisation/data/raw/satloc/part_1/Satellite Data/sat_image_ref/06679.jpg,/Users/harishprabhu/Documents/drone-localisation/data/raw/satloc/part_1/UAV Data/traj01/421@129121@112.819427@28.289281.png,/Users/harishprabhu/Documents/drone-localisation/data/raw/satloc/part_1/UAV Data/traj01/421@129121@112.819427@28.289281.png,,,False,False,True,True,True,True,True,False,False,False,False,False,False,True,hero_candidate,230.7231961967988
350,forest_canopy,center,True,1271.7570377540471,21.202992196536936,50,True,True,1271.7570377540471,21.202992196536936,50,True,True,754.5037924447171,21.202992196536936,37,True,False,,center,21.202992196536936,50,6780,anchor_success,candidate_pool_failure,2817.234996455406,1734.498125471012,348.4270576371318,8235.0,1256.0,6915.0,1734.498125471012,20.0,37.0,120.0,1386.07106783388,2156,1271.7570377540471,1,/Users/harishprabhu/Documents/drone-localisation/data/raw/satloc/part_1/Satellite Data/sat_image_ref/02156.jpg,6780,21.202992196536936,50,/Users/harishprabhu/Documents/drone-localisation/data/raw/satloc/part_1/Satellite Data/sat_image_ref/06780.jpg,4765,754.5037924447171,1,/Users/harishprabhu/Documents/drone-localisation/data/raw/satloc/part_1/Satellite Data/sat_image_ref/04765.jpg,6780,21.202992196536936,37,/Users/harishprabhu/Documents/drone-localisation/data/raw/satloc/part_1/Satellite Data/sat_image_ref/06780.jpg,/Users/harishprabhu/Documents/drone-localisation/data/raw/satloc/part_1/UAV Data/traj01/350@58054@112.810763@28.289216.png,/Users/harishprabhu/Documents/drone-localisation/data/raw/satloc/part_1/UAV Data/traj01/350@58054@112.810763@28.289216.png,,,False,False,True,True,True,True,True,False,False,False,False,False,False,True,hero_candidate,229.69925195086577
107,mixed_urban_natural,center,True,55.28957962955093,21.662760730319448,55,True,True,55.28957962955093,21.662760730319448,55,True,True,92.43990929439938,21.662760730319448,37,True,False,,center,21.662760730319448,55,412,anchor_success,selection_failure_correct_in_pool,1119.7144470258745,1119.7144470258745,23.320008386014507,1194.0,1194.0,537.0,,,10.0,63.0,1096.39443863986,662,55.28957962955093,1,/Users/harishprabhu/Documents/drone-localisation/data/raw/satloc/part_1/Satellite Data/sat_image_ref/00662.jpg,412,21.662760730319448,55,/Users/harishprabhu/Documents/drone-localisation/data/raw/satloc/part_1/Satellite Data/sat_image_ref/00412.jpg,540,92.43990929439938,1,/Users/harishprabhu/Documents/drone-localisation/data/raw/satloc/part_1/Satellite Data/sat_image_ref/00540.jpg,412,21.662760730319448,37,/Users/harishprabhu/Documents/drone-localisation/data/raw/satloc/part_1/Satellite Data/sat_image_ref/00412.jpg,/Users/harishprabhu/Documents/drone-localisation/data/raw/satloc/part_1/UAV Data/traj01/107@106100@112.813351@28.304899.png,/Users/harishprabhu/Documents/drone-localisation/data/raw/satloc/part_1/UAV Data/traj01/107@106100@112.813351@28.304899.png,,,False,False,True,True,True,True,True,False,False,False,False,False,False,True,hero_candidate,229.58430981742015
336,forest_canopy,center,True,648.9444399218615,24.535294061136803,48,True,True,648.9444399218615,24.535294061136803,48,True,True,59.215362442331845,24.535294061136803,88,True,False,,center,24.535294061136803,48,6651,anchor_success,candidate_pool_failure,2980.891696815693,1376.6047487872795,206.74293020304265,8235.0,1777.0,6395.0,1255.3700282901102,30.0,13.0,42.0,1169.861818584237,4765,648.9444399218615,1,/Users/harishprabhu/Documents/drone-localisation/data/raw/satloc/part_1/Satellite Data/sat_image_ref/04765.jpg,6651,24.535294061136803,48,/Users/harishprabhu/Documents/drone-localisation/data/raw/satloc/part_1/Satellite Data/sat_image_ref/06651.jpg,6777,59.215362442331845,1,/Users/harishprabhu/Documents/drone-localisation/data/raw/satloc/part_1/Satellite Data/sat_image_ref/06777.jpg,6651,24.535294061136803,88,/Users/harishprabhu/Documents/drone-localisation/data/raw/satloc/part_1/Satellite Data/sat_image_ref/06651.jpg,/Users/harishprabhu/Documents/drone-localisation/data/raw/satloc/part_1/UAV Data/traj01/336@44041@112.809076@28.289222.png,/Users/harishprabhu/Documents/drone-localisation/data/raw/satloc/part_1/UAV Data/traj01/336@44041@112.809076@28.289222.png,,,False,False,True,True,True,True,True,False,False,False,False,False,False,True,hero_candidate,228.8661764847158
366,forest_canopy,center,True,1242.136080621504,25.364286335895653,68,True,True,1242.136080621504,25.364286335895653,68,True,True,1242.136080621504,25.364286335895653,57,True,False,,center,25.364286335895653,68,6660,anchor_success,candidate_pool_failure,1704.4675685992272,1669.5464339740909,638.0462027798397,2500.0,8207.0,7644.0,1669.5464339740909,0.0,24.0,90.0,1031.5002311942512,2282,1242.136080621504,1,/Users/harishprabhu/Documents/drone-localisation/data/raw/satloc/part_1/Satellite Data/sat_image_ref/02282.jpg,6660,25.364286335895653,68,/Users/harishprabhu/Documents/drone-localisation/data/raw/satloc/part_1/Satellite Data/sat_image_ref/06660.jpg,2282,1242.136080621504,1,/Users/harishprabhu/Documents/drone-localisation/data/raw/satloc/part_1/Satellite Data/sat_image_ref/02282.jpg,6660,25.364286335895653,57,/Users/harishprabhu/Documents/drone-localisation/data/raw/satloc/part_1/Satellite Data/sat_image_ref/06660.jpg,/Users/harishprabhu/Documents/drone-localisation/data/raw/satloc/part_1/UAV Data/traj01/366@74069@112.812712@28.289223.png,/Users/harishprabhu/Documents/drone-localisation/data/raw/satloc/part_1/UAV Data/traj01/366@74069@112.812712@28.289223.png,,,False,False,True,True,True,True,True,False,False,False,False,False,False,True,hero_candidate,228.6589284160261
937,mixed_urban_natural,center,True,1088.0054044733677,26.15735031592081,13,True,True,1088.0054044733677,26.15735031592081,13,True,True,1033.6528355598152,26.15735031592081,20,True,False,,center,26.15735031592081,13,3418,anchor_success,weak_pool_near_candidate,849.8890174430359,792.6576573802224,94.7062768939703,3393.0,4812.0,3666.0,,,11.0,64.0,697.9513804862521,5195,1088.0054044733677,1,/Users/harishprabhu/Documents/drone-localisation/data/raw/satloc/part_1/Satellite Data/sat_image_ref/05195.jpg,3418,26.15735031592081,13,/Users/harishprabhu/Documents/drone-localisation/data/raw/satloc/part_1/Satellite Data/sat_image_ref/03418.jpg,4765,1033.6528355598152,1,/Users/harishprabhu/Documents/drone-localisation/data/raw/satloc/part_1/Satellite Data/sat_image_ref/04765.jpg,3418,26.15735031592081,20,/Users/harishprabhu/Documents/drone-localisation/data/raw/satloc/part_1/Satellite Data/sat_image_ref/03418.jpg,/Users/harishprabhu/Documents/drone-localisation/data/raw/satloc/part_1/UAV Data/traj01/937@63059@112.815111@28.297622.png,/Users/harishprabhu/Documents/drone-localisation/data/raw/satloc/part_1/UAV Data/traj01/937@63059@112.815111@28.297622.png,,,False,False,True,True,True,True,True,False,False,False,False,False,False,True,hero_candidate,228.4606624210198
288,mixed_urban_natural,center,True,69.8710249587073,27.86426477383707,49,True,True,69.8710249587073,27.86426477383707,49,True,False,850.1102012639434,44.42477166143525,56,True,False,,center,27.86426477383707,49,5024,anchor_success,candidate_pool_failure,2272.0638908026585,1651.9205477613184,296.5591011046969,7461.0,8313.0,5517.0,1504.1177453892094,10.0,5.0,39.0,1355.3614466566214,4901,69.8710249587073,1,/Users/harishprabhu/Documents/drone-localisation/data/raw/satloc/part_1/Satellite Data/sat_image_ref/04901.jpg,5024,27.86426477383707,49,/Users/harishprabhu/Documents/drone-localisation/data/raw/satloc/part_1/Satellite Data/sat_image_ref/05024.jpg,2159,850.1102012639434,1,/Users/harishprabhu/Documents/drone-localisation/data/raw/satloc/part_1/Satellite Data/sat_image_ref/02159.jpg,5025,44.42477166143525,56,/Users/harishprabhu/Documents/drone-localisation/data/raw/satloc/part_1/Satellite Data/sat_image_ref/05025.jpg,/Users/harishprabhu/Documents/drone-localisation/data/raw/satloc/part_1/UAV Data/traj01/288@287271@112.808574@28.293678.png,/Users/harishprabhu/Documents/drone-localisation/data/raw/satloc/part_1/UAV Data/traj01/288@287271@112.808574@28.293678.png,,,False,False,True,True,True,True,False,False,False,False,False,False,False,True,hero_candidate,228.03393380654074
952,mixed_urban_natural,center,True,980.8775569170464,33.536628002507975,55,True,True,980.8775569170464,33.536628002507975,55,True,False,1324.9877482303814,84.52188364826912,96,True,False,,center,33.536628002507975,55,3917,anchor_success,candidate_pool_failure,2627.96613800913,2661.5494341969884,259.88454778394475,8235.0,7987.0,3297.0,,,15.0,74.0,2401.664886413044,4765,980.8775569170464,1,/Users/harishprabhu/Documents/drone-localisation/data/raw/satloc/part_1/Satellite Data/sat_image_ref/04765.jpg,3917,33.536628002507975,55,/Users/harishprabhu/Documents/drone-localisation/data/raw/satloc/part_1/Satellite Data/sat_image_ref/03917.jpg,8554,1324.9877482303814,1,/Users/harishprabhu/Documents/drone-localisation/data/raw/satloc/part_1/Satellite Data/sat_image_ref/08554.jpg,4040,84.52188364826912,96,/Users/harishprabhu/Documents/drone-localisation/data/raw/satloc/part_1/Satellite Data/sat_image_ref/04040.jpg,/Users/harishprabhu/Documents/drone-localisation/data/raw/satloc/part_1/UAV Data/traj01/952@78073@112.815138@28.295982.png,/Users/harishprabhu/Documents/drone-localisation/data/raw/satloc/part_1/UAV Data/traj01/952@78073@112.815138@28.295982.png,,,False,False,True,True,True,True,False,False,False,False,False,False,False,True,hero_candidate,226.615842999373
820,water_wetland,center,True,674.8933108798733,34.59025817348051,55,True,True,674.8933108798733,34.59025817348051,55,True,False,423.2580535903359,73.41820082764384,67,True,False,,center,34.59025817348051,55,3156,anchor_success,candidate_pool_failure,2621.53188913288,784.3332202518379,313.0319402972384,7971.0,522.0,2773.0,,,4.0,44.0,471.3012799545995,898,674.8933108798733,1,/Users/harishprabhu/Documents/drone-localisation/data/raw/satloc/part_1/Satellite Data/sat_image_ref/00898.jpg,3156,34.59025817348051,55,/Users/harishprabhu/Documents/drone-localisation/data/raw/satloc/part_1/Satellite Data/sat_image_ref/03156.jpg,2645,423.2580535903359,1,/Users/harishprabhu/Documents/drone-localisation/data/raw/satloc/part_1/Satellite Data/sat_image_ref/02645.jpg,2905,73.41820082764384,67,/Users/harishprabhu/Documents/drone-localisation/data/raw/satloc/part_1/Satellite Data/sat_image_ref/02905.jpg,/Users/harishprabhu/Documents/drone-localisation/data/raw/satloc/part_1/UAV Data/traj01/820@237223@112.811307@28.298366.png,/Users/harishprabhu/Documents/drone-localisation/data/raw/satloc/part_1/UAV Data/traj01/820@237223@112.811307@28.298366.png,,,False,False,True,True,True,True,False,False,False,False,False,False,False,True,hero_candidate,226.35243545662988
117,mixed_urban_natural,center,True,457.30126374426686,38.47736056429648,57,True,True,457.30126374426686,38.47736056429648,57,True,False,943.1317058902492,86.70948651765833,66,True,False,,center,38.47736056429648,57,535,anchor_success,candidate_pool_failure,1386.2605545590088,411.9649409473276,411.9649409473276,3000.0,1652.0,1652.0,,,0.0,5.0,0.0,271,457.30126374426686,1,/Users/harishprabhu/Documents/drone-localisation/data/raw/satloc/part_1/Satellite Data/sat_image_ref/00271.jpg,535,38.47736056429648,57,/Users/harishprabhu/Documents/drone-localisation/data/raw/satloc/part_1/Satellite Data/sat_image_ref/00535.jpg,507,943.1317058902492,1,/Users/harishprabhu/Documents/drone-localisation/data/raw/satloc/part_1/Satellite Data/sat_image_ref/00507.jpg,661,86.70948651765833,66,/Users/harishprabhu/Documents/drone-localisation/data/raw/satloc/part_1/Satellite Data/sat_image_ref/00661.jpg,/Users/harishprabhu/Documents/drone-localisation/data/raw/satloc/part_1/UAV Data/traj01/117@116109@112.812141@28.304886.png,/Users/harishprabhu/Documents/drone-localisation/data/raw/satloc/part_1/UAV Data/traj01/117@116109@112.812141@28.304886.png,,,False,False,True,True,True,True,False,False,False,False,False,False,False,True,hero_candidate,225.38065985892587
406,forest_canopy,center,False,1250.6074869544495,48.19933008881753,100,True,False,1250.6074869544495,48.19933008881753,100,True,True,1397.716483981201,16.786589000886746,84,True,True,resize,resize,16.786589000886746,84,6674,non_anchor_rescue,,,,,,,,,,,,,4767,1250.6074869544495,1,/Users/harishprabhu/Documents/drone-localisation/data/raw/satloc/part_1/Satellite Data/sat_image_ref/04767.jpg,6550,48.19933008881753,100,/Users/harishprabhu/Documents/drone-localisation/data/raw/satloc/part_1/Satellite Data/sat_image_ref/06550.jpg,4887,1397.716483981201,1,/Users/harishprabhu/Documents/drone-localisation/data/raw/satloc/part_1/Satellite Data/sat_image_ref/04887.jpg,6674,16.786589000886746,84,/Users/harishprabhu/Documents/drone-localisation/data/raw/satloc/part_1/Satellite Data/sat_image_ref/06674.jpg,/Users/harishprabhu/Documents/drone-localisation/data/raw/satloc/part_1/UAV Data/traj01/406@114107@112.817632@28.289267.png,/Users/harishprabhu/Documents/drone-localisation/data/raw/satloc/part_1/UAV Data/traj01/406@114107@112.817632@28.289267.png,,,False,False,False,False,True,False,True,True,False,False,False,False,False,False,fov_resize_rescue,135.80335274977833
1021,mixed_urban_natural,center,False,1210.541199673015,91.98512936616729,78,True,False,1210.541199673015,91.98512936616729,78,True,True,219.21037041966943,20.47774707855957,97,True,True,resize,resize,20.47774707855957,97,4296,non_anchor_rescue,,,,,,,,,,,,,8064,1210.541199673015,1,/Users/harishprabhu/Documents/drone-localisation/data/raw/satloc/part_1/Satellite Data/sat_image_ref/08064.jpg,4045,91.98512936616729,78,/Users/harishprabhu/Documents/drone-localisation/data/raw/satloc/part_1/Satellite Data/sat_image_ref/04045.jpg,4302,219.21037041966943,1,/Users/harishprabhu/Documents/drone-localisation/data/raw/satloc/part_1/Satellite Data/sat_image_ref/04302.jpg,4296,20.47774707855957,97,/Users/harishprabhu/Documents/drone-localisation/data/raw/satloc/part_1/Satellite Data/sat_image_ref/04296.jpg,/Users/harishprabhu/Documents/drone-localisation/data/raw/satloc/part_1/UAV Data/traj01/1021@147138@112.816324@28.295146.png,/Users/harishprabhu/Documents/drone-localisation/data/raw/satloc/part_1/UAV Data/traj01/1021@147138@112.816324@28.295146.png,,,False,False,False,False,True,False,True,True,False,False,False,False,False,False,fov_resize_rescue,134.8805632303601
926,mixed_urban_natural,center,False,1365.8984041137794,72.14245697593952,43,True,False,1365.8984041137794,72.14245697593952,43,True,True,1365.8984041137794,25.513926308612504,70,True,True,resize,resize,25.513926308612504,70,2918,non_anchor_rescue,,,,,,,,,,,,,508,1365.8984041137794,1,/Users/harishprabhu/Documents/drone-localisation/data/raw/satloc/part_1/Satellite Data/sat_image_ref/00508.jpg,3044,72.14245697593952,43,/Users/harishprabhu/Documents/drone-localisation/data/raw/satloc/part_1/Satellite Data/sat_image_ref/03044.jpg,508,1365.8984041137794,1,/Users/harishprabhu/Documents/drone-localisation/data/raw/satloc/part_1/Satellite Data/sat_image_ref/00508.jpg,2918,25.513926308612504,70,/Users/harishprabhu/Documents/drone-localisation/data/raw/satloc/part_1/Satellite Data/sat_image_ref/02918.jpg,/Users/harishprabhu/Documents/drone-localisation/data/raw/satloc/part_1/UAV Data/traj01/926@52049@112.815091@28.298814.png,/Users/harishprabhu/Documents/drone-localisation/data/raw/satloc/part_1/UAV Data/traj01/926@52049@112.815091@28.298814.png,,,False,False,False,False,True,False,True,True,False,False,False,False,False,False,fov_resize_rescue,133.62151842284686
533,urban,center,False,1140.6304036031063,42.699755683837786,75,True,False,1140.6304036031063,42.699755683837786,75,True,True,91.89525073985054,26.187916486636286,99,True,True,resize,resize,26.187916486636286,99,3691,non_anchor_rescue,lsd_rescue,893.2910867525937,26.18788031439546,26.18788031439546,6206.0,3691.0,3691.0,,,26.0,120.0,0.0,4473,1140.6304036031063,1,/Users/harishprabhu/Documents/drone-localisation/data/raw/satloc/part_1/Satellite Data/sat_image_ref/04473.jpg,3692,42.699755683837786,75,/Users/harishprabhu/Documents/drone-localisation/data/raw/satloc/part_1/Satellite Data/sat_image_ref/03692.jpg,3818,91.89525073985054,1,/Users/harishprabhu/Documents/drone-localisation/data/raw/satloc/part_1/Satellite Data/sat_image_ref/03818.jpg,3691,26.187916486636286,99,/Users/harishprabhu/Documents/drone-localisation/data/raw/satloc/part_1/Satellite Data/sat_image_ref/03691.jpg,/Users/harishprabhu/Documents/drone-localisation/data/raw/satloc/part_1/UAV Data/traj01/533@241227@112.823559@28.297117.png,/Users/harishprabhu/Documents/drone-localisation/data/raw/satloc/part_1/UAV Data/traj01/533@241227@112.823559@28.297117.png,,,False,False,True,False,True,False,True,True,False,False,False,False,False,False,fov_resize_rescue,133.45302087834094
921,mixed_urban_natural,center,False,321.4155682471429,253.01822324779164,43,True,False,321.4155682471429,253.01822324779164,43,True,True,26.23155903338337,26.23155903338337,1,True,True,resize,resize,26.23155903338337,1,2668,non_anchor_rescue,,,,,,,,,,,,,3051,321.4155682471429,1,/Users/harishprabhu/Documents/drone-localisation/data/raw/satloc/part_1/Satellite Data/sat_image_ref/03051.jpg,3540,253.01822324779164,43,/Users/harishprabhu/Documents/drone-localisation/data/raw/satloc/part_1/Satellite Data/sat_image_ref/03540.jpg,2668,26.23155903338337,1,/Users/harishprabhu/Documents/drone-localisation/data/raw/satloc/part_1/Satellite Data/sat_image_ref/02668.jpg,2668,26.23155903338337,1,/Users/harishprabhu/Documents/drone-localisation/data/raw/satloc/part_1/Satellite Data/sat_image_ref/02668.jpg,/Users/harishprabhu/Documents/drone-localisation/data/raw/satloc/part_1/UAV Data/traj01/921@47044@112.815081@28.299358.png,/Users/harishprabhu/Documents/drone-localisation/data/raw/satloc/part_1/UAV Data/traj01/921@47044@112.815081@28.299358.png,,,False,False,False,False,True,False,True,True,False,False,False,False,False,False,fov_resize_rescue,133.44211024165415
931,mixed_urban_natural,center,False,55.34384599269117,55.34384599269117,1,True,False,55.34384599269117,55.34384599269117,1,True,True,60.834637715624304,28.314989894906063,9,True,True,resize,resize,28.314989894906063,9,3168,non_anchor_rescue,,,,,,,,,,,,,3293,55.34384599269117,1,/Users/harishprabhu/Documents/drone-localisation/data/raw/satloc/part_1/Satellite Data/sat_image_ref/03293.jpg,3293,55.34384599269117,1,/Users/harishprabhu/Documents/drone-localisation/data/raw/satloc/part_1/Satellite Data/sat_image_ref/03293.jpg,3169,60.834637715624304,1,/Users/harishprabhu/Documents/drone-localisation/data/raw/satloc/part_1/Satellite Data/sat_image_ref/03169.jpg,3168,28.314989894906063,9,/Users/harishprabhu/Documents/drone-localisation/data/raw/satloc/part_1/Satellite Data/sat_image_ref/03168.jpg,/Users/harishprabhu/Documents/drone-localisation/data/raw/satloc/part_1/UAV Data/traj01/931@57053@112.815100@28.298272.png,/Users/harishprabhu/Documents/drone-localisation/data/raw/satloc/part_1/UAV Data/traj01/931@57053@112.815100@28.298272.png,,,False,False,False,False,True,False,True,True,False,False,False,False,False,False,fov_resize_rescue,132.9212525262735
946,mixed_urban_natural,center,False,499.5150713353832,44.52616033269141,52,True,False,499.5150713353832,44.52616033269141,52,True,True,568.9618508355182,34.74706989910654,100,True,True,resize,resize,34.74706989910654,100,3668,non_anchor_rescue,stable_success,22.59965687530778,22.59965687530778,22.59965687530778,3793.0,3793.0,3793.0,,,14.0,80.0,0.0,5544,499.5150713353832,1,/Users/harishprabhu/Documents/drone-localisation/data/raw/satloc/part_1/Satellite Data/sat_image_ref/05544.jpg,3917,44.52616033269141,52,/Users/harishprabhu/Documents/drone-localisation/data/raw/satloc/part_1/Satellite Data/sat_image_ref/03917.jpg,5794,568.9618508355182,1,/Users/harishprabhu/Documents/drone-localisation/data/raw/satloc/part_1/Satellite Data/sat_image_ref/05794.jpg,3668,34.74706989910654,100,/Users/harishprabhu/Documents/drone-localisation/data/raw/satloc/part_1/Satellite Data/sat_image_ref/03668.jpg,/Users/harishprabhu/Documents/drone-localisation/data/raw/satloc/part_1/UAV Data/traj01/946@72068@112.815128@28.296635.png,/Users/harishprabhu/Documents/drone-localisation/data/raw/satloc/part_1/UAV Data/traj01/946@72068@112.815128@28.296635.png,,,False,False,True,False,True,False,True,True,False,False,False,False,False,False,fov_resize_rescue,131.31323252522336
656,water_wetland,center,False,822.2023932775569,70.98172079404027,35,True,False,822.2023932775569,70.98172079404027,35,True,True,806.5218557195114,36.28315371928027,37,True,True,resize,resize,36.28315371928027,37,3677,non_anchor_rescue,,,,,,,,,,,,,2156,822.2023932775569,1,/Users/harishprabhu/Documents/drone-localisation/data/raw/satloc/part_1/Satellite Data/sat_image_ref/02156.jpg,3802,70.98172079404027,35,/Users/harishprabhu/Documents/drone-localisation/data/raw/satloc/part_1/Satellite Data/sat_image_ref/03802.jpg,2281,806.5218557195114,1,/Users/harishprabhu/Documents/drone-localisation/data/raw/satloc/part_1/Satellite Data/sat_image_ref/02281.jpg,3677,36.28315371928027,37,/Users/harishprabhu/Documents/drone-localisation/data/raw/satloc/part_1/Satellite Data/sat_image_ref/03677.jpg,/Users/harishprabhu/Documents/drone-localisation/data/raw/satloc/part_1/UAV Data/traj01/656@73068@112.818497@28.297204.png,/Users/harishprabhu/Documents/drone-localisation/data/raw/satloc/part_1/UAV Data/traj01/656@73068@112.818497@28.297204.png,,,False,False,False,False,True,False,True,True,False,False,False,False,False,False,fov_resize_rescue,130.92921157017994
461,forest_canopy,center,False,1476.820628443938,54.185698669492304,35,True,False,1476.820628443938,54.185698669492304,35,True,True,42.25960235192071,36.64843621899468,6,True,True,resize,resize,36.64843621899468,6,6691,non_anchor_rescue,,,,,,,,,,,,,1311,1476.820628443938,1,/Users/harishprabhu/Documents/drone-localisation/data/raw/satloc/part_1/Satellite Data/sat_image_ref/01311.jpg,6440,54.185698669492304,35,/Users/harishprabhu/Documents/drone-localisation/data/raw/satloc/part_1/Satellite Data/sat_image_ref/06440.jpg,6565,42.25960235192071,1,/Users/harishprabhu/Documents/drone-localisation/data/raw/satloc/part_1/Satellite Data/sat_image_ref/06565.jpg,6691,36.64843621899468,6,/Users/harishprabhu/Documents/drone-localisation/data/raw/satloc/part_1/Satellite Data/sat_image_ref/06691.jpg,/Users/harishprabhu/Documents/drone-localisation/data/raw/satloc/part_1/UAV Data/traj01/461@169159@112.823622@28.289668.png,/Users/harishprabhu/Documents/drone-localisation/data/raw/satloc/part_1/UAV Data/traj01/461@169159@112.823622@28.289668.png,,,False,False,False,False,True,False,True,True,False,False,False,False,False,False,fov_resize_rescue,130.83789094525133
614,agricultural_open_field,center,False,1892.0315694482745,119.5105684372932,39,True,False,1892.0315694482745,119.5105684372932,39,True,False,1563.2727835570226,119.5105684372932,40,False,False,,center,119.5105684372932,39,3185,pool_failure_or_far_ambiguity,candidate_pool_failure,2389.2387812642114,1838.901562375016,299.5658202069394,8237.0,3504.0,3173.0,1838.901562375016,0.0,11.0,89.0,1539.3357421680766,4128,1892.0315694482745,1,/Users/harishprabhu/Documents/drone-localisation/data/raw/satloc/part_1/Satellite Data/sat_image_ref/04128.jpg,3185,119.5105684372932,39,/Users/harishprabhu/Documents/drone-localisation/data/raw/satloc/part_1/Satellite Data/sat_image_ref/03185.jpg,1389,1563.2727835570226,1,/Users/harishprabhu/Documents/drone-localisation/data/raw/satloc/part_1/Satellite Data/sat_image_ref/01389.jpg,3185,119.5105684372932,40,/Users/harishprabhu/Documents/drone-localisation/data/raw/satloc/part_1/Satellite Data/sat_image_ref/03185.jpg,/Users/harishprabhu/Documents/drone-localisation/data/raw/satloc/part_1/UAV Data/traj01/614@31029@112.820188@28.298182.png,/Users/harishprabhu/Documents/drone-localisation/data/raw/satloc/part_1/UAV Data/traj01/614@31029@112.820188@28.298182.png,/Users/harishprabhu/Documents/drone-localisation/outputs/satloc/figures/s7b_failure_rescue/visual_diagnostics/center_resize_k32_img224_top100/s7b4_visual_token_0614_agricultural_open_field.png,,True,False,True,True,False,False,False,False,True,False,True,True,False,False,hardest_failure,128.0
631,agricultural_open_field,center,False,898.6969321131197,494.4341168629125,65,True,False,898.6969321131197,494.4341168629125,65,True,False,1839.207156223704,171.39795021579445,93,False,False,,resize,171.39795021579445,93,3799,pool_failure_or_far_ambiguity,candidate_pool_failure,2416.0874741806747,392.711689792674,172.518609182532,8234.0,3666.0,3172.0,392.711689792674,0.0,19.0,70.0,220.193080610142,5322,898.6969321131197,1,/Users/harishprabhu/Documents/drone-localisation/data/raw/satloc/part_1/Satellite Data/sat_image_ref/05322.jpg,3663,494.4341168629125,65,/Users/harishprabhu/Documents/drone-localisation/data/raw/satloc/part_1/Satellite Data/sat_image_ref/03663.jpg,7260,1839.207156223704,1,/Users/harishprabhu/Documents/drone-localisation/data/raw/satloc/part_1/Satellite Data/sat_image_ref/07260.jpg,3799,171.39795021579445,93,/Users/harishprabhu/Documents/drone-localisation/data/raw/satloc/part_1/Satellite Data/sat_image_ref/03799.jpg,/Users/harishprabhu/Documents/drone-localisation/data/raw/satloc/part_1/UAV Data/traj01/631@48045@112.818498@28.297825.png,/Users/harishprabhu/Documents/drone-localisation/data/raw/satloc/part_1/UAV Data/traj01/631@48045@112.818498@28.297825.png,/Users/harishprabhu/Documents/drone-localisation/outputs/satloc/figures/s7b_failure_rescue/visual_diagnostics/center_resize_k32_img224_top100/s7b4_visual_token_0631_agricultural_open_field.png,,True,False,True,True,False,False,False,False,True,False,True,True,False,False,hardest_failure,128.0
794,water_wetland,center,False,560.5918361433577,83.45339633204394,34,True,False,560.5918361433577,83.45339633204394,34,True,False,490.85787104166815,83.45339633204394,2,False,False,,center,83.45339633204394,34,4284,near_pool_miss_40_100m,candidate_pool_failure,3001.155104355888,350.27954718769814,350.27954718769814,8112.0,3666.0,3666.0,,,31.0,103.0,0.0,2156,560.5918361433577,1,/Users/harishprabhu/Documents/drone-localisation/data/raw/satloc/part_1/Satellite Data/sat_image_ref/02156.jpg,4284,83.45339633204394,34,/Users/harishprabhu/Documents/drone-localisation/data/raw/satloc/part_1/Satellite Data/sat_image_ref/04284.jpg,2406,490.85787104166815,1,/Users/harishprabhu/Documents/drone-localisation/data/raw/satloc/part_1/Satellite Data/sat_image_ref/02406.jpg,4284,83.45339633204394,2,/Users/harishprabhu/Documents/drone-localisation/data/raw/satloc/part_1/Satellite Data/sat_image_ref/04284.jpg,/Users/harishprabhu/Documents/drone-localisation/data/raw/satloc/part_1/UAV Data/traj01/794@211199@112.811357@28.295615.png,/Users/harishprabhu/Documents/drone-localisation/data/raw/satloc/part_1/UAV Data/traj01/794@211199@112.811357@28.295615.png,/Users/harishprabhu/Documents/drone-localisation/outputs/satloc/figures/s7b_failure_rescue/visual_diagnostics/center_resize_k32_img224_top100/s7b4_visual_token_0794_water_wetland.png,,True,False,True,True,False,False,False,False,True,True,False,False,False,False,near_miss_multitile,108.0
1015,mixed_urban_natural,center,False,1066.105785365984,231.0359769331189,20,True,False,1066.105785365984,231.0359769331189,20,True,False,1036.8086530057765,96.23632251625702,76,False,False,,resize,96.23632251625702,76,4798,near_pool_miss_40_100m,selection_failure_correct_in_pool,1184.921590682784,1184.921590682784,23.22839645619862,8189.0,8189.0,4671.0,,,15.0,82.0,1161.693194226585,2520,1066.105785365984,1,/Users/harishprabhu/Documents/drone-localisation/data/raw/satloc/part_1/Satellite Data/sat_image_ref/02520.jpg,3794,231.03597693311892,20,/Users/harishprabhu/Documents/drone-localisation/data/raw/satloc/part_1/Satellite Data/sat_image_ref/03794.jpg,2521,1036.8086530057765,1,/Users/harishprabhu/Documents/drone-localisation/data/raw/satloc/part_1/Satellite Data/sat_image_ref/02521.jpg,4798,96.23632251625702,76,/Users/harishprabhu/Documents/drone-localisation/data/raw/satloc/part_1/Satellite Data/sat_image_ref/04798.jpg,/Users/harishprabhu/Documents/drone-localisation/data/raw/satloc/part_1/UAV Data/traj01/1015@141133@112.816335@28.294566.png,/Users/harishprabhu/Documents/drone-localisation/data/raw/satloc/part_1/UAV Data/traj01/1015@141133@112.816335@28.294566.png,/Users/harishprabhu/Documents/drone-localisation/outputs/satloc/figures/s7b_failure_rescue/visual_diagnostics/center_resize_k32_img224_top100/s7b4_visual_token_1015_mixed_urban_natural.png,,True,False,True,True,False,False,False,False,True,True,False,False,False,False,near_miss_multitile,108.0
387,forest_canopy,center,False,354.94121578048646,45.95811957410671,26,True,False,354.94121578048646,45.95811957410671,26,True,False,1625.958730178921,59.79906377868341,56,False,False,,center,45.95811957410671,26,6543,near_pool_miss_40_100m,candidate_pool_failure,1889.0252539995129,1007.5835985539868,945.3051082906984,6847.0,5194.0,4150.0,1007.5835985539868,0.0,3.0,71.0,62.2784902632884,6408,354.94121578048646,1,/Users/harishprabhu/Documents/drone-localisation/data/raw/satloc/part_1/Satellite Data/sat_image_ref/06408.jpg,6543,45.95811957410671,26,/Users/harishprabhu/Documents/drone-localisation/data/raw/satloc/part_1/Satellite Data/sat_image_ref/06543.jpg,1310,1625.958730178921,1,/Users/harishprabhu/Documents/drone-localisation/data/raw/satloc/part_1/Satellite Data/sat_image_ref/01310.jpg,6544,59.79906377868341,56,/Users/harishprabhu/Documents/drone-localisation/data/raw/satloc/part_1/Satellite Data/sat_image_ref/06544.jpg,/Users/harishprabhu/Documents/drone-localisation/data/raw/satloc/part_1/UAV Data/traj01/387@95089@112.815310@28.289247.png,/Users/harishprabhu/Documents/drone-localisation/data/raw/satloc/part_1/UAV Data/traj01/387@95089@112.815310@28.289247.png,,,False,False,True,True,False,False,False,False,True,True,False,False,False,False,near_miss_multitile,90.0
653,water_wetland,center,False,806.4163124267833,143.9356290182649,54,True,False,806.4163124267833,143.9356290182649,54,True,False,1825.6344543406149,63.654578232604045,32,False,False,,resize,63.654578232604045,32,3425,near_pool_miss_40_100m,candidate_pool_failure,1415.8173459911295,1086.7336229188195,462.83052012042737,5766.0,407.0,2665.0,,,24.0,80.0,623.9031027983922,2156,806.4163124267833,1,/Users/harishprabhu/Documents/drone-localisation/data/raw/satloc/part_1/Satellite Data/sat_image_ref/02156.jpg,3799,143.9356290182649,54,/Users/harishprabhu/Documents/drone-localisation/data/raw/satloc/part_1/Satellite Data/sat_image_ref/03799.jpg,7134,1825.6344543406149,1,/Users/harishprabhu/Documents/drone-localisation/data/raw/satloc/part_1/Satellite Data/sat_image_ref/07134.jpg,3425,63.654578232604045,32,/Users/harishprabhu/Documents/drone-localisation/data/raw/satloc/part_1/Satellite Data/sat_image_ref/03425.jpg,/Users/harishprabhu/Documents/drone-localisation/data/raw/satloc/part_1/UAV Data/traj01/653@70066@112.818492@28.297511.png,/Users/harishprabhu/Documents/drone-localisation/data/raw/satloc/part_1/UAV Data/traj01/653@70066@112.818492@28.297511.png,,,False,False,True,True,False,False,False,False,True,True,False,False,False,False,near_miss_multitile,90.0
963,mixed_urban_natural,center,False,747.4733049380794,52.56451272407397,99,True,False,747.4733049380794,52.56451272407397,99,True,False,1427.315276493899,52.56451272407397,6,False,False,,center,52.56451272407397,99,4541,near_pool_miss_40_100m,candidate_pool_failure,1502.9656075869937,485.1262633542988,144.58224024311232,2627.0,3050.0,4915.0,,,1.0,51.0,340.5440231111865,2776,747.4733049380794,1,/Users/harishprabhu/Documents/drone-localisation/data/raw/satloc/part_1/Satellite Data/sat_image_ref/02776.jpg,4541,52.56451272407397,99,/Users/harishprabhu/Documents/drone-localisation/data/raw/satloc/part_1/Satellite Data/sat_image_ref/04541.jpg,7007,1427.315276493899,1,/Users/harishprabhu/Documents/drone-localisation/data/raw/satloc/part_1/Satellite Data/sat_image_ref/07007.jpg,4541,52.56451272407397,6,/Users/harishprabhu/Documents/drone-localisation/data/raw/satloc/part_1/Satellite Data/sat_image_ref/04541.jpg,/Users/harishprabhu/Documents/drone-localisation/data/raw/satloc/part_1/UAV Data/traj01/963@89084@112.815157@28.294785.png,/Users/harishprabhu/Documents/drone-localisation/data/raw/satloc/part_1/UAV Data/traj01/963@89084@112.815157@28.294785.png,,,False,False,True,True,False,False,False,False,True,True,False,False,False,False,near_miss_multitile,90.0
971,mixed_urban_natural,center,False,1531.4524440003368,56.94891777228062,63,True,False,1531.4524440003368,56.94891777228062,63,True,False,989.5180696643824,91.18892114033802,8,False,False,,center,56.94891777228062,63,5043,near_pool_miss_40_100m,candidate_pool_failure,952.8332840430222,894.0192820357336,295.2176792210381,4016.0,5193.0,3793.0,,,14.0,62.0,598.8016028146955,763,1531.4524440003368,1,/Users/harishprabhu/Documents/drone-localisation/data/raw/satloc/part_1/Satellite Data/sat_image_ref/00763.jpg,5043,56.94891777228062,63,/Users/harishprabhu/Documents/drone-localisation/data/raw/satloc/part_1/Satellite Data/sat_image_ref/05043.jpg,2521,989.5180696643824,1,/Users/harishprabhu/Documents/drone-localisation/data/raw/satloc/part_1/Satellite Data/sat_image_ref/02521.jpg,5167,91.18892114033802,8,/Users/harishprabhu/Documents/drone-localisation/data/raw/satloc/part_1/Satellite Data/sat_image_ref/05167.jpg,/Users/harishprabhu/Documents/drone-localisation/data/raw/satloc/part_1/UAV Data/traj01/971@97091@112.815175@28.293917.png,/Users/harishprabhu/Documents/drone-localisation/data/raw/satloc/part_1/UAV Data/traj01/971@97091@112.815175@28.293917.png,,,False,False,True,True,False,False,False,False,True,True,False,False,False,False,near_miss_multitile,90.0
1024,mixed_urban_natural,center,False,1131.1198967336195,56.19752823678269,98,True,False,1131.1198967336195,56.19752823678269,98,True,False,1256.9774915200742,48.61666069903707,42,False,False,,resize,48.61666069903707,42,4172,near_pool_miss_40_100m,candidate_pool_failure,1985.3949093318915,1763.2202759250763,207.49336468103115,7098.0,6875.0,3791.0,,,2.0,43.0,1555.7269112440451,7688,1131.1198967336195,1,/Users/harishprabhu/Documents/drone-localisation/data/raw/satloc/part_1/Satellite Data/sat_image_ref/07688.jpg,4046,56.19752823678269,98,/Users/harishprabhu/Documents/drone-localisation/data/raw/satloc/part_1/Satellite Data/sat_image_ref/04046.jpg,8065,1256.9774915200742,1,/Users/harishprabhu/Documents/drone-localisation/data/raw/satloc/part_1/Satellite Data/sat_image_ref/08065.jpg,4172,48.61666069903707,42,/Users/harishprabhu/Documents/drone-localisation/data/raw/satloc/part_1/Satellite Data/sat_image_ref/04172.jpg,/Users/harishprabhu/Documents/drone-localisation/data/raw/satloc/part_1/UAV Data/traj01/1024@150141@112.816322@28.295441.png,/Users/harishprabhu/Documents/drone-localisation/data/raw/satloc/part_1/UAV Data/traj01/1024@150141@112.816322@28.295441.png,,,False,False,True,True,False,False,False,False,True,True,False,False,False,False,near_miss_multitile,90.0
606,agricultural_open_field,center,False,2023.268516092353,43.08892851359237,21,True,False,2023.268516092353,43.08892851359237,21,True,False,2001.1566210561748,111.52223705245562,64,False,False,,center,43.08892851359237,21,3060,near_pool_miss_40_100m,,,,,,,,,,,,,5364,2023.268516092353,1,/Users/harishprabhu/Documents/drone-localisation/data/raw/satloc/part_1/Satellite Data/sat_image_ref/05364.jpg,3060,43.08892851359237,21,/Users/harishprabhu/Documents/drone-localisation/data/raw/satloc/part_1/Satellite Data/sat_image_ref/03060.jpg,5488,2001.1566210561748,1,/Users/harishprabhu/Documents/drone-localisation/data/raw/satloc/part_1/Satellite Data/sat_image_ref/05488.jpg,2811,111.52223705245562,64,/Users/harishprabhu/Documents/drone-localisation/data/raw/satloc/part_1/Satellite Data/sat_image_ref/02811.jpg,/Users/harishprabhu/Documents/drone-localisation/data/raw/satloc/part_1/UAV Data/traj01/606@23021@112.820983@28.298350.png,/Users/harishprabhu/Documents/drone-localisation/data/raw/satloc/part_1/UAV Data/traj01/606@23021@112.820983@28.298350.png,/Users/harishprabhu/Documents/drone-localisation/outputs/satloc/figures/s7b_failure_rescue/visual_diagnostics/center_resize_k32_img224_top100/s7b4_visual_token_0606_agricultural_open_field.png,,True,False,False,False,False,False,False,False,True,True,False,True,False,False,hardest_failure,83.0
611,agricultural_open_field,center,False,877.4695273239146,304.9202340651194,95,True,False,877.4695273239146,304.9202340651194,95,True,False,1929.388157715068,91.01698890630736,31,False,False,,resize,91.01698890630736,31,3185,near_pool_miss_40_100m,,,,,,,,,,,,,1287,877.4695273239146,1,/Users/harishprabhu/Documents/drone-localisation/data/raw/satloc/part_1/Satellite Data/sat_image_ref/01287.jpg,4185,304.9202340651194,95,/Users/harishprabhu/Documents/drone-localisation/data/raw/satloc/part_1/Satellite Data/sat_image_ref/04185.jpg,1878,1929.3881577150676,1,/Users/harishprabhu/Documents/drone-localisation/data/raw/satloc/part_1/Satellite Data/sat_image_ref/01878.jpg,3185,91.01698890630736,31,/Users/harishprabhu/Documents/drone-localisation/data/raw/satloc/part_1/Satellite Data/sat_image_ref/03185.jpg,/Users/harishprabhu/Documents/drone-localisation/data/raw/satloc/part_1/UAV Data/traj01/611@28026@112.820486@28.298245.png,/Users/harishprabhu/Documents/drone-localisation/data/raw/satloc/part_1/UAV Data/traj01/611@28026@112.820486@28.298245.png,/Users/harishprabhu/Documents/drone-localisation/outputs/satloc/figures/s7b_failure_rescue/visual_diagnostics/center_resize_k32_img224_top100/s7b4_visual_token_0611_agricultural_open_field.png,,True,False,False,False,False,False,False,False,True,True,False,True,False,False,hardest_failure,83.0
616,agricultural_open_field,center,False,1145.0679665443752,287.99298784709345,23,True,False,1145.0679665443752,287.99298784709345,23,True,False,1145.0679665443752,78.20045946143044,83,False,False,,resize,78.20045946143044,83,2930,near_pool_miss_40_100m,,,,,,,,,,,,,6451,1145.0679665443752,1,/Users/harishprabhu/Documents/drone-localisation/data/raw/satloc/part_1/Satellite Data/sat_image_ref/06451.jpg,4183,287.99298784709345,23,/Users/harishprabhu/Documents/drone-localisation/data/raw/satloc/part_1/Satellite Data/sat_image_ref/04183.jpg,6451,1145.0679665443752,1,/Users/harishprabhu/Documents/drone-localisation/data/raw/satloc/part_1/Satellite Data/sat_image_ref/06451.jpg,2930,78.20045946143044,83,/Users/harishprabhu/Documents/drone-localisation/data/raw/satloc/part_1/Satellite Data/sat_image_ref/02930.jpg,/Users/harishprabhu/Documents/drone-localisation/data/raw/satloc/part_1/UAV Data/traj01/616@33031@112.819989@28.298140.png,/Users/harishprabhu/Documents/drone-localisation/data/raw/satloc/part_1/UAV Data/traj01/616@33031@112.819989@28.298140.png,/Users/harishprabhu/Documents/drone-localisation/outputs/satloc/figures/s7b_failure_rescue/visual_diagnostics/center_resize_k32_img224_top100/s7b4_visual_token_0616_agricultural_open_field.png,,True,False,False,False,False,False,False,False,True,True,False,True,False,False,hardest_failure,83.0
621,agricultural_open_field,center,False,956.4492993521372,126.5259441671768,86,True,False,956.4492993521372,126.5259441671768,86,True,False,1166.3458971593247,82.30279620331399,75,False,False,,resize,82.30279620331399,75,2930,near_pool_miss_40_100m,,,,,,,,,,,,,6070,956.4492993521372,1,/Users/harishprabhu/Documents/drone-localisation/data/raw/satloc/part_1/Satellite Data/sat_image_ref/06070.jpg,3058,126.5259441671768,86,/Users/harishprabhu/Documents/drone-localisation/data/raw/satloc/part_1/Satellite Data/sat_image_ref/03058.jpg,6451,1166.3458971593247,1,/Users/harishprabhu/Documents/drone-localisation/data/raw/satloc/part_1/Satellite Data/sat_image_ref/06451.jpg,2930,82.30279620331399,75,/Users/harishprabhu/Documents/drone-localisation/data/raw/satloc/part_1/Satellite Data/sat_image_ref/02930.jpg,/Users/harishprabhu/Documents/drone-localisation/data/raw/satloc/part_1/UAV Data/traj01/621@38035@112.819492@28.298035.png,/Users/harishprabhu/Documents/drone-localisation/data/raw/satloc/part_1/UAV Data/traj01/621@38035@112.819492@28.298035.png,/Users/harishprabhu/Documents/drone-localisation/outputs/satloc/figures/s7b_failure_rescue/visual_diagnostics/center_resize_k32_img224_top100/s7b4_visual_token_0621_agricultural_open_field.png,,True,False,False,False,False,False,False,False,True,True,False,True,False,False,hardest_failure,83.0
646,agricultural_open_field,center,False,791.6543648992547,170.1750426619666,93,True,False,791.6543648992547,170.1750426619666,93,True,False,1396.1382414391032,71.83123580960996,77,False,False,,resize,71.83123580960996,77,3425,near_pool_miss_40_100m,,,,,,,,,,,,,2156,791.6543648992547,1,/Users/harishprabhu/Documents/drone-localisation/data/raw/satloc/part_1/Satellite Data/sat_image_ref/02156.jpg,3799,170.1750426619666,93,/Users/harishprabhu/Documents/drone-localisation/data/raw/satloc/part_1/Satellite Data/sat_image_ref/03799.jpg,7942,1396.1382414391032,1,/Users/harishprabhu/Documents/drone-localisation/data/raw/satloc/part_1/Satellite Data/sat_image_ref/07942.jpg,3425,71.83123580960996,77,/Users/harishprabhu/Documents/drone-localisation/data/raw/satloc/part_1/Satellite Data/sat_image_ref/03425.jpg,/Users/harishprabhu/Documents/drone-localisation/data/raw/satloc/part_1/UAV Data/traj01/646@63059@112.818486@28.297819.png,/Users/harishprabhu/Documents/drone-localisation/data/raw/satloc/part_1/UAV Data/traj01/646@63059@112.818486@28.297819.png,/Users/harishprabhu/Documents/drone-localisation/outputs/satloc/figures/s7b_failure_rescue/visual_diagnostics/center_resize_k32_img224_top100/s7b4_visual_token_0646_agricultural_open_field.png,,True,False,False,False,False,False,False,False,True,True,False,True,False,False,hardest_failure,83.0
651,agricultural_open_field,center,False,798.2834059692977,158.03241389409936,85,True,False,798.2834059692977,158.03241389409936,85,True,False,1349.523190416787,58.365770990424096,81,False,False,,resize,58.365770990424096,81,3176,near_pool_miss_40_100m,,,,,,,,,,,,,2156,798.2834059692977,1,/Users/harishprabhu/Documents/drone-localisation/data/raw/satloc/part_1/Satellite Data/sat_image_ref/02156.jpg,3799,158.03241389409936,85,/Users/harishprabhu/Documents/drone-localisation/data/raw/satloc/part_1/Satellite Data/sat_image_ref/03799.jpg,7817,1349.523190416787,1,/Users/harishprabhu/Documents/drone-localisation/data/raw/satloc/part_1/Satellite Data/sat_image_ref/07817.jpg,3176,58.365770990424096,81,/Users/harishprabhu/Documents/drone-localisation/data/raw/satloc/part_1/Satellite Data/sat_image_ref/03176.jpg,/Users/harishprabhu/Documents/drone-localisation/data/raw/satloc/part_1/UAV Data/traj01/651@68064@112.818490@28.297680.png,/Users/harishprabhu/Documents/drone-localisation/data/raw/satloc/part_1/UAV Data/traj01/651@68064@112.818490@28.297680.png,/Users/harishprabhu/Documents/drone-localisation/outputs/satloc/figures/s7b_failure_rescue/visual_diagnostics/center_resize_k32_img224_top100/s7b4_visual_token_0651_agricultural_open_field.png,,True,False,False,False,False,False,False,False,True,True,False,True,False,False,hardest_failure,83.0
601,urban,center,False,1992.7746331295737,108.2071329838875,14,True,False,1992.7746331295737,108.2071329838875,14,True,False,936.3537360126048,104.7427993256877,60,False,False,,resize,104.7427993256877,60,2685,pool_failure_or_far_ambiguity,,,,,,,,,,,,,4616,1992.7746331295737,1,/Users/harishprabhu/Documents/drone-localisation/data/raw/satloc/part_1/Satellite Data/sat_image_ref/04616.jpg,2686,108.2071329838875,14,/Users/harishprabhu/Documents/drone-localisation/data/raw/satloc/part_1/Satellite Data/sat_image_ref/02686.jpg,2962,936.3537360126048,1,/Users/harishprabhu/Documents/drone-localisation/data/raw/satloc/part_1/Satellite Data/sat_image_ref/02962.jpg,2685,104.7427993256877,60,/Users/harishprabhu/Documents/drone-localisation/data/raw/satloc/part_1/Satellite Data/sat_image_ref/02685.jpg,/Users/harishprabhu/Documents/drone-localisation/data/raw/satloc/part_1/UAV Data/traj01/601@18017@112.821478@28.298454.png,/Users/harishprabhu/Documents/drone-localisation/data/raw/satloc/part_1/UAV Data/traj01/601@18017@112.821478@28.298454.png,/Users/harishprabhu/Documents/drone-localisation/outputs/satloc/figures/s7b_failure_rescue/visual_diagnostics/center_resize_k32_img224_top100/s7b4_visual_token_0601_urban.png,,True,False,False,False,False,False,False,False,True,False,True,False,True,False,hardest_failure,78.0
626,agricultural_open_field,center,False,868.7298550940312,202.7203143198335,52,True,False,868.7298550940312,202.7203143198335,52,True,False,868.7298550940312,237.43742700947,20,False,False,,center,202.7203143198335,52,3184,pool_failure_or_far_ambiguity,,,,,,,,,,,,,2529,868.7298550940312,1,/Users/harishprabhu/Documents/drone-localisation/data/raw/satloc/part_1/Satellite Data/sat_image_ref/02529.jpg,3184,202.7203143198335,52,/Users/harishprabhu/Documents/drone-localisation/data/raw/satloc/part_1/Satellite Data/sat_image_ref/03184.jpg,2529,868.7298550940312,1,/Users/harishprabhu/Documents/drone-localisation/data/raw/satloc/part_1/Satellite Data/sat_image_ref/02529.jpg,3185,237.43742700947,20,/Users/harishprabhu/Documents/drone-localisation/data/raw/satloc/part_1/Satellite Data/sat_image_ref/03185.jpg,/Users/harishprabhu/Documents/drone-localisation/data/raw/satloc/part_1/UAV Data/traj01/626@43040@112.818994@28.297930.png,/Users/harishprabhu/Documents/drone-localisation/data/raw/satloc/part_1/UAV Data/traj01/626@43040@112.818994@28.297930.png,/Users/harishprabhu/Documents/drone-localisation/outputs/satloc/figures/s7b_failure_rescue/visual_diagnostics/center_resize_k32_img224_top100/s7b4_visual_token_0626_agricultural_open_field.png,,True,False,False,False,False,False,False,False,True,False,True,True,False,False,hardest_failure,73.0
636,agricultural_open_field,center,False,767.2763006718008,139.05244287858756,65,True,False,767.2763006718008,139.05244287858756,65,True,False,712.4795712210449,295.6316193238344,77,False,False,,center,139.05244287858756,65,3801,pool_failure_or_far_ambiguity,,,,,,,,,,,,,2780,767.2763006718008,1,/Users/harishprabhu/Documents/drone-localisation/data/raw/satloc/part_1/Satellite Data/sat_image_ref/02780.jpg,3801,139.05244287858756,65,/Users/harishprabhu/Documents/drone-localisation/data/raw/satloc/part_1/Satellite Data/sat_image_ref/03801.jpg,5669,712.4795712210449,1,/Users/harishprabhu/Documents/drone-localisation/data/raw/satloc/part_1/Satellite Data/sat_image_ref/05669.jpg,3185,295.6316193238344,77,/Users/harishprabhu/Documents/drone-localisation/data/raw/satloc/part_1/Satellite Data/sat_image_ref/03185.jpg,/Users/harishprabhu/Documents/drone-localisation/data/raw/satloc/part_1/UAV Data/traj01/636@53050@112.818412@28.297804.png,/Users/harishprabhu/Documents/drone-localisation/data/raw/satloc/part_1/UAV Data/traj01/636@53050@112.818412@28.297804.png,/Users/harishprabhu/Documents/drone-localisation/outputs/satloc/figures/s7b_failure_rescue/visual_diagnostics/center_resize_k32_img224_top100/s7b4_visual_token_0636_agricultural_open_field.png,,True,False,False,False,False,False,False,False,True,False,True,True,False,False,hardest_failure,73.0
641,agricultural_open_field,center,False,791.6985908172256,170.0841392449484,62,True,False,791.6985908172256,170.0841392449484,62,True,False,2134.098834456931,107.84975345420816,72,False,False,,resize,107.84975345420816,72,3676,pool_failure_or_far_ambiguity,,,,,,,,,,,,,2156,791.6985908172256,1,/Users/harishprabhu/Documents/drone-localisation/data/raw/satloc/part_1/Satellite Data/sat_image_ref/02156.jpg,3799,170.0841392449484,62,/Users/harishprabhu/Documents/drone-localisation/data/raw/satloc/part_1/Satellite Data/sat_image_ref/03799.jpg,7501,2134.098834456931,1,/Users/harishprabhu/Documents/drone-localisation/data/raw/satloc/part_1/Satellite Data/sat_image_ref/07501.jpg,3676,107.84975345420816,72,/Users/harishprabhu/Documents/drone-localisation/data/raw/satloc/part_1/Satellite Data/sat_image_ref/03676.jpg,/Users/harishprabhu/Documents/drone-localisation/data/raw/satloc/part_1/UAV Data/traj01/641@58054@112.818486@28.297818.png,/Users/harishprabhu/Documents/drone-localisation/data/raw/satloc/part_1/UAV Data/traj01/641@58054@112.818486@28.297818.png,/Users/harishprabhu/Documents/drone-localisation/outputs/satloc/figures/s7b_failure_rescue/visual_diagnostics/center_resize_k32_img224_top100/s7b4_visual_token_0641_agricultural_open_field.png,,True,False,False,False,False,False,False,False,True,False,True,True,False,False,hardest_failure,73.0
516,urban,center,True,39.327497683707165,11.410714026880578,3,True,True,39.327497683707165,11.410714026880578,3,True,True,81.25128675008193,11.410714026880578,8,True,False,,center,11.410714026880578,3,4316,anchor_success,stable_success,11.41069826575302,11.41069826575302,11.41069826575302,4316.0,4316.0,4316.0,,,17.0,120.0,0.0,4315,39.327497683707165,1,/Users/harishprabhu/Documents/drone-localisation/data/raw/satloc/part_1/Satellite Data/sat_image_ref/04315.jpg,4316,11.410714026880578,3,/Users/harishprabhu/Documents/drone-localisation/data/raw/satloc/part_1/Satellite Data/sat_image_ref/04316.jpg,4443,81.25128675008193,1,/Users/harishprabhu/Documents/drone-localisation/data/raw/satloc/part_1/Satellite Data/sat_image_ref/04443.jpg,4316,11.410714026880578,8,/Users/harishprabhu/Documents/drone-localisation/data/raw/satloc/part_1/Satellite Data/sat_image_ref/04316.jpg,/Users/harishprabhu/Documents/drone-localisation/data/raw/satloc/part_1/UAV Data/traj01/516@224211@112.823576@28.295411.png,/Users/harishprabhu/Documents/drone-localisation/data/raw/satloc/part_1/UAV Data/traj01/516@224211@112.823576@28.295411.png,,/Users/harishprabhu/Documents/drone-localisation/outputs/satloc/figures/s4c_macrocontour_phog_chamfer/s4c4_vector_skeleton/s4c4c_luma_lsd_rerank/s4c4c_token0516_luma_lsd_panel_top5.png,False,True,True,False,True,True,True,False,False,False,False,False,False,False,supporting_case,69.14732149327986
40,mixed_urban_natural,center,True,12.433487249405625,12.433487249405625,1,True,True,12.433487249405625,12.433487249405625,1,True,True,75.54324437395618,12.433487249405625,5,True,False,,center,12.433487249405625,1,2171,anchor_success,stable_success,12.433470075565795,12.433470075565795,12.433470075565795,2171.0,2171.0,2171.0,,,23.0,120.0,0.0,2171,12.433487249405625,1,/Users/harishprabhu/Documents/drone-localisation/data/raw/satloc/part_1/Satellite Data/sat_image_ref/02171.jpg,2171,12.433487249405625,1,/Users/harishprabhu/Documents/drone-localisation/data/raw/satloc/part_1/Satellite Data/sat_image_ref/02171.jpg,2173,75.54324437395618,1,/Users/harishprabhu/Documents/drone-localisation/data/raw/satloc/part_1/Satellite Data/sat_image_ref/02173.jpg,2171,12.433487249405625,5,/Users/harishprabhu/Documents/drone-localisation/data/raw/satloc/part_1/Satellite Data/sat_image_ref/02171.jpg,/Users/harishprabhu/Documents/drone-localisation/data/raw/satloc/part_1/UAV Data/traj01/40@39036@112.816366@28.300753.png,/Users/harishprabhu/Documents/drone-localisation/data/raw/satloc/part_1/UAV Data/traj01/40@39036@112.816366@28.300753.png,,/Users/harishprabhu/Documents/drone-localisation/outputs/satloc/figures/s4c_macrocontour_phog_chamfer/s4c4_vector_skeleton/s4c4c_luma_lsd_rerank/s4c4c_token0040_luma_lsd_panel_top5.png,False,True,True,False,True,True,True,False,False,False,False,False,False,False,supporting_case,68.89162818764859
905,mixed_urban_natural,center,True,20.96989079425475,15.897922386904568,2,True,True,20.96989079425475,15.897922386904568,2,True,True,20.96989079425475,15.897922386904568,4,True,False,,center,15.897922386904568,2,2042,anchor_success,stable_success,15.897900427790166,15.897900427790166,15.897900427790166,2042.0,2042.0,2042.0,,,29.0,120.0,0.0,1917,20.96989079425475,1,/Users/harishprabhu/Documents/drone-localisation/data/raw/satloc/part_1/Satellite Data/sat_image_ref/01917.jpg,2042,15.897922386904568,2,/Users/harishprabhu/Documents/drone-localisation/data/raw/satloc/part_1/Satellite Data/sat_image_ref/02042.jpg,1917,20.96989079425475,1,/Users/harishprabhu/Documents/drone-localisation/data/raw/satloc/part_1/Satellite Data/sat_image_ref/01917.jpg,2042,15.897922386904568,4,/Users/harishprabhu/Documents/drone-localisation/data/raw/satloc/part_1/Satellite Data/sat_image_ref/02042.jpg,/Users/harishprabhu/Documents/drone-localisation/data/raw/satloc/part_1/UAV Data/traj01/905@31029@112.815049@28.301097.png,/Users/harishprabhu/Documents/drone-localisation/data/raw/satloc/part_1/UAV Data/traj01/905@31029@112.815049@28.301097.png,,/Users/harishprabhu/Documents/drone-localisation/outputs/satloc/figures/s4c_macrocontour_phog_chamfer/s4c4_vector_skeleton/s4c4c_luma_lsd_rerank/s4c4c_token0905_luma_lsd_panel_top5.png,False,True,True,False,True,True,True,False,False,False,False,False,False,False,supporting_case,68.02551940327386
100,mixed_urban_natural,center,True,20.69235443369937,16.376958373629183,3,True,True,20.69235443369937,16.376958373629183,3,True,True,20.69235443369937,16.376958373629183,11,True,False,,center,16.376958373629183,3,415,anchor_success,stable_success,20.692325852243,20.692325852243,20.692325852243,540.0,540.0,540.0,,,25.0,120.0,0.0,540,20.69235443369937,1,/Users/harishprabhu/Documents/drone-localisation/data/raw/satloc/part_1/Satellite Data/sat_image_ref/00540.jpg,415,16.376958373629183,3,/Users/harishprabhu/Documents/drone-localisation/data/raw/satloc/part_1/Satellite Data/sat_image_ref/00415.jpg,540,20.69235443369937,1,/Users/harishprabhu/Documents/drone-localisation/data/raw/satloc/part_1/Satellite Data/sat_image_ref/00540.jpg,415,16.376958373629183,11,/Users/harishprabhu/Documents/drone-localisation/data/raw/satloc/part_1/Satellite Data/sat_image_ref/00415.jpg,/Users/harishprabhu/Documents/drone-localisation/data/raw/satloc/part_1/UAV Data/traj01/100@99093@112.814213@28.304910.png,/Users/harishprabhu/Documents/drone-localisation/data/raw/satloc/part_1/UAV Data/traj01/100@99093@112.814213@28.304910.png,,/Users/harishprabhu/Documents/drone-localisation/outputs/satloc/figures/s4c_macrocontour_phog_chamfer/s4c4_vector_skeleton/s4c4c_luma_lsd_rerank/s4c4c_token0100_luma_lsd_panel_top5.png,False,True,True,False,True,True,True,False,False,False,False,False,False,False,supporting_case,67.9057604065927
90,mixed_urban_natural,center,True,17.1632719560477,17.1632719560477,1,True,True,17.1632719560477,17.1632719560477,1,True,True,17.1632719560477,17.1632719560477,1,True,False,,center,17.1632719560477,1,418,anchor_success,lsd_rescue,3211.489396191173,23.237158108933578,23.237158108933578,7740.0,543.0,543.0,,,28.0,120.0,0.0,418,17.1632719560477,1,/Users/harishprabhu/Documents/drone-localisation/data/raw/satloc/part_1/Satellite Data/sat_image_ref/00418.jpg,418,17.1632719560477,1,/Users/harishprabhu/Documents/drone-localisation/data/raw/satloc/part_1/Satellite Data/sat_image_ref/00418.jpg,418,17.1632719560477,1,/Users/harishprabhu/Documents/drone-localisation/data/raw/satloc/part_1/Satellite Data/sat_image_ref/00418.jpg,418,17.1632719560477,1,/Users/harishprabhu/Documents/drone-localisation/data/raw/satloc/part_1/Satellite Data/sat_image_ref/00418.jpg,/Users/harishprabhu/Documents/drone-localisation/data/raw/satloc/part_1/UAV Data/traj01/90@89084@112.815448@28.304921.png,/Users/harishprabhu/Documents/drone-localisation/data/raw/satloc/part_1/UAV Data/traj01/90@89084@112.815448@28.304921.png,,/Users/harishprabhu/Documents/drone-localisation/outputs/satloc/figures/s4c_macrocontour_phog_chamfer/s4c4_vector_skeleton/s4c4c_luma_lsd_rerank/s4c4c_token0090_luma_lsd_panel_top5.png,False,True,True,False,True,True,True,False,False,False,False,False,False,False,supporting_case,67.70918201098807
60,mixed_urban_natural,center,True,17.847235324284885,17.847235324284885,1,True,True,17.847235324284885,17.847235324284885,1,True,True,44.55537021827099,17.847235324284885,4,True,False,,center,17.847235324284885,1,1296,anchor_success,lsd_rescue,1519.6257671506526,17.847210672668822,17.847210672668822,1964.0,1296.0,1296.0,,,31.0,120.0,0.0,1296,17.847235324284885,1,/Users/harishprabhu/Documents/drone-localisation/data/raw/satloc/part_1/Satellite Data/sat_image_ref/01296.jpg,1296,17.847235324284885,1,/Users/harishprabhu/Documents/drone-localisation/data/raw/satloc/part_1/Satellite Data/sat_image_ref/01296.jpg,1297,44.55537021827099,1,/Users/harishprabhu/Documents/drone-localisation/data/raw/satloc/part_1/Satellite Data/sat_image_ref/01297.jpg,1296,17.847235324284885,4,/Users/harishprabhu/Documents/drone-localisation/data/raw/satloc/part_1/Satellite Data/sat_image_ref/01296.jpg,/Users/harishprabhu/Documents/drone-localisation/data/raw/satloc/part_1/UAV Data/traj01/60@59055@112.816350@28.302998.png,/Users/harishprabhu/Documents/drone-localisation/data/raw/satloc/part_1/UAV Data/traj01/60@59055@112.816350@28.302998.png,,/Users/harishprabhu/Documents/drone-localisation/outputs/satloc/figures/s4c_macrocontour_phog_chamfer/s4c4_vector_skeleton/s4c4c_luma_lsd_rerank/s4c4c_token0060_luma_lsd_panel_top5.png,False,True,True,False,True,True,True,False,False,False,False,False,False,False,supporting_case,67.53819116892878
166,mixed_urban_natural,center,True,25.74103020058672,20.5898331799023,22,True,True,25.74103020058672,20.5898331799023,22,True,True,54.154292832239534,20.5898331799023,19,True,False,,center,20.5898331799023,22,1024,anchor_success,lsd_rescue,730.3870700644611,25.740994645618564,25.740994645618564,129.0,1149.0,1149.0,,,20.0,109.0,0.0,1149,25.741030200586717,1,/Users/harishprabhu/Documents/drone-localisation/data/raw/satloc/part_1/Satellite Data/sat_image_ref/01149.jpg,1024,20.5898331799023,22,/Users/harishprabhu/Documents/drone-localisation/data/raw/satloc/part_1/Satellite Data/sat_image_ref/01024.jpg,1150,54.154292832239534,1,/Users/harishprabhu/Documents/drone-localisation/data/raw/satloc/part_1/Satellite Data/sat_image_ref/01150.jpg,1024,20.5898331799023,19,/Users/harishprabhu/Documents/drone-localisation/data/raw/satloc/part_1/Satellite Data/sat_image_ref/01024.jpg,/Users/harishprabhu/Documents/drone-localisation/data/raw/satloc/part_1/UAV Data/traj01/166@165155@112.808417@28.303350.png,/Users/harishprabhu/Documents/drone-localisation/data/raw/satloc/part_1/UAV Data/traj01/166@165155@112.808417@28.303350.png,,/Users/harishprabhu/Documents/drone-localisation/outputs/satloc/figures/s4c_macrocontour_phog_chamfer/s4c4_vector_skeleton/s4c4c_luma_lsd_rerank/s4c4c_token0166_luma_lsd_panel_top5.png,False,True,True,False,True,True,True,False,False,False,False,False,False,False,supporting_case,66.85254170502442
676,water_wetland,center,True,416.4472842657439,3.9992827628086256,20,True,True,416.4472842657439,3.9992827628086256,20,True,True,37.494105895860926,3.9992827628086256,2,True,False,,center,3.9992827628086256,20,4427,anchor_success,,,,,,,,,,,,,3294,416.4472842657439,1,/Users/harishprabhu/Documents/drone-localisation/data/raw/satloc/part_1/Satellite Data/sat_image_ref/03294.jpg,4427,3.9992827628086256,20,/Users/harishprabhu/Documents/drone-localisation/data/raw/satloc/part_1/Satellite Data/sat_image_ref/04427.jpg,4428,37.494105895860926,1,/Users/harishprabhu/Documents/drone-localisation/data/raw/satloc/part_1/Satellite Data/sat_image_ref/04428.jpg,4427,3.9992827628086256,2,/Users/harishprabhu/Documents/drone-localisation/data/raw/satloc/part_1/Satellite Data/sat_image_ref/04427.jpg,/Users/harishprabhu/Documents/drone-localisation/data/raw/satloc/part_1/UAV Data/traj01/676@93087@112.818530@28.295026.png,/Users/harishprabhu/Documents/drone-localisation/data/raw/satloc/part_1/UAV Data/traj01/676@93087@112.818530@28.295026.png,,,False,False,False,False,True,True,True,False,False,False,False,False,False,False,supporting_case,59.00017930929784
521,urban,center,True,49.01362132666815,4.158574158711404,24,True,True,49.01362132666815,4.158574158711404,24,True,True,72.43507735950811,4.158574158711404,86,True,False,,center,4.158574158711404,24,4066,anchor_success,,,,,,,,,,,,,4190,49.01362132666815,1,/Users/harishprabhu/Documents/drone-localisation/data/raw/satloc/part_1/Satellite Data/sat_image_ref/04190.jpg,4066,4.158574158711404,24,/Users/harishprabhu/Documents/drone-localisation/data/raw/satloc/part_1/Satellite Data/sat_image_ref/04066.jpg,4064,72.43507735950811,1,/Users/harishprabhu/Documents/drone-localisation/data/raw/satloc/part_1/Satellite Data/sat_image_ref/04064.jpg,4066,4.158574158711404,86,/Users/harishprabhu/Documents/drone-localisation/data/raw/satloc/part_1/Satellite Data/sat_image_ref/04066.jpg,/Users/harishprabhu/Documents/drone-localisation/data/raw/satloc/part_1/UAV Data/traj01/521@229216@112.823573@28.295910.png,/Users/harishprabhu/Documents/drone-localisation/data/raw/satloc/part_1/UAV Data/traj01/521@229216@112.823573@28.295910.png,,,False,False,False,False,True,True,True,False,False,False,False,False,False,False,supporting_case,58.960356460322146
506,urban,center,True,44.992358601928416,4.475975620298918,5,True,True,44.992358601928416,4.475975620298918,5,True,True,101.05766515030216,31.30179162266034,9,True,False,,center,4.475975620298918,5,4691,anchor_success,,,,,,,,,,,,,4817,44.992358601928416,1,/Users/harishprabhu/Documents/drone-localisation/data/raw/satloc/part_1/Satellite Data/sat_image_ref/04817.jpg,4691,4.475975620298918,5,/Users/harishprabhu/Documents/drone-localisation/data/raw/satloc/part_1/Satellite Data/sat_image_ref/04691.jpg,4694,101.05766515030216,1,/Users/harishprabhu/Documents/drone-localisation/data/raw/satloc/part_1/Satellite Data/sat_image_ref/04694.jpg,4692,31.30179162266034,9,/Users/harishprabhu/Documents/drone-localisation/data/raw/satloc/part_1/Satellite Data/sat_image_ref/04692.jpg,/Users/harishprabhu/Documents/drone-localisation/data/raw/satloc/part_1/UAV Data/traj01/506@214202@112.823585@28.294347.png,/Users/harishprabhu/Documents/drone-localisation/data/raw/satloc/part_1/UAV Data/traj01/506@214202@112.823585@28.294347.png,,,False,False,False,False,True,True,True,False,False,False,False,False,False,False,supporting_case,58.88100609492527
691,water_wetland,center,True,4.643806444041287,4.643806444041287,1,True,True,4.643806444041287,4.643806444041287,1,True,True,699.9607869646007,4.643806444041287,3,True,False,,center,4.643806444041287,1,5052,anchor_success,,,,,,,,,,,,,5052,4.643806444041287,1,/Users/harishprabhu/Documents/drone-localisation/data/raw/satloc/part_1/Satellite Data/sat_image_ref/05052.jpg,5052,4.643806444041287,1,/Users/harishprabhu/Documents/drone-localisation/data/raw/satloc/part_1/Satellite Data/sat_image_ref/05052.jpg,4947,699.9607869646007,1,/Users/harishprabhu/Documents/drone-localisation/data/raw/satloc/part_1/Satellite Data/sat_image_ref/04947.jpg,5052,4.643806444041287,3,/Users/harishprabhu/Documents/drone-localisation/data/raw/satloc/part_1/Satellite Data/sat_image_ref/05052.jpg,/Users/harishprabhu/Documents/drone-localisation/data/raw/satloc/part_1/UAV Data/traj01/691@108102@112.818549@28.293386.png,/Users/harishprabhu/Documents/drone-localisation/data/raw/satloc/part_1/UAV Data/traj01/691@108102@112.818549@28.293386.png,,,False,False,False,False,True,True,True,False,False,False,False,False,False,False,supporting_case,58.83904838898968
236,mixed_urban_natural,center,True,317.5159992014917,5.271813032039927,75,True,True,317.5159992014917,5.271813032039927,75,True,True,214.4480768959508,37.9537350953939,72,True,False,,center,5.271813032039927,75,2774,anchor_success,,,,,,,,,,,,,2282,317.5159992014917,1,/Users/harishprabhu/Documents/drone-localisation/data/raw/satloc/part_1/Satellite Data/sat_image_ref/02282.jpg,2774,5.271813032039927,75,/Users/harishprabhu/Documents/drone-localisation/data/raw/satloc/part_1/Satellite Data/sat_image_ref/02774.jpg,2023,214.4480768959508,1,/Users/harishprabhu/Documents/drone-localisation/data/raw/satloc/part_1/Satellite Data/sat_image_ref/02023.jpg,2649,37.9537350953939,72,/Users/harishprabhu/Documents/drone-localisation/data/raw/satloc/part_1/Satellite Data/sat_image_ref/02649.jpg,/Users/harishprabhu/Documents/drone-localisation/data/raw/satloc/part_1/UAV Data/traj01/236@235221@112.808525@28.299055.png,/Users/harishprabhu/Documents/drone-localisation/data/raw/satloc/part_1/UAV Data/traj01/236@235221@112.808525@28.299055.png,,,False,False,False,False,True,True,True,False,False,False,False,False,False,False,supporting_case,58.68204674199002
36,mixed_urban_natural,center,True,51.909551038457934,5.350554710134559,4,True,True,51.909551038457934,5.350554710134559,4,True,True,81.87275744258483,5.350554710134559,8,True,False,,center,5.350554710134559,4,2296,anchor_success,,,,,,,,,,,,,2422,51.909551038457934,1,/Users/harishprabhu/Documents/drone-localisation/data/raw/satloc/part_1/Satellite Data/sat_image_ref/02422.jpg,2296,5.350554710134559,4,/Users/harishprabhu/Documents/drone-localisation/data/raw/satloc/part_1/Satellite Data/sat_image_ref/02296.jpg,2423,81.87275744258483,1,/Users/harishprabhu/Documents/drone-localisation/data/raw/satloc/part_1/Satellite Data/sat_image_ref/02423.jpg,2296,5.350554710134559,8,/Users/harishprabhu/Documents/drone-localisation/data/raw/satloc/part_1/Satellite Data/sat_image_ref/02296.jpg,/Users/harishprabhu/Documents/drone-localisation/data/raw/satloc/part_1/UAV Data/traj01/36@35033@112.816364@28.300320.png,/Users/harishprabhu/Documents/drone-localisation/data/raw/satloc/part_1/UAV Data/traj01/36@35033@112.816364@28.300320.png,,,False,False,False,False,True,True,True,False,False,False,False,False,False,False,supporting_case,58.66236132246636
696,water_wetland,center,True,29.296791865871874,5.670951564113122,2,True,True,29.296791865871874,5.670951564113122,2,True,True,5.670951564113122,5.670951564113122,1,True,False,,center,5.670951564113122,2,5302,anchor_success,,,,,,,,,,,,,5177,29.296791865871874,1,/Users/harishprabhu/Documents/drone-localisation/data/raw/satloc/part_1/Satellite Data/sat_image_ref/05177.jpg,5302,5.670951564113122,2,/Users/harishprabhu/Documents/drone-localisation/data/raw/satloc/part_1/Satellite Data/sat_image_ref/05302.jpg,5302,5.670951564113122,1,/Users/harishprabhu/Documents/drone-localisation/data/raw/satloc/part_1/Satellite Data/sat_image_ref/05302.jpg,5302,5.670951564113122,1,/Users/harishprabhu/Documents/drone-localisation/data/raw/satloc/part_1/Satellite Data/sat_image_ref/05302.jpg,/Users/harishprabhu/Documents/drone-localisation/data/raw/satloc/part_1/UAV Data/traj01/696@113106@112.818562@28.292850.png,/Users/harishprabhu/Documents/drone-localisation/data/raw/satloc/part_1/UAV Data/traj01/696@113106@112.818562@28.292850.png,,,False,False,False,False,True,True,True,False,False,False,False,False,False,False,supporting_case,58.58226210897172
446,forest_canopy,center,True,452.9819113888986,6.058221583632133,92,True,True,452.9819113888986,6.058221583632133,92,True,True,427.15579345397725,30.227178899787308,81,True,False,,center,6.058221583632133,92,6688,anchor_success,,,,,,,,,,,,,5698,452.9819113888986,1,/Users/harishprabhu/Documents/drone-localisation/data/raw/satloc/part_1/Satellite Data/sat_image_ref/05698.jpg,6688,6.058221583632133,92,/Users/harishprabhu/Documents/drone-localisation/data/raw/satloc/part_1/Satellite Data/sat_image_ref/06688.jpg,6074,427.15579345397725,1,/Users/harishprabhu/Documents/drone-localisation/data/raw/satloc/part_1/Satellite Data/sat_image_ref/06074.jpg,6813,30.227178899787308,81,/Users/harishprabhu/Documents/drone-localisation/data/raw/satloc/part_1/Satellite Data/sat_image_ref/06813.jpg,/Users/harishprabhu/Documents/drone-localisation/data/raw/satloc/part_1/UAV Data/traj01/446@154145@112.822441@28.289301.png,/Users/harishprabhu/Documents/drone-localisation/data/raw/satloc/part_1/UAV Data/traj01/446@154145@112.822441@28.289301.png,,,False,False,False,False,True,True,True,False,False,False,False,False,False,False,supporting_case,58.48544460409197
1001,mixed_urban_natural,center,True,55.39592191016538,6.486118479131156,4,True,True,55.39592191016538,6.486118479131156,4,True,True,875.9143265802841,33.069889913127334,66,True,False,,center,6.486118479131156,4,5171,anchor_success,,,,,,,,,,,,,5297,55.39592191016538,1,/Users/harishprabhu/Documents/drone-localisation/data/raw/satloc/part_1/Satellite Data/sat_image_ref/05297.jpg,5171,6.486118479131156,4,/Users/harishprabhu/Documents/drone-localisation/data/raw/satloc/part_1/Satellite Data/sat_image_ref/05171.jpg,2532,875.9143265802841,1,/Users/harishprabhu/Documents/drone-localisation/data/raw/satloc/part_1/Satellite Data/sat_image_ref/02532.jpg,5046,33.069889913127334,66,/Users/harishprabhu/Documents/drone-localisation/data/raw/satloc/part_1/Satellite Data/sat_image_ref/05046.jpg,/Users/harishprabhu/Documents/drone-localisation/data/raw/satloc/part_1/UAV Data/traj01/1001@127119@112.816354@28.293135.png,/Users/harishprabhu/Documents/drone-localisation/data/raw/satloc/part_1/UAV Data/traj01/1001@127119@112.816354@28.293135.png,,,False,False,False,False,True,True,True,False,False,False,False,False,False,False,supporting_case,58.37847038021721
906,mixed_urban_natural,center,True,6.51829275265421,6.51829275265421,1,True,True,6.51829275265421,6.51829275265421,1,True,True,6.51829275265421,6.51829275265421,1,True,False,,center,6.51829275265421,1,2042,anchor_success,,,,,,,,,,,,,2042,6.51829275265421,1,/Users/harishprabhu/Documents/drone-localisation/data/raw/satloc/part_1/Satellite Data/sat_image_ref/02042.jpg,2042,6.51829275265421,1,/Users/harishprabhu/Documents/drone-localisation/data/raw/satloc/part_1/Satellite Data/sat_image_ref/02042.jpg,2042,6.51829275265421,1,/Users/harishprabhu/Documents/drone-localisation/data/raw/satloc/part_1/Satellite Data/sat_image_ref/02042.jpg,2042,6.51829275265421,1,/Users/harishprabhu/Documents/drone-localisation/data/raw/satloc/part_1/Satellite Data/sat_image_ref/02042.jpg,/Users/harishprabhu/Documents/drone-localisation/data/raw/satloc/part_1/UAV Data/traj01/906@32030@112.815050@28.300988.png,/Users/harishprabhu/Documents/drone-localisation/data/raw/satloc/part_1/UAV Data/traj01/906@32030@112.815050@28.300988.png,,,False,False,False,False,True,True,True,False,False,False,False,False,False,False,supporting_case,58.370426811836445
776,water_wetland,center,True,80.78020936908213,6.6436212149452265,17,True,True,80.78020936908213,6.6436212149452265,17,True,True,103.17805244373054,6.6436212149452265,65,True,False,,center,6.6436212149452265,17,4907,anchor_success,,,,,,,,,,,,,5034,80.78020936908213,1,/Users/harishprabhu/Documents/drone-localisation/data/raw/satloc/part_1/Satellite Data/sat_image_ref/05034.jpg,4907,6.6436212149452265,17,/Users/harishprabhu/Documents/drone-localisation/data/raw/satloc/part_1/Satellite Data/sat_image_ref/04907.jpg,5159,103.17805244373054,1,/Users/harishprabhu/Documents/drone-localisation/data/raw/satloc/part_1/Satellite Data/sat_image_ref/05159.jpg,4907,6.6436212149452265,65,/Users/harishprabhu/Documents/drone-localisation/data/raw/satloc/part_1/Satellite Data/sat_image_ref/04907.jpg,/Users/harishprabhu/Documents/drone-localisation/data/raw/satloc/part_1/UAV Data/traj01/776@193182@112.811429@28.293801.png,/Users/harishprabhu/Documents/drone-localisation/data/raw/satloc/part_1/UAV Data/traj01/776@193182@112.811429@28.293801.png,,,False,False,False,False,True,True,True,False,False,False,False,False,False,False,supporting_case,58.33909469626369
566,urban,center,True,1427.040007261071,6.715924060348221,23,True,True,1427.040007261071,6.715924060348221,23,True,True,98.61093824438277,6.715924060348221,77,True,False,,center,6.715924060348221,23,2816,anchor_success,,,,,,,,,,,,,3107,1427.040007261071,1,/Users/harishprabhu/Documents/drone-localisation/data/raw/satloc/part_1/Satellite Data/sat_image_ref/03107.jpg,2816,6.715924060348221,23,/Users/harishprabhu/Documents/drone-localisation/data/raw/satloc/part_1/Satellite Data/sat_image_ref/02816.jpg,2819,98.61093824438277,1,/Users/harishprabhu/Documents/drone-localisation/data/raw/satloc/part_1/Satellite Data/sat_image_ref/02819.jpg,2816,6.715924060348221,77,/Users/harishprabhu/Documents/drone-localisation/data/raw/satloc/part_1/Satellite Data/sat_image_ref/02816.jpg,/Users/harishprabhu/Documents/drone-localisation/data/raw/satloc/part_1/UAV Data/traj01/566@274258@112.823610@28.299104.png,/Users/harishprabhu/Documents/drone-localisation/data/raw/satloc/part_1/UAV Data/traj01/566@274258@112.823610@28.299104.png,,,False,False,False,False,True,True,True,False,False,False,False,False,False,False,supporting_case,58.321018984912946
56,mixed_urban_natural,center,True,29.03867078718236,6.721247144676574,2,True,True,29.03867078718236,6.721247144676574,2,True,True,29.03867078718236,6.721247144676574,5,True,False,,center,6.721247144676574,2,1421,anchor_success,,,,,,,,,,,,,1420,29.03867078718236,1,/Users/harishprabhu/Documents/drone-localisation/data/raw/satloc/part_1/Satellite Data/sat_image_ref/01420.jpg,1421,6.721247144676574,2,/Users/harishprabhu/Documents/drone-localisation/data/raw/satloc/part_1/Satellite Data/sat_image_ref/01421.jpg,1420,29.03867078718236,1,/Users/harishprabhu/Documents/drone-localisation/data/raw/satloc/part_1/Satellite Data/sat_image_ref/01420.jpg,1421,6.721247144676574,5,/Users/harishprabhu/Documents/drone-localisation/data/raw/satloc/part_1/Satellite Data/sat_image_ref/01421.jpg,/Users/harishprabhu/Documents/drone-localisation/data/raw/satloc/part_1/UAV Data/traj01/56@55051@112.816354@28.302561.png,/Users/harishprabhu/Documents/drone-localisation/data/raw/satloc/part_1/UAV Data/traj01/56@55051@112.816354@28.302561.png,,,False,False,False,False,True,True,True,False,False,False,False,False,False,False,supporting_case,58.31968821383086
671,water_wetland,center,True,527.184560953073,6.789186729195829,45,True,True,527.184560953073,6.789186729195829,45,True,True,6.789186729195829,6.789186729195829,1,True,False,,center,6.789186729195829,45,4177,anchor_success,,,,,,,,,,,,,5164,527.184560953073,1,/Users/harishprabhu/Documents/drone-localisation/data/raw/satloc/part_1/Satellite Data/sat_image_ref/05164.jpg,4177,6.789186729195829,45,/Users/harishprabhu/Documents/drone-localisation/data/raw/satloc/part_1/Satellite Data/sat_image_ref/04177.jpg,4177,6.789186729195829,1,/Users/harishprabhu/Documents/drone-localisation/data/raw/satloc/part_1/Satellite Data/sat_image_ref/04177.jpg,4177,6.789186729195829,1,/Users/harishprabhu/Documents/drone-localisation/data/raw/satloc/part_1/Satellite Data/sat_image_ref/04177.jpg,/Users/harishprabhu/Documents/drone-localisation/data/raw/satloc/part_1/UAV Data/traj01/671@88083@112.818524@28.295571.png,/Users/harishprabhu/Documents/drone-localisation/data/raw/satloc/part_1/UAV Data/traj01/671@88083@112.818524@28.295571.png,,,False,False,False,False,True,True,True,False,False,False,False,False,False,False,supporting_case,58.302703317701045
561,urban,center,True,238.2419937081548,7.008818015506182,67,True,True,238.2419937081548,7.008818015506182,67,True,True,1774.5802679538697,38.75686511626368,94,True,False,,center,7.008818015506182,67,2816,anchor_success,,,,,,,,,,,,,2823,238.2419937081548,1,/Users/harishprabhu/Documents/drone-localisation/data/raw/satloc/part_1/Satellite Data/sat_image_ref/02823.jpg,2816,7.008818015506182,67,/Users/harishprabhu/Documents/drone-localisation/data/raw/satloc/part_1/Satellite Data/sat_image_ref/02816.jpg,2742,1774.5802679538697,1,/Users/harishprabhu/Documents/drone-localisation/data/raw/satloc/part_1/Satellite Data/sat_image_ref/02742.jpg,2941,38.75686511626368,94,/Users/harishprabhu/Documents/drone-localisation/data/raw/satloc/part_1/Satellite Data/sat_image_ref/02941.jpg,/Users/harishprabhu/Documents/drone-localisation/data/raw/satloc/part_1/UAV Data/traj01/561@269254@112.823610@28.299110.png,/Users/harishprabhu/Documents/drone-localisation/data/raw/satloc/part_1/UAV Data/traj01/561@269254@112.823610@28.299110.png,,,False,False,False,False,True,True,True,False,False,False,False,False,False,False,supporting_case,58.24779549612346
311,forest_canopy,center,True,28.35076310615856,7.139590752604365,4,True,True,28.35076310615856,7.139590752604365,4,True,True,1481.5603049052206,7.139590752604365,7,True,False,,center,7.139590752604365,4,5899,anchor_success,,,,,,,,,,,,,5900,28.350763106158556,1,/Users/harishprabhu/Documents/drone-localisation/data/raw/satloc/part_1/Satellite Data/sat_image_ref/05900.jpg,5899,7.139590752604365,4,/Users/harishprabhu/Documents/drone-localisation/data/raw/satloc/part_1/Satellite Data/sat_image_ref/05899.jpg,763,1481.5603049052206,1,/Users/harishprabhu/Documents/drone-localisation/data/raw/satloc/part_1/Satellite Data/sat_image_ref/00763.jpg,5899,7.139590752604365,7,/Users/harishprabhu/Documents/drone-localisation/data/raw/satloc/part_1/Satellite Data/sat_image_ref/05899.jpg,/Users/harishprabhu/Documents/drone-localisation/data/raw/satloc/part_1/UAV Data/traj01/311@19017@112.808639@28.291252.png,/Users/harishprabhu/Documents/drone-localisation/data/raw/satloc/part_1/UAV Data/traj01/311@19017@112.808639@28.291252.png,,,False,False,False,False,True,True,True,False,False,False,False,False,False,False,supporting_case,58.21510231184891
556,urban,center,True,28.765284422622624,7.233960447605734,10,True,True,28.765284422622624,7.233960447605734,10,True,True,63.56183830080474,7.233960447605734,35,True,False,,center,7.233960447605734,10,2816,anchor_success,,,,,,,,,,,,,2817,28.765284422622624,1,/Users/harishprabhu/Documents/drone-localisation/data/raw/satloc/part_1/Satellite Data/sat_image_ref/02817.jpg,2816,7.233960447605734,10,/Users/harishprabhu/Documents/drone-localisation/data/raw/satloc/part_1/Satellite Data/sat_image_ref/02816.jpg,2818,63.56183830080474,1,/Users/harishprabhu/Documents/drone-localisation/data/raw/satloc/part_1/Satellite Data/sat_image_ref/02818.jpg,2816,7.233960447605734,35,/Users/harishprabhu/Documents/drone-localisation/data/raw/satloc/part_1/Satellite Data/sat_image_ref/02816.jpg,/Users/harishprabhu/Documents/drone-localisation/data/raw/satloc/part_1/UAV Data/traj01/556@264249@112.823612@28.299111.png,/Users/harishprabhu/Documents/drone-localisation/data/raw/satloc/part_1/UAV Data/traj01/556@264249@112.823612@28.299111.png,,,False,False,False,False,True,True,True,False,False,False,False,False,False,False,supporting_case,58.191509888098565
901,mixed_urban_natural,center,True,28.979455146267767,8.00563572809395,20,True,True,28.979455146267767,8.00563572809395,20,True,True,70.95203701935586,8.00563572809395,14,True,False,,center,8.00563572809395,20,1792,anchor_success,,,,,,,,,,,,,1917,28.979455146267767,1,/Users/harishprabhu/Documents/drone-localisation/data/raw/satloc/part_1/Satellite Data/sat_image_ref/01917.jpg,1792,8.00563572809395,20,/Users/harishprabhu/Documents/drone-localisation/data/raw/satloc/part_1/Satellite Data/sat_image_ref/01792.jpg,1919,70.95203701935586,1,/Users/harishprabhu/Documents/drone-localisation/data/raw/satloc/part_1/Satellite Data/sat_image_ref/01919.jpg,1792,8.00563572809395,14,/Users/harishprabhu/Documents/drone-localisation/data/raw/satloc/part_1/Satellite Data/sat_image_ref/01792.jpg,/Users/harishprabhu/Documents/drone-localisation/data/raw/satloc/part_1/UAV Data/traj01/901@27025@112.815039@28.301535.png,/Users/harishprabhu/Documents/drone-localisation/data/raw/satloc/part_1/UAV Data/traj01/901@27025@112.815039@28.301535.png,,,False,False,False,False,True,True,True,False,False,False,False,False,False,False,supporting_case,57.99859106797651
766,water_wetland,center,True,40.69967105190392,8.205949422479867,3,True,True,40.69967105190392,8.205949422479867,3,True,True,41.52046750557509,8.205949422479867,3,True,False,,center,8.205949422479867,3,5283,anchor_success,,,,,,,,,,,,,5408,40.69967105190392,1,/Users/harishprabhu/Documents/drone-localisation/data/raw/satloc/part_1/Satellite Data/sat_image_ref/05408.jpg,5283,8.205949422479867,3,/Users/harishprabhu/Documents/drone-localisation/data/raw/satloc/part_1/Satellite Data/sat_image_ref/05283.jpg,5284,41.52046750557509,1,/Users/harishprabhu/Documents/drone-localisation/data/raw/satloc/part_1/Satellite Data/sat_image_ref/05284.jpg,5283,8.205949422479867,3,/Users/harishprabhu/Documents/drone-localisation/data/raw/satloc/part_1/Satellite Data/sat_image_ref/05283.jpg,/Users/harishprabhu/Documents/drone-localisation/data/raw/satloc/part_1/UAV Data/traj01/766@183172@112.811716@28.292847.png,/Users/harishprabhu/Documents/drone-localisation/data/raw/satloc/part_1/UAV Data/traj01/766@183172@112.811716@28.292847.png,,,False,False,False,False,True,True,True,False,False,False,False,False,False,False,supporting_case,57.94851264438003
321,forest_canopy,center,True,944.6078531128308,8.451162504419017,79,True,True,944.6078531128308,8.451162504419017,79,True,True,944.6078531128308,8.451162504419017,85,True,False,,center,8.451162504419017,79,6274,anchor_success,,,,,,,,,,,,,4750,944.6078531128308,1,/Users/harishprabhu/Documents/drone-localisation/data/raw/satloc/part_1/Satellite Data/sat_image_ref/04750.jpg,6274,8.451162504419017,79,/Users/harishprabhu/Documents/drone-localisation/data/raw/satloc/part_1/Satellite Data/sat_image_ref/06274.jpg,4750,944.6078531128308,1,/Users/harishprabhu/Documents/drone-localisation/data/raw/satloc/part_1/Satellite Data/sat_image_ref/04750.jpg,6274,8.451162504419017,85,/Users/harishprabhu/Documents/drone-localisation/data/raw/satloc/part_1/Satellite Data/sat_image_ref/06274.jpg,/Users/harishprabhu/Documents/drone-localisation/data/raw/satloc/part_1/UAV Data/traj01/321@29027@112.808657@28.290283.png,/Users/harishprabhu/Documents/drone-localisation/data/raw/satloc/part_1/UAV Data/traj01/321@29027@112.808657@28.290283.png,,,False,False,False,False,True,True,True,False,False,False,False,False,False,False,supporting_case,57.887209373895246
471,forest_canopy,center,True,62.97937039908961,8.585134955986748,6,True,True,62.97937039908961,8.585134955986748,6,True,True,500.0669172853216,8.585134955986748,40,True,False,,center,8.585134955986748,6,6191,anchor_success,,,,,,,,,,,,,6193,62.97937039908961,1,/Users/harishprabhu/Documents/drone-localisation/data/raw/satloc/part_1/Satellite Data/sat_image_ref/06193.jpg,6191,8.585134955986748,6,/Users/harishprabhu/Documents/drone-localisation/data/raw/satloc/part_1/Satellite Data/sat_image_ref/06191.jpg,6427,500.0669172853216,1,/Users/harishprabhu/Documents/drone-localisation/data/raw/satloc/part_1/Satellite Data/sat_image_ref/06427.jpg,6191,8.585134955986748,40,/Users/harishprabhu/Documents/drone-localisation/data/raw/satloc/part_1/Satellite Data/sat_image_ref/06191.jpg,/Users/harishprabhu/Documents/drone-localisation/data/raw/satloc/part_1/UAV Data/traj01/471@179169@112.823619@28.290557.png,/Users/harishprabhu/Documents/drone-localisation/data/raw/satloc/part_1/UAV Data/traj01/471@179169@112.823619@28.290557.png,,,False,False,False,False,True,True,True,False,False,False,False,False,False,False,supporting_case,57.85371626100331
501,forest_canopy,center,True,66.57823327982736,8.677938848938416,25,True,True,66.57823327982736,8.677938848938416,25,True,True,101.33131464784262,8.677938848938416,24,True,False,,center,8.677938848938416,25,4941,anchor_success,,,,,,,,,,,,,4943,66.57823327982736,1,/Users/harishprabhu/Documents/drone-localisation/data/raw/satloc/part_1/Satellite Data/sat_image_ref/04943.jpg,4941,8.677938848938416,25,/Users/harishprabhu/Documents/drone-localisation/data/raw/satloc/part_1/Satellite Data/sat_image_ref/04941.jpg,4944,101.33131464784262,1,/Users/harishprabhu/Documents/drone-localisation/data/raw/satloc/part_1/Satellite Data/sat_image_ref/04944.jpg,4941,8.677938848938416,24,/Users/harishprabhu/Documents/drone-localisation/data/raw/satloc/part_1/Satellite Data/sat_image_ref/04941.jpg,/Users/harishprabhu/Documents/drone-localisation/data/raw/satloc/part_1/UAV Data/traj01/501@209197@112.823585@28.293812.png,/Users/harishprabhu/Documents/drone-localisation/data/raw/satloc/part_1/UAV Data/traj01/501@209197@112.823585@28.293812.png,,,False,False,False,False,True,True,True,False,False,False,False,False,False,False,supporting_case,57.830515287765394
266,mixed_urban_natural,center,True,139.35118475730613,8.731840272672745,22,True,True,139.35118475730613,8.731840272672745,22,True,True,104.53028350780188,8.731840272672745,63,True,False,,center,8.731840272672745,22,4024,anchor_success,,,,,,,,,,,,,4020,139.35118475730613,1,/Users/harishprabhu/Documents/drone-localisation/data/raw/satloc/part_1/Satellite Data/sat_image_ref/04020.jpg,4024,8.731840272672745,22,/Users/harishprabhu/Documents/drone-localisation/data/raw/satloc/part_1/Satellite Data/sat_image_ref/04024.jpg,4021,104.53028350780188,1,/Users/harishprabhu/Documents/drone-localisation/data/raw/satloc/part_1/Satellite Data/sat_image_ref/04021.jpg,4024,8.731840272672745,63,/Users/harishprabhu/Documents/drone-localisation/data/raw/satloc/part_1/Satellite Data/sat_image_ref/04024.jpg,/Users/harishprabhu/Documents/drone-localisation/data/raw/satloc/part_1/UAV Data/traj01/266@265250@112.808565@28.296018.png,/Users/harishprabhu/Documents/drone-localisation/data/raw/satloc/part_1/UAV Data/traj01/266@265250@112.808565@28.296018.png,,,False,False,False,False,True,True,True,False,False,False,False,False,False,False,supporting_case,57.817039931831815
441,forest_canopy,center,True,481.9429394210511,8.745462598836982,90,True,True,481.9429394210511,8.745462598836982,90,True,True,98.06087837662606,8.745462598836982,89,True,False,,center,8.745462598836982,90,6686,anchor_success,,,,,,,,,,,,,6074,481.9429394210511,1,/Users/harishprabhu/Documents/drone-localisation/data/raw/satloc/part_1/Satellite Data/sat_image_ref/06074.jpg,6686,8.745462598836982,90,/Users/harishprabhu/Documents/drone-localisation/data/raw/satloc/part_1/Satellite Data/sat_image_ref/06686.jpg,6689,98.06087837662606,1,/Users/harishprabhu/Documents/drone-localisation/data/raw/satloc/part_1/Satellite Data/sat_image_ref/06689.jpg,6686,8.745462598836982,89,/Users/harishprabhu/Documents/drone-localisation/data/raw/satloc/part_1/Satellite Data/sat_image_ref/06686.jpg,/Users/harishprabhu/Documents/drone-localisation/data/raw/satloc/part_1/UAV Data/traj01/441@149140@112.821834@28.289296.png,/Users/harishprabhu/Documents/drone-localisation/data/raw/satloc/part_1/UAV Data/traj01/441@149140@112.821834@28.289296.png,,,False,False,False,False,True,True,True,False,False,False,False,False,False,False,supporting_case,57.813634350290755
861,mixed_urban_natural,center,True,1380.9549627350411,8.829569762993676,3,True,True,1380.9549627350411,8.829569762993676,3,True,True,40.73074388519394,8.829569762993676,3,True,False,,center,8.829569762993676,3,1532,anchor_success,,,,,,,,,,,,,5004,1380.9549627350411,1,/Users/harishprabhu/Documents/drone-localisation/data/raw/satloc/part_1/Satellite Data/sat_image_ref/05004.jpg,1532,8.829569762993676,3,/Users/harishprabhu/Documents/drone-localisation/data/raw/satloc/part_1/Satellite Data/sat_image_ref/01532.jpg,1406,40.73074388519394,1,/Users/harishprabhu/Documents/drone-localisation/data/raw/satloc/part_1/Satellite Data/sat_image_ref/01406.jpg,1532,8.829569762993676,3,/Users/harishprabhu/Documents/drone-localisation/data/raw/satloc/part_1/Satellite Data/sat_image_ref/01532.jpg,/Users/harishprabhu/Documents/drone-localisation/data/raw/satloc/part_1/UAV Data/traj01/861@278262@112.811349@28.302265.png,/Users/harishprabhu/Documents/drone-localisation/data/raw/satloc/part_1/UAV Data/traj01/861@278262@112.811349@28.302265.png,,,False,False,False,False,True,True,True,False,False,False,False,False,False,False,supporting_case,57.79260755925158
76,mixed_urban_natural,center,True,28.419712175537224,8.831512753609758,4,True,True,28.419712175537224,8.831512753609758,4,True,True,28.419712175537224,8.831512753609758,10,True,False,,center,8.831512753609758,4,546,anchor_success,,,,,,,,,,,,,545,28.419712175537224,1,/Users/harishprabhu/Documents/drone-localisation/data/raw/satloc/part_1/Satellite Data/sat_image_ref/00545.jpg,546,8.831512753609758,4,/Users/harishprabhu/Documents/drone-localisation/data/raw/satloc/part_1/Satellite Data/sat_image_ref/00546.jpg,545,28.419712175537224,1,/Users/harishprabhu/Documents/drone-localisation/data/raw/satloc/part_1/Satellite Data/sat_image_ref/00545.jpg,546,8.831512753609758,10,/Users/harishprabhu/Documents/drone-localisation/data/raw/satloc/part_1/Satellite Data/sat_image_ref/00546.jpg,/Users/harishprabhu/Documents/drone-localisation/data/raw/satloc/part_1/UAV Data/traj01/76@75070@112.816344@28.304684.png,/Users/harishprabhu/Documents/drone-localisation/data/raw/satloc/part_1/UAV Data/traj01/76@75070@112.816344@28.304684.png,,,False,False,False,False,True,True,True,False,False,False,False,False,False,False,supporting_case,57.79212181159756
246,mixed_urban_natural,center,True,33.330891866556286,9.072375143845315,8,True,True,33.330891866556286,9.072375143845315,8,True,True,33.330891866556286,9.072375143845315,32,True,False,,center,9.072375143845315,8,3149,anchor_success,,,,,,,,,,,,,3148,33.330891866556286,1,/Users/harishprabhu/Documents/drone-localisation/data/raw/satloc/part_1/Satellite Data/sat_image_ref/03148.jpg,3149,9.072375143845315,8,/Users/harishprabhu/Documents/drone-localisation/data/raw/satloc/part_1/Satellite Data/sat_image_ref/03149.jpg,3148,33.330891866556286,1,/Users/harishprabhu/Documents/drone-localisation/data/raw/satloc/part_1/Satellite Data/sat_image_ref/03148.jpg,3149,9.072375143845315,32,/Users/harishprabhu/Documents/drone-localisation/data/raw/satloc/part_1/Satellite Data/sat_image_ref/03149.jpg,/Users/harishprabhu/Documents/drone-localisation/data/raw/satloc/part_1/UAV Data/traj01/246@245231@112.808543@28.298060.png,/Users/harishprabhu/Documents/drone-localisation/data/raw/satloc/part_1/UAV Data/traj01/246@245231@112.808543@28.298060.png,,,False,False,False,False,True,True,True,False,False,False,False,False,False,False,supporting_case,57.73190621403867
411,forest_canopy,center,True,87.15477715797378,31.67840345729456,86,True,True,87.15477715797378,31.67840345729456,86,True,True,77.96820217913623,9.07977077931199,2,True,False,,resize,9.07977077931199,2,6676,anchor_success,,,,,,,,,,,,,6425,87.15477715797378,1,/Users/harishprabhu/Documents/drone-localisation/data/raw/satloc/part_1/Satellite Data/sat_image_ref/06425.jpg,6677,31.67840345729456,86,/Users/harishprabhu/Documents/drone-localisation/data/raw/satloc/part_1/Satellite Data/sat_image_ref/06677.jpg,6426,77.96820217913623,1,/Users/harishprabhu/Documents/drone-localisation/data/raw/satloc/part_1/Satellite Data/sat_image_ref/06426.jpg,6676,9.07977077931199,2,/Users/harishprabhu/Documents/drone-localisation/data/raw/satloc/part_1/Satellite Data/sat_image_ref/06676.jpg,/Users/harishprabhu/Documents/drone-localisation/data/raw/satloc/part_1/UAV Data/traj01/411@119112@112.818242@28.289273.png,/Users/harishprabhu/Documents/drone-localisation/data/raw/satloc/part_1/UAV Data/traj01/411@119112@112.818242@28.289273.png,,,False,False,False,False,True,True,True,False,False,False,False,False,False,False,supporting_case,57.730057305172004
416,forest_canopy,center,True,30.30617236171556,9.291432496022136,19,True,True,30.30617236171556,9.291432496022136,19,True,True,1469.3473142032935,30.30617236171556,55,True,False,,center,9.291432496022136,19,6678,anchor_success,,,,,,,,,,,,,6677,30.30617236171556,1,/Users/harishprabhu/Documents/drone-localisation/data/raw/satloc/part_1/Satellite Data/sat_image_ref/06677.jpg,6678,9.291432496022136,19,/Users/harishprabhu/Documents/drone-localisation/data/raw/satloc/part_1/Satellite Data/sat_image_ref/06678.jpg,2527,1469.3473142032935,1,/Users/harishprabhu/Documents/drone-localisation/data/raw/satloc/part_1/Satellite Data/sat_image_ref/02527.jpg,6677,30.30617236171556,55,/Users/harishprabhu/Documents/drone-localisation/data/raw/satloc/part_1/Satellite Data/sat_image_ref/06677.jpg,/Users/harishprabhu/Documents/drone-localisation/data/raw/satloc/part_1/UAV Data/traj01/416@124117@112.818855@28.289278.png,/Users/harishprabhu/Documents/drone-localisation/data/raw/satloc/part_1/UAV Data/traj01/416@124117@112.818855@28.289278.png,,,False,False,False,False,True,True,True,False,False,False,False,False,False,False,supporting_case,57.677141875994465
706,water_wetland,center,True,40.17484289881138,9.584042143069292,8,True,True,40.17484289881138,9.584042143069292,8,True,True,40.17484289881138,9.584042143069292,8,True,False,,center,9.584042143069292,8,5551,anchor_success,,,,,,,,,,,,,5677,40.17484289881138,1,/Users/harishprabhu/Documents/drone-localisation/data/raw/satloc/part_1/Satellite Data/sat_image_ref/05677.jpg,5551,9.584042143069292,8,/Users/harishprabhu/Documents/drone-localisation/data/raw/satloc/part_1/Satellite Data/sat_image_ref/05551.jpg,5677,40.17484289881138,1,/Users/harishprabhu/Documents/drone-localisation/data/raw/satloc/part_1/Satellite Data/sat_image_ref/05677.jpg,5551,9.584042143069292,8,/Users/harishprabhu/Documents/drone-localisation/data/raw/satloc/part_1/Satellite Data/sat_image_ref/05551.jpg,/Users/harishprabhu/Documents/drone-localisation/data/raw/satloc/part_1/UAV Data/traj01/706@123116@112.818248@28.292097.png,/Users/harishprabhu/Documents/drone-localisation/data/raw/satloc/part_1/UAV Data/traj01/706@123116@112.818248@28.292097.png,,,False,False,False,False,True,True,True,False,False,False,False,False,False,False,supporting_case,57.603989464232676
431,forest_canopy,center,True,560.8892433267262,9.59373401399508,24,True,True,560.8892433267262,9.59373401399508,24,True,False,216.7722224215482,41.88764310678802,31,True,False,,center,9.59373401399508,24,6683,anchor_success,,,,,,,,,,,,,6073,560.8892433267262,1,/Users/harishprabhu/Documents/drone-localisation/data/raw/satloc/part_1/Satellite Data/sat_image_ref/06073.jpg,6683,9.59373401399508,24,/Users/harishprabhu/Documents/drone-localisation/data/raw/satloc/part_1/Satellite Data/sat_image_ref/06683.jpg,6689,216.7722224215482,1,/Users/harishprabhu/Documents/drone-localisation/data/raw/satloc/part_1/Satellite Data/sat_image_ref/06689.jpg,6558,41.88764310678802,31,/Users/harishprabhu/Documents/drone-localisation/data/raw/satloc/part_1/Satellite Data/sat_image_ref/06558.jpg,/Users/harishprabhu/Documents/drone-localisation/data/raw/satloc/part_1/UAV Data/traj01/431@139131@112.820621@28.289288.png,/Users/harishprabhu/Documents/drone-localisation/data/raw/satloc/part_1/UAV Data/traj01/431@139131@112.820621@28.289288.png,,,False,False,False,False,True,True,False,False,False,False,False,False,False,False,supporting_case,57.60156649650123
806,water_wetland,center,True,9.819790360308986,9.819790360308986,1,True,True,9.819790360308986,9.819790360308986,1,True,True,1789.3642835935848,9.819790360308986,15,True,False,,center,9.819790360308986,1,3657,anchor_success,,,,,,,,,,,,,3657,9.819790360308986,1,/Users/harishprabhu/Documents/drone-localisation/data/raw/satloc/part_1/Satellite Data/sat_image_ref/03657.jpg,3657,9.819790360308986,1,/Users/harishprabhu/Documents/drone-localisation/data/raw/satloc/part_1/Satellite Data/sat_image_ref/03657.jpg,8441,1789.3642835935848,1,/Users/harishprabhu/Documents/drone-localisation/data/raw/satloc/part_1/Satellite Data/sat_image_ref/08441.jpg,3657,9.819790360308986,15,/Users/harishprabhu/Documents/drone-localisation/data/raw/satloc/part_1/Satellite Data/sat_image_ref/03657.jpg,/Users/harishprabhu/Documents/drone-localisation/data/raw/satloc/part_1/UAV Data/traj01/806@223210@112.811332@28.296918.png,/Users/harishprabhu/Documents/drone-localisation/data/raw/satloc/part_1/UAV Data/traj01/806@223210@112.811332@28.296918.png,,,False,False,False,False,True,True,True,False,False,False,False,False,False,False,supporting_case,57.545052409922754
241,mixed_urban_natural,center,True,395.80365169235193,10.67818539542328,5,True,True,395.80365169235193,10.67818539542328,5,True,False,271.36647459861126,53.99654804859759,12,True,False,,center,10.67818539542328,5,3024,anchor_success,,,,,,,,,,,,,2158,395.80365169235193,1,/Users/harishprabhu/Documents/drone-localisation/data/raw/satloc/part_1/Satellite Data/sat_image_ref/02158.jpg,3024,10.67818539542328,5,/Users/harishprabhu/Documents/drone-localisation/data/raw/satloc/part_1/Satellite Data/sat_image_ref/03024.jpg,2023,271.36647459861126,1,/Users/harishprabhu/Documents/drone-localisation/data/raw/satloc/part_1/Satellite Data/sat_image_ref/02023.jpg,3148,53.99654804859759,12,/Users/harishprabhu/Documents/drone-localisation/data/raw/satloc/part_1/Satellite Data/sat_image_ref/03148.jpg,/Users/harishprabhu/Documents/drone-localisation/data/raw/satloc/part_1/UAV Data/traj01/241@240226@112.808525@28.298539.png,/Users/harishprabhu/Documents/drone-localisation/data/raw/satloc/part_1/UAV Data/traj01/241@240226@112.808525@28.298539.png,,,False,False,False,False,True,True,False,False,False,False,False,False,False,False,supporting_case,57.33045365114418
456,forest_canopy,center,True,34.1754381751757,10.960824318770378,16,True,True,34.1754381751757,10.960824318770378,16,True,True,339.76717449860286,10.960824318770378,7,True,False,,center,10.960824318770378,16,6691,anchor_success,,,,,,,,,,,,,6816,34.1754381751757,1,/Users/harishprabhu/Documents/drone-localisation/data/raw/satloc/part_1/Satellite Data/sat_image_ref/06816.jpg,6691,10.960824318770378,16,/Users/harishprabhu/Documents/drone-localisation/data/raw/satloc/part_1/Satellite Data/sat_image_ref/06691.jpg,6074,339.76717449860286,1,/Users/harishprabhu/Documents/drone-localisation/data/raw/satloc/part_1/Satellite Data/sat_image_ref/06074.jpg,6691,10.960824318770378,7,/Users/harishprabhu/Documents/drone-localisation/data/raw/satloc/part_1/Satellite Data/sat_image_ref/06691.jpg,/Users/harishprabhu/Documents/drone-localisation/data/raw/satloc/part_1/UAV Data/traj01/456@164154@112.823438@28.289323.png,/Users/harishprabhu/Documents/drone-localisation/data/raw/satloc/part_1/UAV Data/traj01/456@164154@112.823438@28.289323.png,,,False,False,False,False,True,True,True,False,False,False,False,False,False,False,supporting_case,57.2597939203074
71,mixed_urban_natural,center,True,11.144605943225368,11.144605943225368,1,True,True,11.144605943225368,11.144605943225368,1,True,True,133.8868932352635,11.144605943225368,43,True,False,,center,11.144605943225368,1,796,anchor_success,,,,,,,,,,,,,796,11.144605943225368,1,/Users/harishprabhu/Documents/drone-localisation/data/raw/satloc/part_1/Satellite Data/sat_image_ref/00796.jpg,796,11.144605943225368,1,/Users/harishprabhu/Documents/drone-localisation/data/raw/satloc/part_1/Satellite Data/sat_image_ref/00796.jpg,295,133.8868932352635,1,/Users/harishprabhu/Documents/drone-localisation/data/raw/satloc/part_1/Satellite Data/sat_image_ref/00295.jpg,796,11.144605943225368,43,/Users/harishprabhu/Documents/drone-localisation/data/raw/satloc/part_1/Satellite Data/sat_image_ref/00796.jpg,/Users/harishprabhu/Documents/drone-localisation/data/raw/satloc/part_1/UAV Data/traj01/71@70066@112.816345@28.304183.png,/Users/harishprabhu/Documents/drone-localisation/data/raw/satloc/part_1/UAV Data/traj01/71@70066@112.816345@28.304183.png,,,False,False,False,False,True,True,True,False,False,False,False,False,False,False,supporting_case,57.21384851419366
51,mixed_urban_natural,center,True,11.381155301295788,11.381155301295788,1,True,True,11.381155301295788,11.381155301295788,1,True,True,87.52766772074408,11.381155301295788,18,True,False,,center,11.381155301295788,1,1671,anchor_success,,,,,,,,,,,,,1671,11.381155301295788,1,/Users/harishprabhu/Documents/drone-localisation/data/raw/satloc/part_1/Satellite Data/sat_image_ref/01671.jpg,1671,11.381155301295788,1,/Users/harishprabhu/Documents/drone-localisation/data/raw/satloc/part_1/Satellite Data/sat_image_ref/01671.jpg,1798,87.52766772074408,1,/Users/harishprabhu/Documents/drone-localisation/data/raw/satloc/part_1/Satellite Data/sat_image_ref/01798.jpg,1671,11.381155301295788,18,/Users/harishprabhu/Documents/drone-localisation/data/raw/satloc/part_1/Satellite Data/sat_image_ref/01671.jpg,/Users/harishprabhu/Documents/drone-localisation/data/raw/satloc/part_1/UAV Data/traj01/51@50047@112.816362@28.301997.png,/Users/harishprabhu/Documents/drone-localisation/data/raw/satloc/part_1/UAV Data/traj01/51@50047@112.816362@28.301997.png,,,False,False,False,False,True,True,True,False,False,False,False,False,False,False,supporting_case,57.15471117467605
866,mixed_urban_natural,center,True,1442.1562756839376,11.667107558037856,5,True,True,1442.1562756839376,11.667107558037856,5,True,True,39.7525017814919,11.667107558037856,2,True,False,,center,11.667107558037856,5,1533,anchor_success,,,,,,,,,,,,,5129,1442.1562756839376,1,/Users/harishprabhu/Documents/drone-localisation/data/raw/satloc/part_1/Satellite Data/sat_image_ref/05129.jpg,1533,11.667107558037856,5,/Users/harishprabhu/Documents/drone-localisation/data/raw/satloc/part_1/Satellite Data/sat_image_ref/01533.jpg,1532,39.7525017814919,1,/Users/harishprabhu/Documents/drone-localisation/data/raw/satloc/part_1/Satellite Data/sat_image_ref/01532.jpg,1533,11.667107558037856,2,/Users/harishprabhu/Documents/drone-localisation/data/raw/satloc/part_1/Satellite Data/sat_image_ref/01533.jpg,/Users/harishprabhu/Documents/drone-localisation/data/raw/satloc/part_1/UAV Data/traj01/866@283267@112.811813@28.302321.png,/Users/harishprabhu/Documents/drone-localisation/data/raw/satloc/part_1/UAV Data/traj01/866@283267@112.811813@28.302321.png,,,False,False,False,False,True,True,True,False,False,False,False,False,False,False,supporting_case,57.083223110490536
661,water_wetland,center,True,1764.4048028564937,11.73452578893064,13,True,True,1764.4048028564937,11.73452578893064,13,True,True,852.5985881649735,11.73452578893064,5,True,False,,center,11.73452578893064,13,3802,anchor_success,,,,,,,,,,,,,7260,1764.4048028564937,1,/Users/harishprabhu/Documents/drone-localisation/data/raw/satloc/part_1/Satellite Data/sat_image_ref/07260.jpg,3802,11.73452578893064,13,/Users/harishprabhu/Documents/drone-localisation/data/raw/satloc/part_1/Satellite Data/sat_image_ref/03802.jpg,2156,852.5985881649735,1,/Users/harishprabhu/Documents/drone-localisation/data/raw/satloc/part_1/Satellite Data/sat_image_ref/02156.jpg,3802,11.73452578893064,5,/Users/harishprabhu/Documents/drone-localisation/data/raw/satloc/part_1/Satellite Data/sat_image_ref/03802.jpg,/Users/harishprabhu/Documents/drone-localisation/data/raw/satloc/part_1/UAV Data/traj01/661@78073@112.818506@28.296664.png,/Users/harishprabhu/Documents/drone-localisation/data/raw/satloc/part_1/UAV Data/traj01/661@78073@112.818506@28.296664.png,,,False,False,False,False,True,True,True,False,False,False,False,False,False,False,supporting_case,57.066368552767344
31,mixed_urban_natural,center,True,11.74350308054015,11.74350308054015,1,True,True,11.74350308054015,11.74350308054015,1,True,True,77.75387488921018,11.74350308054015,18,True,False,,center,11.74350308054015,1,2546,anchor_success,,,,,,,,,,,,,2546,11.74350308054015,1,/Users/harishprabhu/Documents/drone-localisation/data/raw/satloc/part_1/Satellite Data/sat_image_ref/02546.jpg,2546,11.74350308054015,1,/Users/harishprabhu/Documents/drone-localisation/data/raw/satloc/part_1/Satellite Data/sat_image_ref/02546.jpg,2548,77.75387488921018,1,/Users/harishprabhu/Documents/drone-localisation/data/raw/satloc/part_1/Satellite Data/sat_image_ref/02548.jpg,2546,11.74350308054015,18,/Users/harishprabhu/Documents/drone-localisation/data/raw/satloc/part_1/Satellite Data/sat_image_ref/02546.jpg,/Users/harishprabhu/Documents/drone-localisation/data/raw/satloc/part_1/UAV Data/traj01/31@30028@112.816340@28.299790.png,/Users/harishprabhu/Documents/drone-localisation/data/raw/satloc/part_1/UAV Data/traj01/31@30028@112.816340@28.299790.png,,,False,False,False,False,True,True,True,False,False,False,False,False,False,False,supporting_case,57.06412422986496
191,mixed_urban_natural,center,True,38.19346398062769,11.81719138527214,2,True,True,38.19346398062769,11.81719138527214,2,True,True,91.94143193805326,11.81719138527214,2,True,False,,center,11.81719138527214,2,1649,anchor_success,,,,,,,,,,,,,1774,38.19346398062769,1,/Users/harishprabhu/Documents/drone-localisation/data/raw/satloc/part_1/Satellite Data/sat_image_ref/01774.jpg,1649,11.81719138527214,2,/Users/harishprabhu/Documents/drone-localisation/data/raw/satloc/part_1/Satellite Data/sat_image_ref/01649.jpg,1897,91.94143193805326,1,/Users/harishprabhu/Documents/drone-localisation/data/raw/satloc/part_1/Satellite Data/sat_image_ref/01897.jpg,1649,11.81719138527214,2,/Users/harishprabhu/Documents/drone-localisation/data/raw/satloc/part_1/Satellite Data/sat_image_ref/01649.jpg,/Users/harishprabhu/Documents/drone-localisation/data/raw/satloc/part_1/UAV Data/traj01/191@190179@112.808451@28.301919.png,/Users/harishprabhu/Documents/drone-localisation/data/raw/satloc/part_1/UAV Data/traj01/191@190179@112.808451@28.301919.png,,,False,False,False,False,True,True,True,False,False,False,False,False,False,False,supporting_case,57.045702153681965
201,mixed_urban_natural,center,True,11.849489574332788,11.849489574332788,1,True,True,11.849489574332788,11.849489574332788,1,True,True,69.67097334070999,11.849489574332788,8,True,False,,center,11.849489574332788,1,1774,anchor_success,,,,,,,,,,,,,1774,11.849489574332788,1,/Users/harishprabhu/Documents/drone-localisation/data/raw/satloc/part_1/Satellite Data/sat_image_ref/01774.jpg,1774,11.849489574332788,1,/Users/harishprabhu/Documents/drone-localisation/data/raw/satloc/part_1/Satellite Data/sat_image_ref/01774.jpg,1897,69.67097334070999,1,/Users/harishprabhu/Documents/drone-localisation/data/raw/satloc/part_1/Satellite Data/sat_image_ref/01897.jpg,1774,11.849489574332788,8,/Users/harishprabhu/Documents/drone-localisation/data/raw/satloc/part_1/Satellite Data/sat_image_ref/01774.jpg,/Users/harishprabhu/Documents/drone-localisation/data/raw/satloc/part_1/UAV Data/traj01/201@200188@112.808454@28.301620.png,/Users/harishprabhu/Documents/drone-localisation/data/raw/satloc/part_1/UAV Data/traj01/201@200188@112.808454@28.301620.png,,,False,False,False,False,True,True,True,False,False,False,False,False,False,False,supporting_case,57.037627606416805
836,water_wetland,center,True,68.3957580653936,11.947374828476011,10,True,True,68.3957580653936,11.947374828476011,10,True,True,71.27584718900796,11.947374828476011,11,True,False,,center,11.947374828476011,10,2407,anchor_success,,,,,,,,,,,,,2157,68.3957580653936,1,/Users/harishprabhu/Documents/drone-localisation/data/raw/satloc/part_1/Satellite Data/sat_image_ref/02157.jpg,2407,11.947374828476011,10,/Users/harishprabhu/Documents/drone-localisation/data/raw/satloc/part_1/Satellite Data/sat_image_ref/02407.jpg,2156,71.27584718900796,1,/Users/harishprabhu/Documents/drone-localisation/data/raw/satloc/part_1/Satellite Data/sat_image_ref/02156.jpg,2407,11.947374828476011,11,/Users/harishprabhu/Documents/drone-localisation/data/raw/satloc/part_1/Satellite Data/sat_image_ref/02407.jpg,/Users/harishprabhu/Documents/drone-localisation/data/raw/satloc/part_1/UAV Data/traj01/836@253239@112.811304@28.300044.png,/Users/harishprabhu/Documents/drone-localisation/data/raw/satloc/part_1/UAV Data/traj01/836@253239@112.811304@28.300044.png,,,False,False,False,False,True,True,True,False,False,False,False,False,False,False,supporting_case,57.013156292881
6,mixed_urban_natural,center,True,640.4921796846993,12.262617224032272,99,True,True,640.4921796846993,12.262617224032272,99,True,False,1117.8958899530692,42.50871513568707,80,True,False,,center,12.262617224032272,99,3420,anchor_success,,,,,,,,,,,,,2155,640.4921796846993,1,/Users/harishprabhu/Documents/drone-localisation/data/raw/satloc/part_1/Satellite Data/sat_image_ref/02155.jpg,3420,12.262617224032272,99,/Users/harishprabhu/Documents/drone-localisation/data/raw/satloc/part_1/Satellite Data/sat_image_ref/03420.jpg,4765,1117.8958899530692,1,/Users/harishprabhu/Documents/drone-localisation/data/raw/satloc/part_1/Satellite Data/sat_image_ref/04765.jpg,3419,42.50871513568707,80,/Users/harishprabhu/Documents/drone-localisation/data/raw/satloc/part_1/Satellite Data/sat_image_ref/03419.jpg,/Users/harishprabhu/Documents/drone-localisation/data/raw/satloc/part_1/UAV Data/traj01/6@5004@112.816123@28.297415.png,/Users/harishprabhu/Documents/drone-localisation/data/raw/satloc/part_1/UAV Data/traj01/6@5004@112.816123@28.297415.png,,,False,False,False,False,True,True,False,False,False,False,False,False,False,False,supporting_case,56.93434569399193
306,forest_canopy,center,True,24.63321715326557,12.28034920000559,10,True,True,24.63321715326557,12.28034920000559,10,True,True,24.63321715326557,12.28034920000559,11,True,False,,center,12.28034920000559,10,5649,anchor_success,,,,,,,,,,,,,5774,24.63321715326557,1,/Users/harishprabhu/Documents/drone-localisation/data/raw/satloc/part_1/Satellite Data/sat_image_ref/05774.jpg,5649,12.28034920000559,10,/Users/harishprabhu/Documents/drone-localisation/data/raw/satloc/part_1/Satellite Data/sat_image_ref/05649.jpg,5774,24.63321715326557,1,/Users/harishprabhu/Documents/drone-localisation/data/raw/satloc/part_1/Satellite Data/sat_image_ref/05774.jpg,5649,12.28034920000559,11,/Users/harishprabhu/Documents/drone-localisation/data/raw/satloc/part_1/Satellite Data/sat_image_ref/05649.jpg,/Users/harishprabhu/Documents/drone-localisation/data/raw/satloc/part_1/UAV Data/traj01/306@14013@112.808628@28.291759.png,/Users/harishprabhu/Documents/drone-localisation/data/raw/satloc/part_1/UAV Data/traj01/306@14013@112.808628@28.291759.png,,,False,False,False,False,True,True,True,False,False,False,False,False,False,False,supporting_case,56.9299126999986
41,mixed_urban_natural,center,True,23.934168354034064,12.406578903656724,3,True,True,23.934168354034064,12.406578903656724,3,True,True,75.44812713819215,12.406578903656724,10,True,False,,center,12.406578903656724,3,2046,anchor_success,,,,,,,,,,,,,2171,23.934168354034064,1,/Users/harishprabhu/Documents/drone-localisation/data/raw/satloc/part_1/Satellite Data/sat_image_ref/02171.jpg,2046,12.406578903656724,3,/Users/harishprabhu/Documents/drone-localisation/data/raw/satloc/part_1/Satellite Data/sat_image_ref/02046.jpg,2048,75.44812713819215,1,/Users/harishprabhu/Documents/drone-localisation/data/raw/satloc/part_1/Satellite Data/sat_image_ref/02048.jpg,2046,12.406578903656724,10,/Users/harishprabhu/Documents/drone-localisation/data/raw/satloc/part_1/Satellite Data/sat_image_ref/02046.jpg,/Users/harishprabhu/Documents/drone-localisation/data/raw/satloc/part_1/UAV Data/traj01/41@40037@112.816367@28.300861.png,/Users/harishprabhu/Documents/drone-localisation/data/raw/satloc/part_1/UAV Data/traj01/41@40037@112.816367@28.300861.png,,,False,False,False,False,True,True,True,False,False,False,False,False,False,False,supporting_case,56.898355274085816
481,forest_canopy,center,True,31.276269938933257,12.454954732670435,36,True,True,31.276269938933257,12.454954732670435,36,True,True,494.5819489437363,31.276269938933257,7,True,False,,center,12.454954732670435,36,5816,anchor_success,,,,,,,,,,,,,5817,31.276269938933257,1,/Users/harishprabhu/Documents/drone-localisation/data/raw/satloc/part_1/Satellite Data/sat_image_ref/05817.jpg,5816,12.454954732670435,36,/Users/harishprabhu/Documents/drone-localisation/data/raw/satloc/part_1/Satellite Data/sat_image_ref/05816.jpg,5802,494.5819489437363,1,/Users/harishprabhu/Documents/drone-localisation/data/raw/satloc/part_1/Satellite Data/sat_image_ref/05802.jpg,5817,31.276269938933257,7,/Users/harishprabhu/Documents/drone-localisation/data/raw/satloc/part_1/Satellite Data/sat_image_ref/05817.jpg,/Users/harishprabhu/Documents/drone-localisation/data/raw/satloc/part_1/UAV Data/traj01/481@189178@112.823605@28.291643.png,/Users/harishprabhu/Documents/drone-localisation/data/raw/satloc/part_1/UAV Data/traj01/481@189178@112.823605@28.291643.png,,,False,False,False,False,True,True,True,False,False,False,False,False,False,False,supporting_case,56.88626131683239
451,forest_canopy,center,True,357.34358985119854,12.54996972062168,29,True,True,357.34358985119854,12.54996972062168,29,True,True,12.54996972062168,12.54996972062168,1,True,False,,center,12.54996972062168,29,6689,anchor_success,,,,,,,,,,,,,7942,357.34358985119854,1,/Users/harishprabhu/Documents/drone-localisation/data/raw/satloc/part_1/Satellite Data/sat_image_ref/07942.jpg,6689,12.54996972062168,29,/Users/harishprabhu/Documents/drone-localisation/data/raw/satloc/part_1/Satellite Data/sat_image_ref/06689.jpg,6689,12.54996972062168,1,/Users/harishprabhu/Documents/drone-localisation/data/raw/satloc/part_1/Satellite Data/sat_image_ref/06689.jpg,6689,12.54996972062168,1,/Users/harishprabhu/Documents/drone-localisation/data/raw/satloc/part_1/Satellite Data/sat_image_ref/06689.jpg,/Users/harishprabhu/Documents/drone-localisation/data/raw/satloc/part_1/UAV Data/traj01/451@159150@112.822955@28.289308.png,/Users/harishprabhu/Documents/drone-localisation/data/raw/satloc/part_1/UAV Data/traj01/451@159150@112.822955@28.289308.png,,,False,False,False,False,True,True,True,False,False,False,False,False,False,False,supporting_case,56.86250756984458
511,urban,center,True,12.65272380408526,12.65272380408526,1,True,True,12.65272380408526,12.65272380408526,1,True,True,103.83955367838968,12.65272380408526,8,True,False,,center,12.65272380408526,1,4441,anchor_success,,,,,,,,,,,,,4441,12.65272380408526,1,/Users/harishprabhu/Documents/drone-localisation/data/raw/satloc/part_1/Satellite Data/sat_image_ref/04441.jpg,4441,12.65272380408526,1,/Users/harishprabhu/Documents/drone-localisation/data/raw/satloc/part_1/Satellite Data/sat_image_ref/04441.jpg,4569,103.83955367838968,1,/Users/harishprabhu/Documents/drone-localisation/data/raw/satloc/part_1/Satellite Data/sat_image_ref/04569.jpg,4441,12.65272380408526,8,/Users/harishprabhu/Documents/drone-localisation/data/raw/satloc/part_1/Satellite Data/sat_image_ref/04441.jpg,/Users/harishprabhu/Documents/drone-localisation/data/raw/satloc/part_1/UAV Data/traj01/511@219206@112.823582@28.294888.png,/Users/harishprabhu/Documents/drone-localisation/data/raw/satloc/part_1/UAV Data/traj01/511@219206@112.823582@28.294888.png,,,False,False,False,False,True,True,True,False,False,False,False,False,False,False,supporting_case,56.83681904897868
811,water_wetland,center,True,328.28736667281214,12.748654236046065,9,True,True,328.28736667281214,12.748654236046065,9,True,True,26.096579450024944,12.748654236046065,33,True,False,,center,12.748654236046065,9,3407,anchor_success,,,,,,,,,,,,,4412,328.28736667281214,1,/Users/harishprabhu/Documents/drone-localisation/data/raw/satloc/part_1/Satellite Data/sat_image_ref/04412.jpg,3407,12.748654236046065,9,/Users/harishprabhu/Documents/drone-localisation/data/raw/satloc/part_1/Satellite Data/sat_image_ref/03407.jpg,3406,26.096579450024944,1,/Users/harishprabhu/Documents/drone-localisation/data/raw/satloc/part_1/Satellite Data/sat_image_ref/03406.jpg,3407,12.748654236046065,33,/Users/harishprabhu/Documents/drone-localisation/data/raw/satloc/part_1/Satellite Data/sat_image_ref/03407.jpg,/Users/harishprabhu/Documents/drone-localisation/data/raw/satloc/part_1/UAV Data/traj01/811@228215@112.811321@28.297439.png,/Users/harishprabhu/Documents/drone-localisation/data/raw/satloc/part_1/UAV Data/traj01/811@228215@112.811321@28.297439.png,,,False,False,False,False,True,True,True,False,False,False,False,False,False,False,supporting_case,56.812836440988484
376,forest_canopy,center,True,1157.6995128113167,12.808013436850455,11,True,True,1157.6995128113167,12.808013436850455,11,True,True,1695.7311056703224,12.808013436850455,8,True,False,,center,12.808013436850455,11,6664,anchor_success,,,,,,,,,,,,,4944,1157.6995128113167,1,/Users/harishprabhu/Documents/drone-localisation/data/raw/satloc/part_1/Satellite Data/sat_image_ref/04944.jpg,6664,12.808013436850455,11,/Users/harishprabhu/Documents/drone-localisation/data/raw/satloc/part_1/Satellite Data/sat_image_ref/06664.jpg,1311,1695.7311056703224,1,/Users/harishprabhu/Documents/drone-localisation/data/raw/satloc/part_1/Satellite Data/sat_image_ref/01311.jpg,6664,12.808013436850455,8,/Users/harishprabhu/Documents/drone-localisation/data/raw/satloc/part_1/Satellite Data/sat_image_ref/06664.jpg,/Users/harishprabhu/Documents/drone-localisation/data/raw/satloc/part_1/UAV Data/traj01/376@84079@112.813958@28.289235.png,/Users/harishprabhu/Documents/drone-localisation/data/raw/satloc/part_1/UAV Data/traj01/376@84079@112.813958@28.289235.png,,,False,False,False,False,True,True,True,False,False,False,False,False,False,False,supporting_case,56.79799664078739
381,forest_canopy,center,True,12.86407045597632,12.86407045597632,1,True,True,12.86407045597632,12.86407045597632,1,True,True,1668.7516272071473,12.86407045597632,17,True,False,,center,12.86407045597632,1,6666,anchor_success,,,,,,,,,,,,,6666,12.86407045597632,1,/Users/harishprabhu/Documents/drone-localisation/data/raw/satloc/part_1/Satellite Data/sat_image_ref/06666.jpg,6666,12.86407045597632,1,/Users/harishprabhu/Documents/drone-localisation/data/raw/satloc/part_1/Satellite Data/sat_image_ref/06666.jpg,1311,1668.7516272071473,1,/Users/harishprabhu/Documents/drone-localisation/data/raw/satloc/part_1/Satellite Data/sat_image_ref/01311.jpg,6666,12.86407045597632,17,/Users/harishprabhu/Documents/drone-localisation/data/raw/satloc/part_1/Satellite Data/sat_image_ref/06666.jpg,/Users/harishprabhu/Documents/drone-localisation/data/raw/satloc/part_1/UAV Data/traj01/381@89084@112.814573@28.289242.png,/Users/harishprabhu/Documents/drone-localisation/data/raw/satloc/part_1/UAV Data/traj01/381@89084@112.814573@28.289242.png,,,False,False,False,False,True,True,True,False,False,False,False,False,False,False,supporting_case,56.78398238600592
206,mixed_urban_natural,center,True,12.872010954436028,12.872010954436028,1,True,True,12.872010954436028,12.872010954436028,1,True,True,65.1944961231707,12.872010954436028,4,True,False,,center,12.872010954436028,1,1774,anchor_success,,,,,,,,,,,,,1774,12.872010954436028,1,/Users/harishprabhu/Documents/drone-localisation/data/raw/satloc/part_1/Satellite Data/sat_image_ref/01774.jpg,1774,12.872010954436028,1,/Users/harishprabhu/Documents/drone-localisation/data/raw/satloc/part_1/Satellite Data/sat_image_ref/01774.jpg,1897,65.1944961231707,1,/Users/harishprabhu/Documents/drone-localisation/data/raw/satloc/part_1/Satellite Data/sat_image_ref/01897.jpg,1774,12.872010954436028,4,/Users/harishprabhu/Documents/drone-localisation/data/raw/satloc/part_1/Satellite Data/sat_image_ref/01774.jpg,/Users/harishprabhu/Documents/drone-localisation/data/raw/satloc/part_1/UAV Data/traj01/206@205193@112.808454@28.301539.png,/Users/harishprabhu/Documents/drone-localisation/data/raw/satloc/part_1/UAV Data/traj01/206@205193@112.808454@28.301539.png,,,False,False,False,False,True,True,True,False,False,False,False,False,False,False,supporting_case,56.78199726139099
331,forest_canopy,center,True,12.973010594695568,12.973010594695568,1,True,True,12.973010594695568,12.973010594695568,1,True,False,1001.1077105636562,46.70833384081519,39,True,False,,center,12.973010594695568,1,6649,anchor_success,,,,,,,,,,,,,6649,12.973010594695568,1,/Users/harishprabhu/Documents/drone-localisation/data/raw/satloc/part_1/Satellite Data/sat_image_ref/06649.jpg,6649,12.973010594695568,1,/Users/harishprabhu/Documents/drone-localisation/data/raw/satloc/part_1/Satellite Data/sat_image_ref/06649.jpg,4750,1001.1077105636562,1,/Users/harishprabhu/Documents/drone-localisation/data/raw/satloc/part_1/Satellite Data/sat_image_ref/04750.jpg,6648,46.70833384081519,39,/Users/harishprabhu/Documents/drone-localisation/data/raw/satloc/part_1/Satellite Data/sat_image_ref/06648.jpg,/Users/harishprabhu/Documents/drone-localisation/data/raw/satloc/part_1/UAV Data/traj01/331@39036@112.808687@28.289289.png,/Users/harishprabhu/Documents/drone-localisation/data/raw/satloc/part_1/UAV Data/traj01/331@39036@112.808687@28.289289.png,,,False,False,False,False,True,True,False,False,False,False,False,False,False,False,supporting_case,56.75674735132611
1003,mixed_urban_natural,center,True,292.9509167392372,13.024734800617498,4,True,True,292.9509167392372,13.024734800617498,4,True,True,42.77573248739581,13.024734800617498,13,True,False,,center,13.024734800617498,4,5046,anchor_success,stable_success,24.36253769145157,24.36253769145157,24.36253769145157,5171.0,5171.0,5171.0,,,33.0,79.0,0.0,5802,292.9509167392372,1,/Users/harishprabhu/Documents/drone-localisation/data/raw/satloc/part_1/Satellite Data/sat_image_ref/05802.jpg,5046,13.024734800617498,4,/Users/harishprabhu/Documents/drone-localisation/data/raw/satloc/part_1/Satellite Data/sat_image_ref/05046.jpg,5047,42.77573248739581,1,/Users/harishprabhu/Documents/drone-localisation/data/raw/satloc/part_1/Satellite Data/sat_image_ref/05047.jpg,5046,13.024734800617498,13,/Users/harishprabhu/Documents/drone-localisation/data/raw/satloc/part_1/Satellite Data/sat_image_ref/05046.jpg,/Users/harishprabhu/Documents/drone-localisation/data/raw/satloc/part_1/UAV Data/traj01/1003@129121@112.816351@28.293325.png,/Users/harishprabhu/Documents/drone-localisation/data/raw/satloc/part_1/UAV Data/traj01/1003@129121@112.816351@28.293325.png,,,False,False,True,False,True,True,True,False,False,False,False,False,False,False,supporting_case,56.743816299845626
736,water_wetland,center,True,13.343500267181888,13.343500267181888,1,True,True,13.343500267181888,13.343500267181888,1,True,True,43.60126598747892,13.343500267181888,8,True,False,,center,13.343500267181888,1,5541,anchor_success,,,,,,,,,,,,,5541,13.343500267181888,1,/Users/harishprabhu/Documents/drone-localisation/data/raw/satloc/part_1/Satellite Data/sat_image_ref/05541.jpg,5541,13.343500267181888,1,/Users/harishprabhu/Documents/drone-localisation/data/raw/satloc/part_1/Satellite Data/sat_image_ref/05541.jpg,5667,43.60126598747892,1,/Users/harishprabhu/Documents/drone-localisation/data/raw/satloc/part_1/Satellite Data/sat_image_ref/05667.jpg,5541,13.343500267181888,8,/Users/harishprabhu/Documents/drone-localisation/data/raw/satloc/part_1/Satellite Data/sat_image_ref/05541.jpg,/Users/harishprabhu/Documents/drone-localisation/data/raw/satloc/part_1/UAV Data/traj01/736@153144@112.814604@28.292054.png,/Users/harishprabhu/Documents/drone-localisation/data/raw/satloc/part_1/UAV Data/traj01/736@153144@112.814604@28.292054.png,,,False,False,False,False,True,True,True,False,False,False,False,False,False,False,supporting_case,56.664124933204526
721,water_wetland,center,True,13.448549653510144,13.448549653510144,1,True,True,13.448549653510144,13.448549653510144,1,True,True,73.79582474399733,13.448549653510144,6,True,False,,center,13.448549653510144,1,5546,anchor_success,,,,,,,,,,,,,5546,13.448549653510144,1,/Users/harishprabhu/Documents/drone-localisation/data/raw/satloc/part_1/Satellite Data/sat_image_ref/05546.jpg,5546,13.448549653510144,1,/Users/harishprabhu/Documents/drone-localisation/data/raw/satloc/part_1/Satellite Data/sat_image_ref/05546.jpg,5544,73.79582474399733,1,/Users/harishprabhu/Documents/drone-localisation/data/raw/satloc/part_1/Satellite Data/sat_image_ref/05544.jpg,5546,13.448549653510144,6,/Users/harishprabhu/Documents/drone-localisation/data/raw/satloc/part_1/Satellite Data/sat_image_ref/05546.jpg,/Users/harishprabhu/Documents/drone-localisation/data/raw/satloc/part_1/UAV Data/traj01/721@138130@112.816444@28.292053.png,/Users/harishprabhu/Documents/drone-localisation/data/raw/satloc/part_1/UAV Data/traj01/721@138130@112.816444@28.292053.png,,,False,False,False,False,True,True,True,False,False,False,False,False,False,False,supporting_case,56.63786258662246
841,water_wetland,center,True,1601.3546900849844,13.51044757002661,12,True,True,1601.3546900849844,13.51044757002661,12,True,True,23.75477824922296,13.51044757002661,3,True,False,,center,13.51044757002661,12,2157,anchor_success,,,,,,,,,,,,,4947,1601.3546900849844,1,/Users/harishprabhu/Documents/drone-localisation/data/raw/satloc/part_1/Satellite Data/sat_image_ref/04947.jpg,2157,13.51044757002661,12,/Users/harishprabhu/Documents/drone-localisation/data/raw/satloc/part_1/Satellite Data/sat_image_ref/02157.jpg,2156,23.75477824922296,1,/Users/harishprabhu/Documents/drone-localisation/data/raw/satloc/part_1/Satellite Data/sat_image_ref/02156.jpg,2157,13.51044757002661,3,/Users/harishprabhu/Documents/drone-localisation/data/raw/satloc/part_1/Satellite Data/sat_image_ref/02157.jpg,/Users/harishprabhu/Documents/drone-localisation/data/raw/satloc/part_1/UAV Data/traj01/841@258243@112.811301@28.300594.png,/Users/harishprabhu/Documents/drone-localisation/data/raw/satloc/part_1/UAV Data/traj01/841@258243@112.811301@28.300594.png,,,False,False,False,False,True,True,True,False,False,False,False,False,False,False,supporting_case,56.62238810749335
911,mixed_urban_natural,center,True,30.54235279363681,13.573189048528205,11,True,True,30.54235279363681,13.573189048528205,11,True,True,98.70424571618348,13.573189048528205,10,True,False,,center,13.573189048528205,11,2292,anchor_success,,,,,,,,,,,,,2293,30.54235279363681,1,/Users/harishprabhu/Documents/drone-localisation/data/raw/satloc/part_1/Satellite Data/sat_image_ref/02293.jpg,2292,13.573189048528205,11,/Users/harishprabhu/Documents/drone-localisation/data/raw/satloc/part_1/Satellite Data/sat_image_ref/02292.jpg,2295,98.70424571618348,1,/Users/harishprabhu/Documents/drone-localisation/data/raw/satloc/part_1/Satellite Data/sat_image_ref/02295.jpg,2292,13.573189048528205,10,/Users/harishprabhu/Documents/drone-localisation/data/raw/satloc/part_1/Satellite Data/sat_image_ref/02292.jpg,/Users/harishprabhu/Documents/drone-localisation/data/raw/satloc/part_1/UAV Data/traj01/911@37034@112.815058@28.300442.png,/Users/harishprabhu/Documents/drone-localisation/data/raw/satloc/part_1/UAV Data/traj01/911@37034@112.815058@28.300442.png,,,False,False,False,False,True,True,True,False,False,False,False,False,False,False,supporting_case,56.60670273786795
221,mixed_urban_natural,center,True,56.81676185768065,13.580942116600443,4,True,True,56.81676185768065,13.580942116600443,4,True,True,13.580942116600443,13.580942116600443,1,True,False,,center,13.580942116600443,4,2149,anchor_success,,,,,,,,,,,,,2275,56.81676185768065,1,/Users/harishprabhu/Documents/drone-localisation/data/raw/satloc/part_1/Satellite Data/sat_image_ref/02275.jpg,2149,13.580942116600443,4,/Users/harishprabhu/Documents/drone-localisation/data/raw/satloc/part_1/Satellite Data/sat_image_ref/02149.jpg,2149,13.580942116600443,1,/Users/harishprabhu/Documents/drone-localisation/data/raw/satloc/part_1/Satellite Data/sat_image_ref/02149.jpg,2149,13.580942116600443,1,/Users/harishprabhu/Documents/drone-localisation/data/raw/satloc/part_1/Satellite Data/sat_image_ref/02149.jpg,/Users/harishprabhu/Documents/drone-localisation/data/raw/satloc/part_1/UAV Data/traj01/221@220207@112.808439@28.300612.png,/Users/harishprabhu/Documents/drone-localisation/data/raw/satloc/part_1/UAV Data/traj01/221@220207@112.808439@28.300612.png,,,False,False,False,False,True,True,True,False,False,False,False,False,False,False,supporting_case,56.60476447084989
586,urban,center,True,1836.994047556937,13.622300353880243,48,True,True,1836.994047556937,13.622300353880243,48,True,True,1837.9779728318308,13.622300353880243,68,True,False,,center,13.622300353880243,48,2939,anchor_success,,,,,,,,,,,,,2867,1836.994047556937,1,/Users/harishprabhu/Documents/drone-localisation/data/raw/satloc/part_1/Satellite Data/sat_image_ref/02867.jpg,2939,13.622300353880243,48,/Users/harishprabhu/Documents/drone-localisation/data/raw/satloc/part_1/Satellite Data/sat_image_ref/02939.jpg,2742,1837.9779728318308,1,/Users/harishprabhu/Documents/drone-localisation/data/raw/satloc/part_1/Satellite Data/sat_image_ref/02742.jpg,2939,13.622300353880243,68,/Users/harishprabhu/Documents/drone-localisation/data/raw/satloc/part_1/Satellite Data/sat_image_ref/02939.jpg,/Users/harishprabhu/Documents/drone-localisation/data/raw/satloc/part_1/UAV Data/traj01/586@3002@112.822973@28.298770.png,/Users/harishprabhu/Documents/drone-localisation/data/raw/satloc/part_1/UAV Data/traj01/586@3002@112.822973@28.298770.png,,,False,False,False,False,True,True,True,False,False,False,False,False,False,False,supporting_case,56.59442491152994
756,water_wetland,center,True,13.631988459089117,13.631988459089117,1,True,True,13.631988459089117,13.631988459089117,1,True,True,13.631988459089117,13.631988459089117,1,True,False,,center,13.631988459089117,1,5534,anchor_success,,,,,,,,,,,,,5534,13.631988459089117,1,/Users/harishprabhu/Documents/drone-localisation/data/raw/satloc/part_1/Satellite Data/sat_image_ref/05534.jpg,5534,13.631988459089117,1,/Users/harishprabhu/Documents/drone-localisation/data/raw/satloc/part_1/Satellite Data/sat_image_ref/05534.jpg,5534,13.631988459089117,1,/Users/harishprabhu/Documents/drone-localisation/data/raw/satloc/part_1/Satellite Data/sat_image_ref/05534.jpg,5534,13.631988459089117,1,/Users/harishprabhu/Documents/drone-localisation/data/raw/satloc/part_1/Satellite Data/sat_image_ref/05534.jpg,/Users/harishprabhu/Documents/drone-localisation/data/raw/satloc/part_1/UAV Data/traj01/756@173163@112.812177@28.292054.png,/Users/harishprabhu/Documents/drone-localisation/data/raw/satloc/part_1/UAV Data/traj01/756@173163@112.812177@28.292054.png,,,False,False,False,False,True,True,True,False,False,False,False,False,False,False,supporting_case,56.59200288522772
186,mixed_urban_natural,center,True,43.544502643213285,13.738835219851254,2,True,True,43.544502643213285,13.738835219851254,2,True,True,13.738835219851254,13.738835219851254,1,True,False,,center,13.738835219851254,2,1649,anchor_success,,,,,,,,,,,,,1774,43.544502643213285,1,/Users/harishprabhu/Documents/drone-localisation/data/raw/satloc/part_1/Satellite Data/sat_image_ref/01774.jpg,1649,13.738835219851254,2,/Users/harishprabhu/Documents/drone-localisation/data/raw/satloc/part_1/Satellite Data/sat_image_ref/01649.jpg,1649,13.738835219851254,1,/Users/harishprabhu/Documents/drone-localisation/data/raw/satloc/part_1/Satellite Data/sat_image_ref/01649.jpg,1649,13.738835219851254,1,/Users/harishprabhu/Documents/drone-localisation/data/raw/satloc/part_1/Satellite Data/sat_image_ref/01649.jpg,/Users/harishprabhu/Documents/drone-localisation/data/raw/satloc/part_1/UAV Data/traj01/186@185174@112.808450@28.301969.png,/Users/harishprabhu/Documents/drone-localisation/data/raw/satloc/part_1/UAV Data/traj01/186@185174@112.808450@28.301969.png,,,False,False,False,False,True,True,True,False,False,False,False,False,False,False,supporting_case,56.56529119503719
231,mixed_urban_natural,center,True,1627.743244783955,13.799927385260265,10,True,True,1627.743244783955,13.799927385260265,10,True,True,42.31738892341418,13.799927385260265,6,True,False,,center,13.799927385260265,10,2524,anchor_success,,,,,,,,,,,,,7626,1627.743244783955,1,/Users/harishprabhu/Documents/drone-localisation/data/raw/satloc/part_1/Satellite Data/sat_image_ref/07626.jpg,2524,13.799927385260265,10,/Users/harishprabhu/Documents/drone-localisation/data/raw/satloc/part_1/Satellite Data/sat_image_ref/02524.jpg,2525,42.31738892341418,1,/Users/harishprabhu/Documents/drone-localisation/data/raw/satloc/part_1/Satellite Data/sat_image_ref/02525.jpg,2524,13.799927385260265,6,/Users/harishprabhu/Documents/drone-localisation/data/raw/satloc/part_1/Satellite Data/sat_image_ref/02524.jpg,/Users/harishprabhu/Documents/drone-localisation/data/raw/satloc/part_1/UAV Data/traj01/231@230217@112.808515@28.299594.png,/Users/harishprabhu/Documents/drone-localisation/data/raw/satloc/part_1/UAV Data/traj01/231@230217@112.808515@28.299594.png,,,False,False,False,False,True,True,True,False,False,False,False,False,False,False,supporting_case,56.55001815368493
226,mixed_urban_natural,center,True,1678.9722758552762,13.973165947584768,7,True,True,1678.9722758552762,13.973165947584768,7,True,True,48.1010296041064,13.973165947584768,15,True,False,,center,13.973165947584768,7,2399,anchor_success,,,,,,,,,,,,,7626,1678.9722758552762,1,/Users/harishprabhu/Documents/drone-localisation/data/raw/satloc/part_1/Satellite Data/sat_image_ref/07626.jpg,2399,13.973165947584768,7,/Users/harishprabhu/Documents/drone-localisation/data/raw/satloc/part_1/Satellite Data/sat_image_ref/02399.jpg,2275,48.1010296041064,1,/Users/harishprabhu/Documents/drone-localisation/data/raw/satloc/part_1/Satellite Data/sat_image_ref/02275.jpg,2399,13.973165947584768,15,/Users/harishprabhu/Documents/drone-localisation/data/raw/satloc/part_1/Satellite Data/sat_image_ref/02399.jpg,/Users/harishprabhu/Documents/drone-localisation/data/raw/satloc/part_1/UAV Data/traj01/226@225212@112.808496@28.300129.png,/Users/harishprabhu/Documents/drone-localisation/data/raw/satloc/part_1/UAV Data/traj01/226@225212@112.808496@28.300129.png,,,False,False,False,False,True,True,True,False,False,False,False,False,False,False,supporting_case,56.50670851310381
91,mixed_urban_natural,center,True,14.093254895921186,14.093254895921186,1,True,True,14.093254895921186,14.093254895921186,1,True,True,55.92818347740917,14.093254895921186,2,True,False,,center,14.093254895921186,1,418,anchor_success,,,,,,,,,,,,,418,14.093254895921186,1,/Users/harishprabhu/Documents/drone-localisation/data/raw/satloc/part_1/Satellite Data/sat_image_ref/00418.jpg,418,14.093254895921186,1,/Users/harishprabhu/Documents/drone-localisation/data/raw/satloc/part_1/Satellite Data/sat_image_ref/00418.jpg,668,55.92818347740917,1,/Users/harishprabhu/Documents/drone-localisation/data/raw/satloc/part_1/Satellite Data/sat_image_ref/00668.jpg,418,14.093254895921186,2,/Users/harishprabhu/Documents/drone-localisation/data/raw/satloc/part_1/Satellite Data/sat_image_ref/00418.jpg,/Users/harishprabhu/Documents/drone-localisation/data/raw/satloc/part_1/UAV Data/traj01/91@90084@112.815325@28.304921.png,/Users/harishprabhu/Documents/drone-localisation/data/raw/satloc/part_1/UAV Data/traj01/91@90084@112.815325@28.304921.png,,,False,False,False,False,True,True,True,False,False,False,False,False,False,False,supporting_case,56.476686276019706
881,mixed_urban_natural,center,True,38.3700266294273,14.12375205407051,2,True,True,38.3700266294273,14.12375205407051,2,True,True,72.11482145116517,14.12375205407051,57,True,False,,center,14.12375205407051,2,1538,anchor_success,,,,,,,,,,,,,1539,38.3700266294273,1,/Users/harishprabhu/Documents/drone-localisation/data/raw/satloc/part_1/Satellite Data/sat_image_ref/01539.jpg,1538,14.12375205407051,2,/Users/harishprabhu/Documents/drone-localisation/data/raw/satloc/part_1/Satellite Data/sat_image_ref/01538.jpg,1411,72.11482145116517,1,/Users/harishprabhu/Documents/drone-localisation/data/raw/satloc/part_1/Satellite Data/sat_image_ref/01411.jpg,1538,14.12375205407051,57,/Users/harishprabhu/Documents/drone-localisation/data/raw/satloc/part_1/Satellite Data/sat_image_ref/01538.jpg,/Users/harishprabhu/Documents/drone-localisation/data/raw/satloc/part_1/UAV Data/traj01/881@7006@112.813555@28.302347.png,/Users/harishprabhu/Documents/drone-localisation/data/raw/satloc/part_1/UAV Data/traj01/881@7006@112.813555@28.302347.png,,,False,False,False,False,True,True,True,False,False,False,False,False,False,False,supporting_case,56.46906198648237
1006,mixed_urban_natural,center,True,317.05863187500984,14.191039061779383,99,True,True,317.05863187500984,14.191039061779383,99,True,False,317.05863187500984,43.460811651064944,2,True,False,,center,14.191039061779383,99,4921,anchor_success,,,,,,,,,,,,,5802,317.05863187500984,1,/Users/harishprabhu/Documents/drone-localisation/data/raw/satloc/part_1/Satellite Data/sat_image_ref/05802.jpg,4921,14.191039061779383,99,/Users/harishprabhu/Documents/drone-localisation/data/raw/satloc/part_1/Satellite Data/sat_image_ref/04921.jpg,5802,317.05863187500984,1,/Users/harishprabhu/Documents/drone-localisation/data/raw/satloc/part_1/Satellite Data/sat_image_ref/05802.jpg,4922,43.460811651064944,2,/Users/harishprabhu/Documents/drone-localisation/data/raw/satloc/part_1/Satellite Data/sat_image_ref/04922.jpg,/Users/harishprabhu/Documents/drone-localisation/data/raw/satloc/part_1/UAV Data/traj01/1006@132124@112.816347@28.293629.png,/Users/harishprabhu/Documents/drone-localisation/data/raw/satloc/part_1/UAV Data/traj01/1006@132124@112.816347@28.293629.png,,,False,False,False,False,True,True,False,False,False,False,False,False,False,False,supporting_case,56.452240234555155
341,forest_canopy,center,True,1087.5256086015136,14.551322999271251,12,True,True,1087.5256086015136,14.551322999271251,12,True,True,87.32611038546067,14.551322999271251,41,True,False,,center,14.551322999271251,12,6652,anchor_success,,,,,,,,,,,,,4750,1087.5256086015136,1,/Users/harishprabhu/Documents/drone-localisation/data/raw/satloc/part_1/Satellite Data/sat_image_ref/04750.jpg,6652,14.551322999271251,12,/Users/harishprabhu/Documents/drone-localisation/data/raw/satloc/part_1/Satellite Data/sat_image_ref/06652.jpg,6904,87.32611038546067,1,/Users/harishprabhu/Documents/drone-localisation/data/raw/satloc/part_1/Satellite Data/sat_image_ref/06904.jpg,6652,14.551322999271251,41,/Users/harishprabhu/Documents/drone-localisation/data/raw/satloc/part_1/Satellite Data/sat_image_ref/06652.jpg,/Users/harishprabhu/Documents/drone-localisation/data/raw/satloc/part_1/UAV Data/traj01/341@49046@112.809665@28.289216.png,/Users/harishprabhu/Documents/drone-localisation/data/raw/satloc/part_1/UAV Data/traj01/341@49046@112.809665@28.289216.png,,,False,False,False,False,True,True,True,False,False,False,False,False,False,False,supporting_case,56.36216925018219
741,water_wetland,center,True,96.02615609319834,14.615576909851294,25,True,True,96.02615609319834,14.615576909851294,25,True,True,30.94050027631569,14.615576909851294,14,True,False,,center,14.615576909851294,25,5539,anchor_success,,,,,,,,,,,,,5915,96.02615609319834,1,/Users/harishprabhu/Documents/drone-localisation/data/raw/satloc/part_1/Satellite Data/sat_image_ref/05915.jpg,5539,14.615576909851294,25,/Users/harishprabhu/Documents/drone-localisation/data/raw/satloc/part_1/Satellite Data/sat_image_ref/05539.jpg,5540,30.94050027631569,1,/Users/harishprabhu/Documents/drone-localisation/data/raw/satloc/part_1/Satellite Data/sat_image_ref/05540.jpg,5539,14.615576909851294,14,/Users/harishprabhu/Documents/drone-localisation/data/raw/satloc/part_1/Satellite Data/sat_image_ref/05539.jpg,/Users/harishprabhu/Documents/drone-localisation/data/raw/satloc/part_1/UAV Data/traj01/741@158149@112.813989@28.292055.png,/Users/harishprabhu/Documents/drone-localisation/data/raw/satloc/part_1/UAV Data/traj01/741@158149@112.813989@28.292055.png,,,False,False,False,False,True,True,True,False,False,False,False,False,False,False,supporting_case,56.34610577253718
716,water_wetland,center,True,35.43129278373001,14.713625924201988,62,True,True,35.43129278373001,14.713625924201988,62,True,True,63.91083854085039,14.713625924201988,72,True,False,,center,14.713625924201988,62,5548,anchor_success,,,,,,,,,,,,,5672,35.43129278373001,1,/Users/harishprabhu/Documents/drone-localisation/data/raw/satloc/part_1/Satellite Data/sat_image_ref/05672.jpg,5548,14.713625924201988,62,/Users/harishprabhu/Documents/drone-localisation/data/raw/satloc/part_1/Satellite Data/sat_image_ref/05548.jpg,5546,63.91083854085039,1,/Users/harishprabhu/Documents/drone-localisation/data/raw/satloc/part_1/Satellite Data/sat_image_ref/05546.jpg,5548,14.713625924201988,72,/Users/harishprabhu/Documents/drone-localisation/data/raw/satloc/part_1/Satellite Data/sat_image_ref/05548.jpg,/Users/harishprabhu/Documents/drone-localisation/data/raw/satloc/part_1/UAV Data/traj01/716@133125@112.817055@28.292056.png,/Users/harishprabhu/Documents/drone-localisation/data/raw/satloc/part_1/UAV Data/traj01/716@133125@112.817055@28.292056.png,,,False,False,False,False,True,True,True,False,False,False,False,False,False,False,supporting_case,56.321593518949506
361,forest_canopy,center,True,33.43295828754151,14.7432521594046,4,True,True,33.43295828754151,14.7432521594046,4,True,True,1272.7497261571496,14.7432521594046,37,True,False,,center,14.7432521594046,4,6659,anchor_success,,,,,,,,,,,,,6658,33.43295828754151,1,/Users/harishprabhu/Documents/drone-localisation/data/raw/satloc/part_1/Satellite Data/sat_image_ref/06658.jpg,6659,14.7432521594046,4,/Users/harishprabhu/Documents/drone-localisation/data/raw/satloc/part_1/Satellite Data/sat_image_ref/06659.jpg,2157,1272.7497261571496,1,/Users/harishprabhu/Documents/drone-localisation/data/raw/satloc/part_1/Satellite Data/sat_image_ref/02157.jpg,6659,14.7432521594046,37,/Users/harishprabhu/Documents/drone-localisation/data/raw/satloc/part_1/Satellite Data/sat_image_ref/06659.jpg,/Users/harishprabhu/Documents/drone-localisation/data/raw/satloc/part_1/UAV Data/traj01/361@69065@112.812090@28.289219.png,/Users/harishprabhu/Documents/drone-localisation/data/raw/satloc/part_1/UAV Data/traj01/361@69065@112.812090@28.289219.png,,,False,False,False,False,True,True,True,False,False,False,False,False,False,False,supporting_case,56.31418696014885
871,mixed_urban_natural,center,True,2060.72498415121,14.799010542516807,34,True,True,2060.72498415121,14.799010542516807,34,True,True,63.22758833316311,29.827253352522025,31,True,False,,center,14.799010542516807,34,1535,anchor_success,,,,,,,,,,,,,7754,2060.72498415121,1,/Users/harishprabhu/Documents/drone-localisation/data/raw/satloc/part_1/Satellite Data/sat_image_ref/07754.jpg,1535,14.799010542516807,34,/Users/harishprabhu/Documents/drone-localisation/data/raw/satloc/part_1/Satellite Data/sat_image_ref/01535.jpg,1533,63.22758833316311,1,/Users/harishprabhu/Documents/drone-localisation/data/raw/satloc/part_1/Satellite Data/sat_image_ref/01533.jpg,1534,29.827253352522025,31,/Users/harishprabhu/Documents/drone-localisation/data/raw/satloc/part_1/Satellite Data/sat_image_ref/01534.jpg,/Users/harishprabhu/Documents/drone-localisation/data/raw/satloc/part_1/UAV Data/traj01/871@288272@112.812413@28.302333.png,/Users/harishprabhu/Documents/drone-localisation/data/raw/satloc/part_1/UAV Data/traj01/871@288272@112.812413@28.302333.png,,,False,False,False,False,True,True,True,False,False,False,False,False,False,False,supporting_case,56.3002473643708
826,water_wetland,center,True,50.11327089181302,14.953488212164435,11,True,True,50.11327089181302,14.953488212164435,11,True,True,58.98634456643097,25.15391323353684,71,True,False,,center,14.953488212164435,11,2782,anchor_success,,,,,,,,,,,,,2656,50.11327089181302,1,/Users/harishprabhu/Documents/drone-localisation/data/raw/satloc/part_1/Satellite Data/sat_image_ref/02656.jpg,2782,14.953488212164435,11,/Users/harishprabhu/Documents/drone-localisation/data/raw/satloc/part_1/Satellite Data/sat_image_ref/02782.jpg,2780,58.98634456643097,1,/Users/harishprabhu/Documents/drone-localisation/data/raw/satloc/part_1/Satellite Data/sat_image_ref/02780.jpg,2781,25.15391323353684,71,/Users/harishprabhu/Documents/drone-localisation/data/raw/satloc/part_1/Satellite Data/sat_image_ref/02781.jpg,/Users/harishprabhu/Documents/drone-localisation/data/raw/satloc/part_1/UAV Data/traj01/826@243229@112.811305@28.298995.png,/Users/harishprabhu/Documents/drone-localisation/data/raw/satloc/part_1/UAV Data/traj01/826@243229@112.811305@28.298995.png,,,False,False,False,False,True,True,True,False,False,False,False,False,False,False,supporting_case,56.26162794695889
171,mixed_urban_natural,center,True,37.86305050819872,14.961733158081351,5,True,True,37.86305050819872,14.961733158081351,5,True,True,60.95836796514889,14.961733158081351,2,True,False,,center,14.961733158081351,5,1274,anchor_success,,,,,,,,,,,,,1399,37.86305050819872,1,/Users/harishprabhu/Documents/drone-localisation/data/raw/satloc/part_1/Satellite Data/sat_image_ref/01399.jpg,1274,14.961733158081351,5,/Users/harishprabhu/Documents/drone-localisation/data/raw/satloc/part_1/Satellite Data/sat_image_ref/01274.jpg,1150,60.95836796514889,1,/Users/harishprabhu/Documents/drone-localisation/data/raw/satloc/part_1/Satellite Data/sat_image_ref/01150.jpg,1274,14.961733158081351,2,/Users/harishprabhu/Documents/drone-localisation/data/raw/satloc/part_1/Satellite Data/sat_image_ref/01274.jpg,/Users/harishprabhu/Documents/drone-localisation/data/raw/satloc/part_1/UAV Data/traj01/171@170160@112.808418@28.302847.png,/Users/harishprabhu/Documents/drone-localisation/data/raw/satloc/part_1/UAV Data/traj01/171@170160@112.808418@28.302847.png,,,False,False,False,False,True,True,True,False,False,False,False,False,False,False,supporting_case,56.25956671047966
310,forest_canopy,center,True,31.540269501361863,15.110372819275886,3,True,True,31.540269501361863,15.110372819275886,3,True,True,223.2536984023637,15.110372819275886,37,True,False,,center,15.110372819275886,3,5899,anchor_success,lsd_rescue,2555.297600259051,15.110351947969876,15.110351947969876,6847.0,5899.0,5899.0,,,15.0,69.0,0.0,5900,31.540269501361863,1,/Users/harishprabhu/Documents/drone-localisation/data/raw/satloc/part_1/Satellite Data/sat_image_ref/05900.jpg,5899,15.110372819275886,3,/Users/harishprabhu/Documents/drone-localisation/data/raw/satloc/part_1/Satellite Data/sat_image_ref/05899.jpg,6649,223.2536984023637,1,/Users/harishprabhu/Documents/drone-localisation/data/raw/satloc/part_1/Satellite Data/sat_image_ref/06649.jpg,5899,15.110372819275886,37,/Users/harishprabhu/Documents/drone-localisation/data/raw/satloc/part_1/Satellite Data/sat_image_ref/05899.jpg,/Users/harishprabhu/Documents/drone-localisation/data/raw/satloc/part_1/UAV Data/traj01/310@18017@112.808637@28.291352.png,/Users/harishprabhu/Documents/drone-localisation/data/raw/satloc/part_1/UAV Data/traj01/310@18017@112.808637@28.291352.png,,,False,False,True,False,True,True,True,False,False,False,False,False,False,False,supporting_case,56.22240679518103
216,mixed_urban_natural,center,True,15.115565045659066,15.115565045659066,1,True,True,15.115565045659066,15.115565045659066,1,True,True,23.80456231368112,15.115565045659066,3,True,False,,center,15.115565045659066,1,2024,anchor_success,,,,,,,,,,,,,2024,15.115565045659066,1,/Users/harishprabhu/Documents/drone-localisation/data/raw/satloc/part_1/Satellite Data/sat_image_ref/02024.jpg,2024,15.115565045659066,1,/Users/harishprabhu/Documents/drone-localisation/data/raw/satloc/part_1/Satellite Data/sat_image_ref/02024.jpg,2023,23.80456231368112,1,/Users/harishprabhu/Documents/drone-localisation/data/raw/satloc/part_1/Satellite Data/sat_image_ref/02023.jpg,2024,15.115565045659066,3,/Users/harishprabhu/Documents/drone-localisation/data/raw/satloc/part_1/Satellite Data/sat_image_ref/02024.jpg,/Users/harishprabhu/Documents/drone-localisation/data/raw/satloc/part_1/UAV Data/traj01/216@215203@112.808442@28.301039.png,/Users/harishprabhu/Documents/drone-localisation/data/raw/satloc/part_1/UAV Data/traj01/216@215203@112.808442@28.301039.png,,,False,False,False,False,True,True,True,False,False,False,False,False,False,False,supporting_case,56.22110873858523
16,mixed_urban_natural,center,True,1152.3415249331977,15.307403070435582,35,True,True,1152.3415249331977,15.307403070435582,35,True,False,1651.2141031473643,42.93087598166575,28,True,False,,center,15.307403070435582,35,3170,anchor_success,,,,,,,,,,,,,4765,1152.3415249331977,1,/Users/harishprabhu/Documents/drone-localisation/data/raw/satloc/part_1/Satellite Data/sat_image_ref/04765.jpg,3170,15.307403070435582,35,/Users/harishprabhu/Documents/drone-localisation/data/raw/satloc/part_1/Satellite Data/sat_image_ref/03170.jpg,8318,1651.2141031473643,1,/Users/harishprabhu/Documents/drone-localisation/data/raw/satloc/part_1/Satellite Data/sat_image_ref/08318.jpg,3169,42.93087598166575,28,/Users/harishprabhu/Documents/drone-localisation/data/raw/satloc/part_1/Satellite Data/sat_image_ref/03169.jpg,/Users/harishprabhu/Documents/drone-localisation/data/raw/satloc/part_1/UAV Data/traj01/16@15014@112.816116@28.298266.png,/Users/harishprabhu/Documents/drone-localisation/data/raw/satloc/part_1/UAV Data/traj01/16@15014@112.816116@28.298266.png,,,False,False,False,False,True,True,False,False,False,False,False,False,False,False,supporting_case,56.173149232391104
141,mixed_urban_natural,center,True,1219.5160120461774,15.321822410258337,22,True,True,1219.5160120461774,15.321822410258337,22,True,True,2336.133936524105,19.63181936867301,58,True,False,,center,15.321822410258337,22,526,anchor_success,,,,,,,,,,,,,2930,1219.5160120461774,1,/Users/harishprabhu/Documents/drone-localisation/data/raw/satloc/part_1/Satellite Data/sat_image_ref/02930.jpg,526,15.321822410258337,22,/Users/harishprabhu/Documents/drone-localisation/data/raw/satloc/part_1/Satellite Data/sat_image_ref/00526.jpg,6076,2336.133936524105,1,/Users/harishprabhu/Documents/drone-localisation/data/raw/satloc/part_1/Satellite Data/sat_image_ref/06076.jpg,401,19.63181936867301,58,/Users/harishprabhu/Documents/drone-localisation/data/raw/satloc/part_1/Satellite Data/sat_image_ref/00401.jpg,/Users/harishprabhu/Documents/drone-localisation/data/raw/satloc/part_1/UAV Data/traj01/141@140132@112.809276@28.304870.png,/Users/harishprabhu/Documents/drone-localisation/data/raw/satloc/part_1/UAV Data/traj01/141@140132@112.809276@28.304870.png,,,False,False,False,False,True,True,True,False,False,False,False,False,False,False,supporting_case,56.169544397435416
666,water_wetland,center,True,112.62580795548472,15.561330458326951,2,True,True,112.62580795548472,15.561330458326951,2,True,True,15.561330458326951,15.561330458326951,1,True,False,,center,15.561330458326951,2,3927,anchor_success,,,,,,,,,,,,,3799,112.62580795548472,1,/Users/harishprabhu/Documents/drone-localisation/data/raw/satloc/part_1/Satellite Data/sat_image_ref/03799.jpg,3927,15.561330458326951,2,/Users/harishprabhu/Documents/drone-localisation/data/raw/satloc/part_1/Satellite Data/sat_image_ref/03927.jpg,3927,15.561330458326951,1,/Users/harishprabhu/Documents/drone-localisation/data/raw/satloc/part_1/Satellite Data/sat_image_ref/03927.jpg,3927,15.561330458326951,1,/Users/harishprabhu/Documents/drone-localisation/data/raw/satloc/part_1/Satellite Data/sat_image_ref/03927.jpg,/Users/harishprabhu/Documents/drone-localisation/data/raw/satloc/part_1/UAV Data/traj01/666@83078@112.818516@28.296118.png,/Users/harishprabhu/Documents/drone-localisation/data/raw/satloc/part_1/UAV Data/traj01/666@83078@112.818516@28.296118.png,,,False,False,False,False,True,True,True,False,False,False,False,False,False,False,supporting_case,56.10966738541826
301,mixed_urban_natural,center,True,857.7304584139547,15.625142778391265,78,True,True,857.7304584139547,15.625142778391265,78,True,True,433.2013772053184,15.625142778391265,36,True,False,,center,15.625142778391265,78,5524,anchor_success,,,,,,,,,,,,,4875,857.7304584139547,1,/Users/harishprabhu/Documents/drone-localisation/data/raw/satloc/part_1/Satellite Data/sat_image_ref/04875.jpg,5524,15.625142778391265,78,/Users/harishprabhu/Documents/drone-localisation/data/raw/satloc/part_1/Satellite Data/sat_image_ref/05524.jpg,5137,433.2013772053184,1,/Users/harishprabhu/Documents/drone-localisation/data/raw/satloc/part_1/Satellite Data/sat_image_ref/05137.jpg,5524,15.625142778391265,36,/Users/harishprabhu/Documents/drone-localisation/data/raw/satloc/part_1/Satellite Data/sat_image_ref/05524.jpg,/Users/harishprabhu/Documents/drone-localisation/data/raw/satloc/part_1/UAV Data/traj01/301@9008@112.808620@28.292305.png,/Users/harishprabhu/Documents/drone-localisation/data/raw/satloc/part_1/UAV Data/traj01/301@9008@112.808620@28.292305.png,,,False,False,False,False,True,True,True,False,False,False,False,False,False,False,supporting_case,56.09371430540219
356,forest_canopy,center,True,1202.2764759656743,15.644144729183104,85,True,True,1202.2764759656743,15.644144729183104,85,True,True,1341.8760824839242,15.644144729183104,72,True,False,,center,15.644144729183104,85,6657,anchor_success,,,,,,,,,,,,,2406,1202.2764759656743,1,/Users/harishprabhu/Documents/drone-localisation/data/raw/satloc/part_1/Satellite Data/sat_image_ref/02406.jpg,6657,15.644144729183104,85,/Users/harishprabhu/Documents/drone-localisation/data/raw/satloc/part_1/Satellite Data/sat_image_ref/06657.jpg,1906,1341.8760824839242,1,/Users/harishprabhu/Documents/drone-localisation/data/raw/satloc/part_1/Satellite Data/sat_image_ref/01906.jpg,6657,15.644144729183104,72,/Users/harishprabhu/Documents/drone-localisation/data/raw/satloc/part_1/Satellite Data/sat_image_ref/06657.jpg,/Users/harishprabhu/Documents/drone-localisation/data/raw/satloc/part_1/UAV Data/traj01/356@64060@112.811487@28.289216.png,/Users/harishprabhu/Documents/drone-localisation/data/raw/satloc/part_1/UAV Data/traj01/356@64060@112.811487@28.289216.png,,,False,False,False,False,True,True,True,False,False,False,False,False,False,False,supporting_case,56.088963817704226
896,mixed_urban_natural,center,True,15.712069779102205,15.712069779102205,1,True,True,15.712069779102205,15.712069779102205,1,True,True,2042.8154417713936,15.712069779102205,6,True,False,,center,15.712069779102205,1,1667,anchor_success,,,,,,,,,,,,,1667,15.712069779102205,1,/Users/harishprabhu/Documents/drone-localisation/data/raw/satloc/part_1/Satellite Data/sat_image_ref/01667.jpg,1667,15.712069779102205,1,/Users/harishprabhu/Documents/drone-localisation/data/raw/satloc/part_1/Satellite Data/sat_image_ref/01667.jpg,5467,2042.8154417713936,1,/Users/harishprabhu/Documents/drone-localisation/data/raw/satloc/part_1/Satellite Data/sat_image_ref/05467.jpg,1667,15.712069779102205,6,/Users/harishprabhu/Documents/drone-localisation/data/raw/satloc/part_1/Satellite Data/sat_image_ref/01667.jpg,/Users/harishprabhu/Documents/drone-localisation/data/raw/satloc/part_1/UAV Data/traj01/896@22020@112.815002@28.302047.png,/Users/harishprabhu/Documents/drone-localisation/data/raw/satloc/part_1/UAV Data/traj01/896@22020@112.815002@28.302047.png,,,False,False,False,False,True,True,True,False,False,False,False,False,False,False,supporting_case,56.07198255522445
576,urban,center,True,1775.4921683932398,15.86072019105726,25,True,True,1775.4921683932398,15.86072019105726,25,True,True,1775.4921683932398,15.86072019105726,68,True,False,,center,15.86072019105726,25,2941,anchor_success,,,,,,,,,,,,,2867,1775.4921683932398,1,/Users/harishprabhu/Documents/drone-localisation/data/raw/satloc/part_1/Satellite Data/sat_image_ref/02867.jpg,2941,15.86072019105726,25,/Users/harishprabhu/Documents/drone-localisation/data/raw/satloc/part_1/Satellite Data/sat_image_ref/02941.jpg,2867,1775.4921683932398,1,/Users/harishprabhu/Documents/drone-localisation/data/raw/satloc/part_1/Satellite Data/sat_image_ref/02867.jpg,2941,15.86072019105726,68,/Users/harishprabhu/Documents/drone-localisation/data/raw/satloc/part_1/Satellite Data/sat_image_ref/02941.jpg,/Users/harishprabhu/Documents/drone-localisation/data/raw/satloc/part_1/UAV Data/traj01/576@284268@112.823599@28.298901.png,/Users/harishprabhu/Documents/drone-localisation/data/raw/satloc/part_1/UAV Data/traj01/576@284268@112.823599@28.298901.png,,,False,False,False,False,True,True,True,False,False,False,False,False,False,False,supporting_case,56.03481995223569
96,mixed_urban_natural,center,True,56.07127947578572,16.16288978679333,2,True,True,56.07127947578572,16.16288978679333,2,True,True,34.25258520614388,16.16288978679333,14,True,False,,center,16.16288978679333,2,416,anchor_success,,,,,,,,,,,,,666,56.07127947578572,1,/Users/harishprabhu/Documents/drone-localisation/data/raw/satloc/part_1/Satellite Data/sat_image_ref/00666.jpg,416,16.16288978679333,2,/Users/harishprabhu/Documents/drone-localisation/data/raw/satloc/part_1/Satellite Data/sat_image_ref/00416.jpg,542,34.25258520614388,1,/Users/harishprabhu/Documents/drone-localisation/data/raw/satloc/part_1/Satellite Data/sat_image_ref/00542.jpg,416,16.16288978679333,14,/Users/harishprabhu/Documents/drone-localisation/data/raw/satloc/part_1/Satellite Data/sat_image_ref/00416.jpg,/Users/harishprabhu/Documents/drone-localisation/data/raw/satloc/part_1/UAV Data/traj01/96@95089@112.814710@28.304918.png,/Users/harishprabhu/Documents/drone-localisation/data/raw/satloc/part_1/UAV Data/traj01/96@95089@112.814710@28.304918.png,,,False,False,False,False,True,True,True,False,False,False,False,False,False,False,supporting_case,55.95927755330167
751,water_wetland,center,True,33.891685520408,16.218759880360665,6,True,True,33.891685520408,16.218759880360665,6,True,True,63.08634975703424,16.218759880360665,47,True,False,,center,16.218759880360665,6,5536,anchor_success,,,,,,,,,,,,,5660,33.891685520408,1,/Users/harishprabhu/Documents/drone-localisation/data/raw/satloc/part_1/Satellite Data/sat_image_ref/05660.jpg,5536,16.218759880360665,6,/Users/harishprabhu/Documents/drone-localisation/data/raw/satloc/part_1/Satellite Data/sat_image_ref/05536.jpg,5534,63.08634975703424,1,/Users/harishprabhu/Documents/drone-localisation/data/raw/satloc/part_1/Satellite Data/sat_image_ref/05534.jpg,5536,16.218759880360665,47,/Users/harishprabhu/Documents/drone-localisation/data/raw/satloc/part_1/Satellite Data/sat_image_ref/05536.jpg,/Users/harishprabhu/Documents/drone-localisation/data/raw/satloc/part_1/UAV Data/traj01/751@168158@112.812765@28.292046.png,/Users/harishprabhu/Documents/drone-localisation/data/raw/satloc/part_1/UAV Data/traj01/751@168158@112.812765@28.292046.png,,,False,False,False,False,True,True,True,False,False,False,False,False,False,False,supporting_case,55.945310029909834
161,mixed_urban_natural,center,True,20.79413234580037,16.282531394551338,12,True,True,20.79413234580037,16.282531394551338,12,True,True,20.79413234580037,16.282531394551338,9,True,False,,center,16.282531394551338,12,899,anchor_success,,,,,,,,,,,,,898,20.79413234580037,1,/Users/harishprabhu/Documents/drone-localisation/data/raw/satloc/part_1/Satellite Data/sat_image_ref/00898.jpg,899,16.282531394551338,12,/Users/harishprabhu/Documents/drone-localisation/data/raw/satloc/part_1/Satellite Data/sat_image_ref/00899.jpg,898,20.79413234580037,1,/Users/harishprabhu/Documents/drone-localisation/data/raw/satloc/part_1/Satellite Data/sat_image_ref/00898.jpg,899,16.282531394551338,9,/Users/harishprabhu/Documents/drone-localisation/data/raw/satloc/part_1/Satellite Data/sat_image_ref/00899.jpg,/Users/harishprabhu/Documents/drone-localisation/data/raw/satloc/part_1/UAV Data/traj01/161@160151@112.808417@28.303846.png,/Users/harishprabhu/Documents/drone-localisation/data/raw/satloc/part_1/UAV Data/traj01/161@160151@112.808417@28.303846.png,,,False,False,False,False,True,True,True,False,False,False,False,False,False,False,supporting_case,55.929367151362165
876,mixed_urban_natural,center,True,23.701488270530408,16.285682405399573,2,True,True,23.701488270530408,16.285682405399573,2,True,True,115.01191714580206,16.285682405399573,54,True,False,,center,16.285682405399573,2,1536,anchor_success,,,,,,,,,,,,,1411,23.701488270530408,1,/Users/harishprabhu/Documents/drone-localisation/data/raw/satloc/part_1/Satellite Data/sat_image_ref/01411.jpg,1536,16.285682405399573,2,/Users/harishprabhu/Documents/drone-localisation/data/raw/satloc/part_1/Satellite Data/sat_image_ref/01536.jpg,1533,115.01191714580206,1,/Users/harishprabhu/Documents/drone-localisation/data/raw/satloc/part_1/Satellite Data/sat_image_ref/01533.jpg,1536,16.285682405399573,54,/Users/harishprabhu/Documents/drone-localisation/data/raw/satloc/part_1/Satellite Data/sat_image_ref/01536.jpg,/Users/harishprabhu/Documents/drone-localisation/data/raw/satloc/part_1/UAV Data/traj01/876@2001@112.812947@28.302339.png,/Users/harishprabhu/Documents/drone-localisation/data/raw/satloc/part_1/UAV Data/traj01/876@2001@112.812947@28.302339.png,,,False,False,False,False,True,True,True,False,False,False,False,False,False,False,supporting_case,55.92857939865011
346,forest_canopy,center,True,683.908777627287,16.38472430732366,5,True,True,683.908777627287,16.38472430732366,5,True,True,33.94941280503533,16.38472430732366,14,True,False,,center,16.38472430732366,5,6654,anchor_success,,,,,,,,,,,,,7385,683.908777627287,1,/Users/harishprabhu/Documents/drone-localisation/data/raw/satloc/part_1/Satellite Data/sat_image_ref/07385.jpg,6654,16.38472430732366,5,/Users/harishprabhu/Documents/drone-localisation/data/raw/satloc/part_1/Satellite Data/sat_image_ref/06654.jpg,6778,33.94941280503533,1,/Users/harishprabhu/Documents/drone-localisation/data/raw/satloc/part_1/Satellite Data/sat_image_ref/06778.jpg,6654,16.38472430732366,14,/Users/harishprabhu/Documents/drone-localisation/data/raw/satloc/part_1/Satellite Data/sat_image_ref/06654.jpg,/Users/harishprabhu/Documents/drone-localisation/data/raw/satloc/part_1/UAV Data/traj01/346@54051@112.810273@28.289216.png,/Users/harishprabhu/Documents/drone-localisation/data/raw/satloc/part_1/UAV Data/traj01/346@54051@112.810273@28.289216.png,,,False,False,False,False,True,True,True,False,False,False,False,False,False,False,supporting_case,55.903818923169084
771,water_wetland,center,True,63.89737767852287,16.625329690309353,73,True,True,63.89737767852287,16.625329690309353,73,True,True,61.68973939811725,16.625329690309353,25,True,False,,center,16.625329690309353,73,5032,anchor_success,,,,,,,,,,,,,5283,63.89737767852287,1,/Users/harishprabhu/Documents/drone-localisation/data/raw/satloc/part_1/Satellite Data/sat_image_ref/05283.jpg,5032,16.625329690309353,73,/Users/harishprabhu/Documents/drone-localisation/data/raw/satloc/part_1/Satellite Data/sat_image_ref/05032.jpg,5159,61.68973939811725,1,/Users/harishprabhu/Documents/drone-localisation/data/raw/satloc/part_1/Satellite Data/sat_image_ref/05159.jpg,5032,16.625329690309353,25,/Users/harishprabhu/Documents/drone-localisation/data/raw/satloc/part_1/Satellite Data/sat_image_ref/05032.jpg,/Users/harishprabhu/Documents/drone-localisation/data/raw/satloc/part_1/UAV Data/traj01/771@188177@112.811562@28.293341.png,/Users/harishprabhu/Documents/drone-localisation/data/raw/satloc/part_1/UAV Data/traj01/771@188177@112.811562@28.293341.png,,,False,False,False,False,True,True,True,False,False,False,False,False,False,False,supporting_case,55.843667577422664
476,forest_canopy,center,True,65.3072777942977,20.55365155075198,18,True,True,65.3072777942977,20.55365155075198,18,True,True,45.663424145369305,16.63336230920177,98,True,False,,resize,16.63336230920177,98,5941,anchor_success,,,,,,,,,,,,,5943,65.3072777942977,1,/Users/harishprabhu/Documents/drone-localisation/data/raw/satloc/part_1/Satellite Data/sat_image_ref/05943.jpg,6066,20.55365155075198,18,/Users/harishprabhu/Documents/drone-localisation/data/raw/satloc/part_1/Satellite Data/sat_image_ref/06066.jpg,6065,45.663424145369305,1,/Users/harishprabhu/Documents/drone-localisation/data/raw/satloc/part_1/Satellite Data/sat_image_ref/06065.jpg,5941,16.63336230920177,98,/Users/harishprabhu/Documents/drone-localisation/data/raw/satloc/part_1/Satellite Data/sat_image_ref/05941.jpg,/Users/harishprabhu/Documents/drone-localisation/data/raw/satloc/part_1/UAV Data/traj01/476@184173@112.823612@28.291091.png,/Users/harishprabhu/Documents/drone-localisation/data/raw/satloc/part_1/UAV Data/traj01/476@184173@112.823612@28.291091.png,,,False,False,False,False,True,True,True,False,False,False,False,False,False,False,supporting_case,55.84165942269956
81,mixed_urban_natural,center,True,29.56361596246992,16.763974196951615,14,True,True,29.56361596246992,16.763974196951615,14,True,True,96.8081308790344,22.602852465559337,20,True,False,,center,16.763974196951615,14,421,anchor_success,,,,,,,,,,,,,420,29.563615962469918,1,/Users/harishprabhu/Documents/drone-localisation/data/raw/satloc/part_1/Satellite Data/sat_image_ref/00420.jpg,421,16.763974196951615,14,/Users/harishprabhu/Documents/drone-localisation/data/raw/satloc/part_1/Satellite Data/sat_image_ref/00421.jpg,418,96.8081308790344,1,/Users/harishprabhu/Documents/drone-localisation/data/raw/satloc/part_1/Satellite Data/sat_image_ref/00418.jpg,546,22.602852465559337,20,/Users/harishprabhu/Documents/drone-localisation/data/raw/satloc/part_1/Satellite Data/sat_image_ref/00546.jpg,/Users/harishprabhu/Documents/drone-localisation/data/raw/satloc/part_1/UAV Data/traj01/81@80075@112.816324@28.304919.png,/Users/harishprabhu/Documents/drone-localisation/data/raw/satloc/part_1/UAV Data/traj01/81@80075@112.816324@28.304919.png,,,False,False,False,False,True,True,True,False,False,False,False,False,False,False,supporting_case,55.8090064507621
701,water_wetland,center,True,51.6939501199403,16.819082699102523,28,True,True,51.6939501199403,16.819082699102523,28,True,True,51.6939501199403,16.819082699102523,18,True,False,,center,16.819082699102523,28,5552,anchor_success,,,,,,,,,,,,,5677,51.6939501199403,1,/Users/harishprabhu/Documents/drone-localisation/data/raw/satloc/part_1/Satellite Data/sat_image_ref/05677.jpg,5552,16.819082699102523,28,/Users/harishprabhu/Documents/drone-localisation/data/raw/satloc/part_1/Satellite Data/sat_image_ref/05552.jpg,5677,51.6939501199403,1,/Users/harishprabhu/Documents/drone-localisation/data/raw/satloc/part_1/Satellite Data/sat_image_ref/05677.jpg,5552,16.819082699102523,18,/Users/harishprabhu/Documents/drone-localisation/data/raw/satloc/part_1/Satellite Data/sat_image_ref/05552.jpg,/Users/harishprabhu/Documents/drone-localisation/data/raw/satloc/part_1/UAV Data/traj01/701@118111@112.818570@28.292322.png,/Users/harishprabhu/Documents/drone-localisation/data/raw/satloc/part_1/UAV Data/traj01/701@118111@112.818570@28.292322.png,,,False,False,False,False,True,True,True,False,False,False,False,False,False,False,supporting_case,55.79522932522437
526,urban,center,True,37.09733974035884,16.9289794464646,21,True,True,37.09733974035884,16.9289794464646,21,True,True,70.33925028679249,16.9289794464646,54,True,False,,center,16.9289794464646,21,3941,anchor_success,,,,,,,,,,,,,3942,37.09733974035884,1,/Users/harishprabhu/Documents/drone-localisation/data/raw/satloc/part_1/Satellite Data/sat_image_ref/03942.jpg,3941,16.9289794464646,21,/Users/harishprabhu/Documents/drone-localisation/data/raw/satloc/part_1/Satellite Data/sat_image_ref/03941.jpg,3818,70.33925028679249,1,/Users/harishprabhu/Documents/drone-localisation/data/raw/satloc/part_1/Satellite Data/sat_image_ref/03818.jpg,3941,16.9289794464646,54,/Users/harishprabhu/Documents/drone-localisation/data/raw/satloc/part_1/Satellite Data/sat_image_ref/03941.jpg,/Users/harishprabhu/Documents/drone-localisation/data/raw/satloc/part_1/UAV Data/traj01/526@234221@112.823566@28.296405.png,/Users/harishprabhu/Documents/drone-localisation/data/raw/satloc/part_1/UAV Data/traj01/526@234221@112.823566@28.296405.png,,,False,False,False,False,True,True,True,False,False,False,False,False,False,False,supporting_case,55.76775513838385
111,mixed_urban_natural,center,True,52.912735932543896,17.02207585113172,60,True,True,52.912735932543896,17.02207585113172,60,True,True,37.85600129107015,37.38117709793431,6,True,False,,center,17.02207585113172,60,411,anchor_success,,,,,,,,,,,,,661,52.912735932543896,1,/Users/harishprabhu/Documents/drone-localisation/data/raw/satloc/part_1/Satellite Data/sat_image_ref/00661.jpg,411,17.02207585113172,60,/Users/harishprabhu/Documents/drone-localisation/data/raw/satloc/part_1/Satellite Data/sat_image_ref/00411.jpg,537,37.85600129107015,1,/Users/harishprabhu/Documents/drone-localisation/data/raw/satloc/part_1/Satellite Data/sat_image_ref/00537.jpg,412,37.38117709793431,6,/Users/harishprabhu/Documents/drone-localisation/data/raw/satloc/part_1/Satellite Data/sat_image_ref/00412.jpg,/Users/harishprabhu/Documents/drone-localisation/data/raw/satloc/part_1/UAV Data/traj01/111@110103@112.812866@28.304894.png,/Users/harishprabhu/Documents/drone-localisation/data/raw/satloc/part_1/UAV Data/traj01/111@110103@112.812866@28.304894.png,,,False,False,False,False,True,True,True,False,False,False,False,False,False,False,supporting_case,55.74448103721707
541,urban,center,True,1476.3245703117452,17.303643592621164,37,True,True,1476.3245703117452,17.303643592621164,37,True,True,1680.0454748247398,17.303643592621164,43,True,False,,center,17.303643592621164,37,3316,anchor_success,,,,,,,,,,,,,4607,1476.3245703117452,1,/Users/harishprabhu/Documents/drone-localisation/data/raw/satloc/part_1/Satellite Data/sat_image_ref/04607.jpg,3316,17.303643592621164,37,/Users/harishprabhu/Documents/drone-localisation/data/raw/satloc/part_1/Satellite Data/sat_image_ref/03316.jpg,4613,1680.0454748247398,1,/Users/harishprabhu/Documents/drone-localisation/data/raw/satloc/part_1/Satellite Data/sat_image_ref/04613.jpg,3316,17.303643592621164,43,/Users/harishprabhu/Documents/drone-localisation/data/raw/satloc/part_1/Satellite Data/sat_image_ref/03316.jpg,/Users/harishprabhu/Documents/drone-localisation/data/raw/satloc/part_1/UAV Data/traj01/541@249235@112.823560@28.297979.png,/Users/harishprabhu/Documents/drone-localisation/data/raw/satloc/part_1/UAV Data/traj01/541@249235@112.823560@28.297979.png,,,False,False,False,False,True,True,True,False,False,False,False,False,False,False,supporting_case,55.67408910184471
761,water_wetland,center,True,50.76946479681197,17.36219388419595,3,True,True,50.76946479681197,17.36219388419595,3,True,True,32.135470552821154,17.36219388419595,9,True,False,,center,17.36219388419595,3,5408,anchor_success,,,,,,,,,,,,,5532,50.76946479681197,1,/Users/harishprabhu/Documents/drone-localisation/data/raw/satloc/part_1/Satellite Data/sat_image_ref/05532.jpg,5408,17.36219388419595,3,/Users/harishprabhu/Documents/drone-localisation/data/raw/satloc/part_1/Satellite Data/sat_image_ref/05408.jpg,5534,32.135470552821154,1,/Users/harishprabhu/Documents/drone-localisation/data/raw/satloc/part_1/Satellite Data/sat_image_ref/05534.jpg,5408,17.36219388419595,9,/Users/harishprabhu/Documents/drone-localisation/data/raw/satloc/part_1/Satellite Data/sat_image_ref/05408.jpg,/Users/harishprabhu/Documents/drone-localisation/data/raw/satloc/part_1/UAV Data/traj01/761@178168@112.811893@28.292365.png,/Users/harishprabhu/Documents/drone-localisation/data/raw/satloc/part_1/UAV Data/traj01/761@178168@112.811893@28.292365.png,,,False,False,False,False,True,True,True,False,False,False,False,False,False,False,supporting_case,55.65945152895101
181,mixed_urban_natural,center,True,17.488963617003776,17.488963617003776,1,True,True,17.488963617003776,17.488963617003776,1,True,True,17.488963617003776,17.488963617003776,1,True,False,,center,17.488963617003776,1,1649,anchor_success,,,,,,,,,,,,,1649,17.488963617003776,1,/Users/harishprabhu/Documents/drone-localisation/data/raw/satloc/part_1/Satellite Data/sat_image_ref/01649.jpg,1649,17.488963617003776,1,/Users/harishprabhu/Documents/drone-localisation/data/raw/satloc/part_1/Satellite Data/sat_image_ref/01649.jpg,1649,17.488963617003776,1,/Users/harishprabhu/Documents/drone-localisation/data/raw/satloc/part_1/Satellite Data/sat_image_ref/01649.jpg,1649,17.488963617003776,1,/Users/harishprabhu/Documents/drone-localisation/data/raw/satloc/part_1/Satellite Data/sat_image_ref/01649.jpg,/Users/harishprabhu/Documents/drone-localisation/data/raw/satloc/part_1/UAV Data/traj01/181@180169@112.808450@28.302022.png,/Users/harishprabhu/Documents/drone-localisation/data/raw/satloc/part_1/UAV Data/traj01/181@180169@112.808450@28.302022.png,,,False,False,False,False,True,True,True,False,False,False,False,False,False,False,supporting_case,55.627759095749056
46,mixed_urban_natural,center,True,18.667901895561297,17.57370111194292,2,True,True,18.667901895561297,17.57370111194292,2,True,True,90.88389332413313,17.57370111194292,17,True,False,,center,17.57370111194292,2,1921,anchor_success,,,,,,,,,,,,,1796,18.667901895561297,1,/Users/harishprabhu/Documents/drone-localisation/data/raw/satloc/part_1/Satellite Data/sat_image_ref/01796.jpg,1921,17.57370111194292,2,/Users/harishprabhu/Documents/drone-localisation/data/raw/satloc/part_1/Satellite Data/sat_image_ref/01921.jpg,2048,90.88389332413313,1,/Users/harishprabhu/Documents/drone-localisation/data/raw/satloc/part_1/Satellite Data/sat_image_ref/02048.jpg,1921,17.57370111194292,17,/Users/harishprabhu/Documents/drone-localisation/data/raw/satloc/part_1/Satellite Data/sat_image_ref/01921.jpg,/Users/harishprabhu/Documents/drone-localisation/data/raw/satloc/part_1/UAV Data/traj01/46@45042@112.816366@28.301430.png,/Users/harishprabhu/Documents/drone-localisation/data/raw/satloc/part_1/UAV Data/traj01/46@45042@112.816366@28.301430.png,,,False,False,False,False,True,True,True,False,False,False,False,False,False,False,supporting_case,55.60657472201427
831,water_wetland,center,True,126.72469026028476,17.640646763878667,18,True,True,126.72469026028476,17.640646763878667,18,True,True,198.52190593896825,17.640646763878667,41,True,False,,center,17.640646763878667,18,2657,anchor_success,,,,,,,,,,,,,2157,126.72469026028476,1,/Users/harishprabhu/Documents/drone-localisation/data/raw/satloc/part_1/Satellite Data/sat_image_ref/02157.jpg,2657,17.640646763878667,18,/Users/harishprabhu/Documents/drone-localisation/data/raw/satloc/part_1/Satellite Data/sat_image_ref/02657.jpg,2651,198.52190593896825,1,/Users/harishprabhu/Documents/drone-localisation/data/raw/satloc/part_1/Satellite Data/sat_image_ref/02651.jpg,2657,17.640646763878667,41,/Users/harishprabhu/Documents/drone-localisation/data/raw/satloc/part_1/Satellite Data/sat_image_ref/02657.jpg,/Users/harishprabhu/Documents/drone-localisation/data/raw/satloc/part_1/UAV Data/traj01/831@248234@112.811307@28.299515.png,/Users/harishprabhu/Documents/drone-localisation/data/raw/satloc/part_1/UAV Data/traj01/831@248234@112.811307@28.299515.png,,,False,False,False,False,True,True,True,False,False,False,False,False,False,False,supporting_case,55.589838309030334
371,forest_canopy,center,True,1342.3242399395465,17.646725210235402,31,True,True,1342.3242399395465,17.646725210235402,31,True,True,1374.7676129568592,17.646725210235402,54,True,False,,center,17.646725210235402,31,6662,anchor_success,,,,,,,,,,,,,4948,1342.3242399395465,1,/Users/harishprabhu/Documents/drone-localisation/data/raw/satloc/part_1/Satellite Data/sat_image_ref/04948.jpg,6662,17.646725210235402,31,/Users/harishprabhu/Documents/drone-localisation/data/raw/satloc/part_1/Satellite Data/sat_image_ref/06662.jpg,4949,1374.7676129568592,1,/Users/harishprabhu/Documents/drone-localisation/data/raw/satloc/part_1/Satellite Data/sat_image_ref/04949.jpg,6662,17.646725210235402,54,/Users/harishprabhu/Documents/drone-localisation/data/raw/satloc/part_1/Satellite Data/sat_image_ref/06662.jpg,/Users/harishprabhu/Documents/drone-localisation/data/raw/satloc/part_1/UAV Data/traj01/371@79074@112.813328@28.289228.png,/Users/harishprabhu/Documents/drone-localisation/data/raw/satloc/part_1/UAV Data/traj01/371@79074@112.813328@28.289228.png,,,False,False,False,False,True,True,True,False,False,False,False,False,False,False,supporting_case,55.58831869744115
131,mixed_urban_natural,center,True,353.0053434939604,20.44062198753132,26,True,True,353.0053434939604,20.44062198753132,26,True,True,1132.117606181293,17.71332608271357,65,True,False,,resize,17.71332608271357,65,529,anchor_success,,,,,,,,,,,,,1287,353.0053434939604,1,/Users/harishprabhu/Documents/drone-localisation/data/raw/satloc/part_1/Satellite Data/sat_image_ref/01287.jpg,404,20.44062198753132,26,/Users/harishprabhu/Documents/drone-localisation/data/raw/satloc/part_1/Satellite Data/sat_image_ref/00404.jpg,1311,1132.117606181293,1,/Users/harishprabhu/Documents/drone-localisation/data/raw/satloc/part_1/Satellite Data/sat_image_ref/01311.jpg,529,17.71332608271357,65,/Users/harishprabhu/Documents/drone-localisation/data/raw/satloc/part_1/Satellite Data/sat_image_ref/00529.jpg,/Users/harishprabhu/Documents/drone-localisation/data/raw/satloc/part_1/UAV Data/traj01/131@130122@112.810432@28.304876.png,/Users/harishprabhu/Documents/drone-localisation/data/raw/satloc/part_1/UAV Data/traj01/131@130122@112.810432@28.304876.png,,,False,False,False,False,True,True,True,False,False,False,False,False,False,False,supporting_case,55.57166847932161
496,forest_canopy,center,True,212.08748802987665,17.74059940497522,6,True,True,212.08748802987665,17.74059940497522,6,True,True,102.20571931224492,17.74059940497522,25,True,False,,center,17.74059940497522,6,5066,anchor_success,,,,,,,,,,,,,5322,212.08748802987665,1,/Users/harishprabhu/Documents/drone-localisation/data/raw/satloc/part_1/Satellite Data/sat_image_ref/05322.jpg,5066,17.74059940497522,6,/Users/harishprabhu/Documents/drone-localisation/data/raw/satloc/part_1/Satellite Data/sat_image_ref/05066.jpg,5069,102.20571931224492,1,/Users/harishprabhu/Documents/drone-localisation/data/raw/satloc/part_1/Satellite Data/sat_image_ref/05069.jpg,5066,17.74059940497522,25,/Users/harishprabhu/Documents/drone-localisation/data/raw/satloc/part_1/Satellite Data/sat_image_ref/05066.jpg,/Users/harishprabhu/Documents/drone-localisation/data/raw/satloc/part_1/UAV Data/traj01/496@204192@112.823588@28.293272.png,/Users/harishprabhu/Documents/drone-localisation/data/raw/satloc/part_1/UAV Data/traj01/496@204192@112.823588@28.293272.png,,,False,False,False,False,True,True,True,False,False,False,False,False,False,False,supporting_case,55.56485014875619
551,urban,center,True,19.29197274888629,17.80431127352059,19,True,True,19.29197274888629,17.80431127352059,19,True,True,33.97250676071439,17.80431127352059,21,True,False,,center,17.80431127352059,19,2816,anchor_success,,,,,,,,,,,,,2941,19.29197274888629,1,/Users/harishprabhu/Documents/drone-localisation/data/raw/satloc/part_1/Satellite Data/sat_image_ref/02941.jpg,2816,17.80431127352059,19,/Users/harishprabhu/Documents/drone-localisation/data/raw/satloc/part_1/Satellite Data/sat_image_ref/02816.jpg,2942,33.97250676071439,1,/Users/harishprabhu/Documents/drone-localisation/data/raw/satloc/part_1/Satellite Data/sat_image_ref/02942.jpg,2816,17.80431127352059,21,/Users/harishprabhu/Documents/drone-localisation/data/raw/satloc/part_1/Satellite Data/sat_image_ref/02816.jpg,/Users/harishprabhu/Documents/drone-localisation/data/raw/satloc/part_1/UAV Data/traj01/551@259244@112.823611@28.298930.png,/Users/harishprabhu/Documents/drone-localisation/data/raw/satloc/part_1/UAV Data/traj01/551@259244@112.823611@28.298930.png,,,False,False,False,False,True,True,True,False,False,False,False,False,False,False,supporting_case,55.54892218161985
856,water_wetland,center,True,1355.516399427781,18.065900309657817,3,True,True,1355.516399427781,18.065900309657817,3,True,True,1355.516399427781,18.065900309657817,17,True,False,,center,18.065900309657817,3,1657,anchor_success,,,,,,,,,,,,,5004,1355.516399427781,1,/Users/harishprabhu/Documents/drone-localisation/data/raw/satloc/part_1/Satellite Data/sat_image_ref/05004.jpg,1657,18.065900309657817,3,/Users/harishprabhu/Documents/drone-localisation/data/raw/satloc/part_1/Satellite Data/sat_image_ref/01657.jpg,5004,1355.516399427781,1,/Users/harishprabhu/Documents/drone-localisation/data/raw/satloc/part_1/Satellite Data/sat_image_ref/05004.jpg,1657,18.065900309657817,17,/Users/harishprabhu/Documents/drone-localisation/data/raw/satloc/part_1/Satellite Data/sat_image_ref/01657.jpg,/Users/harishprabhu/Documents/drone-localisation/data/raw/satloc/part_1/UAV Data/traj01/856@273257@112.811277@28.302005.png,/Users/harishprabhu/Documents/drone-localisation/data/raw/satloc/part_1/UAV Data/traj01/856@273257@112.811277@28.302005.png,,,False,False,False,False,True,True,True,False,False,False,False,False,False,False,supporting_case,55.483524922585545
571,urban,center,True,1426.1765288678343,18.08342584448459,66,True,True,1426.1765288678343,18.08342584448459,66,True,True,44.80713424131803,18.08342584448459,41,True,False,,center,18.08342584448459,66,2816,anchor_success,,,,,,,,,,,,,3107,1426.1765288678343,1,/Users/harishprabhu/Documents/drone-localisation/data/raw/satloc/part_1/Satellite Data/sat_image_ref/03107.jpg,2816,18.08342584448459,66,/Users/harishprabhu/Documents/drone-localisation/data/raw/satloc/part_1/Satellite Data/sat_image_ref/02816.jpg,2940,44.80713424131803,1,/Users/harishprabhu/Documents/drone-localisation/data/raw/satloc/part_1/Satellite Data/sat_image_ref/02940.jpg,2816,18.08342584448459,41,/Users/harishprabhu/Documents/drone-localisation/data/raw/satloc/part_1/Satellite Data/sat_image_ref/02816.jpg,/Users/harishprabhu/Documents/drone-localisation/data/raw/satloc/part_1/UAV Data/traj01/571@279263@112.823610@28.298927.png,/Users/harishprabhu/Documents/drone-localisation/data/raw/satloc/part_1/UAV Data/traj01/571@279263@112.823610@28.298927.png,,,False,False,False,False,True,True,True,False,False,False,False,False,False,False,supporting_case,55.47914353887885
66,mixed_urban_natural,center,True,637.4951929052056,18.08377789366144,38,True,True,637.4951929052056,18.08377789366144,38,True,True,3089.0045169366863,18.08377789366144,26,True,False,,center,18.08377789366144,38,921,anchor_success,,,,,,,,,,,,,1189,637.4951929052056,1,/Users/harishprabhu/Documents/drone-localisation/data/raw/satloc/part_1/Satellite Data/sat_image_ref/01189.jpg,921,18.08377789366144,38,/Users/harishprabhu/Documents/drone-localisation/data/raw/satloc/part_1/Satellite Data/sat_image_ref/00921.jpg,7617,3089.0045169366863,1,/Users/harishprabhu/Documents/drone-localisation/data/raw/satloc/part_1/Satellite Data/sat_image_ref/07617.jpg,921,18.08377789366144,26,/Users/harishprabhu/Documents/drone-localisation/data/raw/satloc/part_1/Satellite Data/sat_image_ref/00921.jpg,/Users/harishprabhu/Documents/drone-localisation/data/raw/satloc/part_1/UAV Data/traj01/66@65061@112.816345@28.303640.png,/Users/harishprabhu/Documents/drone-localisation/data/raw/satloc/part_1/UAV Data/traj01/66@65061@112.816345@28.303640.png,,,False,False,False,False,True,True,True,False,False,False,False,False,False,False,supporting_case,55.47905552658464
874,mixed_urban_natural,center,True,25.536215269115704,18.22813794905199,5,True,True,25.536215269115704,18.22813794905199,5,True,True,25.536215269115704,18.22813794905199,15,True,False,,center,18.22813794905199,5,1536,anchor_success,stable_success,31.14777683593874,18.228112771313647,18.228112771313647,1410.0,1536.0,1536.0,,,17.0,117.0,0.0,1411,25.536215269115704,1,/Users/harishprabhu/Documents/drone-localisation/data/raw/satloc/part_1/Satellite Data/sat_image_ref/01411.jpg,1536,18.22813794905199,5,/Users/harishprabhu/Documents/drone-localisation/data/raw/satloc/part_1/Satellite Data/sat_image_ref/01536.jpg,1411,25.536215269115704,1,/Users/harishprabhu/Documents/drone-localisation/data/raw/satloc/part_1/Satellite Data/sat_image_ref/01411.jpg,1536,18.22813794905199,15,/Users/harishprabhu/Documents/drone-localisation/data/raw/satloc/part_1/Satellite Data/sat_image_ref/01536.jpg,/Users/harishprabhu/Documents/drone-localisation/data/raw/satloc/part_1/UAV Data/traj01/874@0@112.812718@28.302336.png,/Users/harishprabhu/Documents/drone-localisation/data/raw/satloc/part_1/UAV Data/traj01/874@0@112.812718@28.302336.png,,,False,False,True,False,True,True,True,False,False,False,False,False,False,False,supporting_case,55.442965512737004
436,forest_canopy,center,True,551.2414417116823,18.71670162552553,81,True,True,551.2414417116823,18.71670162552553,81,True,True,157.4622039729082,18.284220681469424,37,True,False,,resize,18.284220681469424,37,6684,anchor_success,,,,,,,,,,,,,5698,551.2414417116823,1,/Users/harishprabhu/Documents/drone-localisation/data/raw/satloc/part_1/Satellite Data/sat_image_ref/05698.jpg,6685,18.71670162552553,81,/Users/harishprabhu/Documents/drone-localisation/data/raw/satloc/part_1/Satellite Data/sat_image_ref/06685.jpg,6689,157.4622039729082,1,/Users/harishprabhu/Documents/drone-localisation/data/raw/satloc/part_1/Satellite Data/sat_image_ref/06689.jpg,6684,18.284220681469424,37,/Users/harishprabhu/Documents/drone-localisation/data/raw/satloc/part_1/Satellite Data/sat_image_ref/06684.jpg,/Users/harishprabhu/Documents/drone-localisation/data/raw/satloc/part_1/UAV Data/traj01/436@144136@112.821227@28.289290.png,/Users/harishprabhu/Documents/drone-localisation/data/raw/satloc/part_1/UAV Data/traj01/436@144136@112.821227@28.289290.png,,,False,False,False,False,True,True,True,False,False,False,False,False,False,False,supporting_case,55.42894482963264
731,water_wetland,center,True,25.055612906626447,18.30510505561542,6,True,True,25.055612906626447,18.30510505561542,6,True,True,25.055612906626447,18.30510505561542,5,True,False,,center,18.30510505561542,6,5543,anchor_success,stable_success,25.95024506105812,31.082507545186893,25.055578298393712,5542.0,5667.0,5668.0,,,29.0,120.0,6.0269292467931805,5668,25.055612906626447,1,/Users/harishprabhu/Documents/drone-localisation/data/raw/satloc/part_1/Satellite Data/sat_image_ref/05668.jpg,5543,18.30510505561542,6,/Users/harishprabhu/Documents/drone-localisation/data/raw/satloc/part_1/Satellite Data/sat_image_ref/05543.jpg,5668,25.055612906626447,1,/Users/harishprabhu/Documents/drone-localisation/data/raw/satloc/part_1/Satellite Data/sat_image_ref/05668.jpg,5543,18.30510505561542,5,/Users/harishprabhu/Documents/drone-localisation/data/raw/satloc/part_1/Satellite Data/sat_image_ref/05543.jpg,/Users/harishprabhu/Documents/drone-localisation/data/raw/satloc/part_1/UAV Data/traj01/731@148139@112.815217@28.292052.png,/Users/harishprabhu/Documents/drone-localisation/data/raw/satloc/part_1/UAV Data/traj01/731@148139@112.815217@28.292052.png,,,False,False,True,False,True,True,True,False,False,False,False,False,False,False,supporting_case,55.42372373609614
851,water_wetland,center,True,1361.1191330159577,18.39768887494472,6,True,True,1361.1191330159577,18.39768887494472,6,True,True,777.6217843978864,18.39768887494472,36,True,False,,center,18.39768887494472,6,1782,anchor_success,,,,,,,,,,,,,4877,1361.1191330159577,1,/Users/harishprabhu/Documents/drone-localisation/data/raw/satloc/part_1/Satellite Data/sat_image_ref/04877.jpg,1782,18.39768887494472,6,/Users/harishprabhu/Documents/drone-localisation/data/raw/satloc/part_1/Satellite Data/sat_image_ref/01782.jpg,4019,777.6217843978864,1,/Users/harishprabhu/Documents/drone-localisation/data/raw/satloc/part_1/Satellite Data/sat_image_ref/04019.jpg,1782,18.39768887494472,36,/Users/harishprabhu/Documents/drone-localisation/data/raw/satloc/part_1/Satellite Data/sat_image_ref/01782.jpg,/Users/harishprabhu/Documents/drone-localisation/data/raw/satloc/part_1/UAV Data/traj01/851@268253@112.811285@28.301704.png,/Users/harishprabhu/Documents/drone-localisation/data/raw/satloc/part_1/UAV Data/traj01/851@268253@112.811285@28.301704.png,,,False,False,False,False,True,True,True,False,False,False,False,False,False,False,supporting_case,55.40057778126382
726,water_wetland,center,True,18.42826580787181,18.42826580787181,1,True,True,18.42826580787181,18.42826580787181,1,True,True,18.42826580787181,18.42826580787181,1,True,False,,center,18.42826580787181,1,5544,anchor_success,,,,,,,,,,,,,5544,18.42826580787181,1,/Users/harishprabhu/Documents/drone-localisation/data/raw/satloc/part_1/Satellite Data/sat_image_ref/05544.jpg,5544,18.42826580787181,1,/Users/harishprabhu/Documents/drone-localisation/data/raw/satloc/part_1/Satellite Data/sat_image_ref/05544.jpg,5544,18.42826580787181,1,/Users/harishprabhu/Documents/drone-localisation/data/raw/satloc/part_1/Satellite Data/sat_image_ref/05544.jpg,5544,18.42826580787181,1,/Users/harishprabhu/Documents/drone-localisation/data/raw/satloc/part_1/Satellite Data/sat_image_ref/05544.jpg,/Users/harishprabhu/Documents/drone-localisation/data/raw/satloc/part_1/UAV Data/traj01/726@143135@112.815833@28.292052.png,/Users/harishprabhu/Documents/drone-localisation/data/raw/satloc/part_1/UAV Data/traj01/726@143135@112.815833@28.292052.png,,,False,False,False,False,True,True,True,False,False,False,False,False,False,False,supporting_case,55.39293354803205
211,mixed_urban_natural,center,True,18.47616017754608,18.47616017754608,1,True,True,18.47616017754608,18.47616017754608,1,True,True,59.5891663466805,18.47616017754608,10,True,False,,center,18.47616017754608,1,1899,anchor_success,,,,,,,,,,,,,1899,18.476160177546078,1,/Users/harishprabhu/Documents/drone-localisation/data/raw/satloc/part_1/Satellite Data/sat_image_ref/01899.jpg,1899,18.476160177546078,1,/Users/harishprabhu/Documents/drone-localisation/data/raw/satloc/part_1/Satellite Data/sat_image_ref/01899.jpg,1897,59.5891663466805,1,/Users/harishprabhu/Documents/drone-localisation/data/raw/satloc/part_1/Satellite Data/sat_image_ref/01897.jpg,1899,18.476160177546078,10,/Users/harishprabhu/Documents/drone-localisation/data/raw/satloc/part_1/Satellite Data/sat_image_ref/01899.jpg,/Users/harishprabhu/Documents/drone-localisation/data/raw/satloc/part_1/UAV Data/traj01/211@210198@112.808449@28.301405.png,/Users/harishprabhu/Documents/drone-localisation/data/raw/satloc/part_1/UAV Data/traj01/211@210198@112.808449@28.301405.png,,,False,False,False,False,True,True,True,False,False,False,False,False,False,False,supporting_case,55.38095995561348
106,mixed_urban_natural,center,True,54.27453872996816,18.50764519521632,11,True,True,54.27453872996816,18.50764519521632,11,True,True,54.27453872996816,18.50764519521632,10,True,False,,center,18.50764519521632,11,413,anchor_success,,,,,,,,,,,,,663,54.27453872996816,1,/Users/harishprabhu/Documents/drone-localisation/data/raw/satloc/part_1/Satellite Data/sat_image_ref/00663.jpg,413,18.507645195216316,11,/Users/harishprabhu/Documents/drone-localisation/data/raw/satloc/part_1/Satellite Data/sat_image_ref/00413.jpg,663,54.27453872996816,1,/Users/harishprabhu/Documents/drone-localisation/data/raw/satloc/part_1/Satellite Data/sat_image_ref/00663.jpg,413,18.507645195216316,10,/Users/harishprabhu/Documents/drone-localisation/data/raw/satloc/part_1/Satellite Data/sat_image_ref/00413.jpg,/Users/harishprabhu/Documents/drone-localisation/data/raw/satloc/part_1/UAV Data/traj01/106@105099@112.813473@28.304900.png,/Users/harishprabhu/Documents/drone-localisation/data/raw/satloc/part_1/UAV Data/traj01/106@105099@112.813473@28.304900.png,,,False,False,False,False,True,True,True,False,False,False,False,False,False,False,supporting_case,55.37308870119592
886,mixed_urban_natural,center,True,50.94894963263035,18.575566327357407,8,True,True,50.94894963263035,18.575566327357407,8,True,False,2130.8758406373777,50.94894963263035,24,True,False,,center,18.575566327357407,8,1540,anchor_success,lsd_rescue,254.6038215302732,18.57554066973097,18.57554066973097,909.0,1540.0,1540.0,,,18.0,76.0,0.0,1665,50.94894963263035,1,/Users/harishprabhu/Documents/drone-localisation/data/raw/satloc/part_1/Satellite Data/sat_image_ref/01665.jpg,1540,18.575566327357407,8,/Users/harishprabhu/Documents/drone-localisation/data/raw/satloc/part_1/Satellite Data/sat_image_ref/01540.jpg,5467,2130.8758406373777,1,/Users/harishprabhu/Documents/drone-localisation/data/raw/satloc/part_1/Satellite Data/sat_image_ref/05467.jpg,1665,50.94894963263035,24,/Users/harishprabhu/Documents/drone-localisation/data/raw/satloc/part_1/Satellite Data/sat_image_ref/01665.jpg,/Users/harishprabhu/Documents/drone-localisation/data/raw/satloc/part_1/UAV Data/traj01/886@12011@112.814161@28.302353.png,/Users/harishprabhu/Documents/drone-localisation/data/raw/satloc/part_1/UAV Data/traj01/886@12011@112.814161@28.302353.png,,,False,False,True,False,True,True,False,False,False,False,False,False,False,False,supporting_case,55.356108418160645
316,forest_canopy,center,True,921.5157897564384,18.6166103065612,98,True,True,921.5157897564384,18.6166103065612,98,True,False,282.10848746655665,64.34043505378894,26,True,False,,center,18.6166103065612,98,6024,anchor_success,,,,,,,,,,,,,4750,921.5157897564384,1,/Users/harishprabhu/Documents/drone-localisation/data/raw/satloc/part_1/Satellite Data/sat_image_ref/04750.jpg,6024,18.6166103065612,98,/Users/harishprabhu/Documents/drone-localisation/data/raw/satloc/part_1/Satellite Data/sat_image_ref/06024.jpg,6904,282.10848746655665,1,/Users/harishprabhu/Documents/drone-localisation/data/raw/satloc/part_1/Satellite Data/sat_image_ref/06904.jpg,6026,64.34043505378894,26,/Users/harishprabhu/Documents/drone-localisation/data/raw/satloc/part_1/Satellite Data/sat_image_ref/06026.jpg,/Users/harishprabhu/Documents/drone-localisation/data/raw/satloc/part_1/UAV Data/traj01/316@24022@112.808650@28.290763.png,/Users/harishprabhu/Documents/drone-localisation/data/raw/satloc/part_1/UAV Data/traj01/316@24022@112.808650@28.290763.png,,,False,False,False,False,True,True,False,False,False,False,False,False,False,False,supporting_case,55.3458474233597
991,mixed_urban_natural,center,True,847.6679583157236,18.67307302937558,97,True,True,847.6679583157236,18.67307302937558,97,True,False,63.35524666738245,53.571190739095705,18,True,False,,center,18.67307302937558,97,5420,anchor_success,,,,,,,,,,,,,4944,847.6679583157236,1,/Users/harishprabhu/Documents/drone-localisation/data/raw/satloc/part_1/Satellite Data/sat_image_ref/04944.jpg,5420,18.67307302937558,97,/Users/harishprabhu/Documents/drone-localisation/data/raw/satloc/part_1/Satellite Data/sat_image_ref/05420.jpg,5544,63.35524666738245,1,/Users/harishprabhu/Documents/drone-localisation/data/raw/satloc/part_1/Satellite Data/sat_image_ref/05544.jpg,5545,53.571190739095705,18,/Users/harishprabhu/Documents/drone-localisation/data/raw/satloc/part_1/Satellite Data/sat_image_ref/05545.jpg,/Users/harishprabhu/Documents/drone-localisation/data/raw/satloc/part_1/UAV Data/traj01/991@117110@112.816048@28.292653.png,/Users/harishprabhu/Documents/drone-localisation/data/raw/satloc/part_1/UAV Data/traj01/991@117110@112.816048@28.292653.png,,,False,False,False,False,True,True,False,False,False,False,False,False,False,False,supporting_case,55.3317317426561
596,urban,center,True,1935.641098647768,18.894663791575667,51,True,True,1935.641098647768,18.894663791575667,51,True,True,1854.6297147742864,18.894663791575667,93,True,False,,center,18.894663791575667,51,3062,anchor_success,,,,,,,,,,,,,2867,1935.641098647768,1,/Users/harishprabhu/Documents/drone-localisation/data/raw/satloc/part_1/Satellite Data/sat_image_ref/02867.jpg,3062,18.894663791575667,51,/Users/harishprabhu/Documents/drone-localisation/data/raw/satloc/part_1/Satellite Data/sat_image_ref/03062.jpg,4738,1854.6297147742864,1,/Users/harishprabhu/Documents/drone-localisation/data/raw/satloc/part_1/Satellite Data/sat_image_ref/04738.jpg,3062,18.894663791575667,93,/Users/harishprabhu/Documents/drone-localisation/data/raw/satloc/part_1/Satellite Data/sat_image_ref/03062.jpg,/Users/harishprabhu/Documents/drone-localisation/data/raw/satloc/part_1/UAV Data/traj01/596@13012@112.821971@28.298559.png,/Users/harishprabhu/Documents/drone-localisation/data/raw/satloc/part_1/UAV Data/traj01/596@13012@112.821971@28.298559.png,,,False,False,False,False,True,True,True,False,False,False,False,False,False,False,supporting_case,55.27633405210608
846,water_wetland,center,True,1632.3795216033836,18.899424224753883,28,True,True,1632.3795216033836,18.899424224753883,28,True,True,1632.3795216033836,18.899424224753883,13,True,False,,center,18.899424224753883,28,1907,anchor_success,,,,,,,,,,,,,4947,1632.3795216033836,1,/Users/harishprabhu/Documents/drone-localisation/data/raw/satloc/part_1/Satellite Data/sat_image_ref/04947.jpg,1907,18.899424224753883,28,/Users/harishprabhu/Documents/drone-localisation/data/raw/satloc/part_1/Satellite Data/sat_image_ref/01907.jpg,4947,1632.3795216033836,1,/Users/harishprabhu/Documents/drone-localisation/data/raw/satloc/part_1/Satellite Data/sat_image_ref/04947.jpg,1907,18.899424224753883,13,/Users/harishprabhu/Documents/drone-localisation/data/raw/satloc/part_1/Satellite Data/sat_image_ref/01907.jpg,/Users/harishprabhu/Documents/drone-localisation/data/raw/satloc/part_1/UAV Data/traj01/846@263248@112.811294@28.301152.png,/Users/harishprabhu/Documents/drone-localisation/data/raw/satloc/part_1/UAV Data/traj01/846@263248@112.811294@28.301152.png,,,False,False,False,False,True,True,True,False,False,False,False,False,False,False,supporting_case,55.27514394381153
136,mixed_urban_natural,center,True,2318.086334132641,19.217497831625163,11,True,True,2318.086334132641,19.217497831625163,11,True,True,48.6627157831315,19.217497831625163,5,True,False,,center,19.217497831625163,11,528,anchor_success,,,,,,,,,,,,,6077,2318.086334132641,1,/Users/harishprabhu/Documents/drone-localisation/data/raw/satloc/part_1/Satellite Data/sat_image_ref/06077.jpg,528,19.217497831625163,11,/Users/harishprabhu/Documents/drone-localisation/data/raw/satloc/part_1/Satellite Data/sat_image_ref/00528.jpg,529,48.6627157831315,1,/Users/harishprabhu/Documents/drone-localisation/data/raw/satloc/part_1/Satellite Data/sat_image_ref/00529.jpg,528,19.217497831625163,5,/Users/harishprabhu/Documents/drone-localisation/data/raw/satloc/part_1/Satellite Data/sat_image_ref/00528.jpg,/Users/harishprabhu/Documents/drone-localisation/data/raw/satloc/part_1/UAV Data/traj01/136@135127@112.809883@28.304873.png,/Users/harishprabhu/Documents/drone-localisation/data/raw/satloc/part_1/UAV Data/traj01/136@135127@112.809883@28.304873.png,,,False,False,False,False,True,True,True,False,False,False,False,False,False,False,supporting_case,55.19562554209371
760,water_wetland,center,True,30.098616938913104,19.46794766270112,5,True,True,30.098616938913104,19.46794766270112,5,True,True,128.79833194846444,19.46794766270112,4,True,False,,center,19.46794766270112,5,5533,anchor_success,lsd_rescue,1163.4691968958805,23.20260520669548,19.46792077246785,4501.0,5534.0,5533.0,,,33.0,120.0,3.7346844342276313,5409,30.098616938913104,1,/Users/harishprabhu/Documents/drone-localisation/data/raw/satloc/part_1/Satellite Data/sat_image_ref/05409.jpg,5533,19.467947662701118,5,/Users/harishprabhu/Documents/drone-localisation/data/raw/satloc/part_1/Satellite Data/sat_image_ref/05533.jpg,5161,128.79833194846444,1,/Users/harishprabhu/Documents/drone-localisation/data/raw/satloc/part_1/Satellite Data/sat_image_ref/05161.jpg,5533,19.467947662701118,4,/Users/harishprabhu/Documents/drone-localisation/data/raw/satloc/part_1/Satellite Data/sat_image_ref/05533.jpg,/Users/harishprabhu/Documents/drone-localisation/data/raw/satloc/part_1/UAV Data/traj01/760@177167@112.811935@28.292281.png,/Users/harishprabhu/Documents/drone-localisation/data/raw/satloc/part_1/UAV Data/traj01/760@177167@112.811935@28.292281.png,,,False,False,True,False,True,True,True,False,False,False,False,False,False,False,supporting_case,55.133013084324716
139,mixed_urban_natural,center,True,2344.5318326793413,19.4723502294846,15,True,True,2344.5318326793413,19.4723502294846,15,True,True,22.848558563030043,19.4723502294846,24,True,False,,center,19.4723502294846,15,527,anchor_success,stable_success,19.47232333316969,19.47232333316969,19.47232333316969,527.0,527.0,527.0,,,5.0,69.0,0.0,6077,2344.5318326793413,1,/Users/harishprabhu/Documents/drone-localisation/data/raw/satloc/part_1/Satellite Data/sat_image_ref/06077.jpg,527,19.472350229484597,15,/Users/harishprabhu/Documents/drone-localisation/data/raw/satloc/part_1/Satellite Data/sat_image_ref/00527.jpg,402,22.848558563030043,1,/Users/harishprabhu/Documents/drone-localisation/data/raw/satloc/part_1/Satellite Data/sat_image_ref/00402.jpg,527,19.472350229484597,24,/Users/harishprabhu/Documents/drone-localisation/data/raw/satloc/part_1/Satellite Data/sat_image_ref/00527.jpg,/Users/harishprabhu/Documents/drone-localisation/data/raw/satloc/part_1/UAV Data/traj01/139@138130@112.809519@28.304871.png,/Users/harishprabhu/Documents/drone-localisation/data/raw/satloc/part_1/UAV Data/traj01/139@138130@112.809519@28.304871.png,,,False,False,True,False,True,True,True,False,False,False,False,False,False,False,supporting_case,55.13191244262885
86,mixed_urban_natural,center,True,24.51902058908105,19.66862744620543,2,True,True,24.51902058908105,19.66862744620543,2,True,True,58.21646669495273,19.66862744620543,4,True,False,,center,19.66862744620543,2,420,anchor_success,,,,,,,,,,,,,545,24.51902058908105,1,/Users/harishprabhu/Documents/drone-localisation/data/raw/satloc/part_1/Satellite Data/sat_image_ref/00545.jpg,420,19.66862744620543,2,/Users/harishprabhu/Documents/drone-localisation/data/raw/satloc/part_1/Satellite Data/sat_image_ref/00420.jpg,418,58.21646669495273,1,/Users/harishprabhu/Documents/drone-localisation/data/raw/satloc/part_1/Satellite Data/sat_image_ref/00418.jpg,420,19.66862744620543,4,/Users/harishprabhu/Documents/drone-localisation/data/raw/satloc/part_1/Satellite Data/sat_image_ref/00420.jpg,/Users/harishprabhu/Documents/drone-localisation/data/raw/satloc/part_1/UAV Data/traj01/86@85080@112.815922@28.304917.png,/Users/harishprabhu/Documents/drone-localisation/data/raw/satloc/part_1/UAV Data/traj01/86@85080@112.815922@28.304917.png,,,False,False,False,False,True,True,True,False,False,False,False,False,False,False,supporting_case,55.082843138448645
981,mixed_urban_natural,center,True,89.25494605424107,20.38601430423985,15,True,True,89.25494605424107,20.38601430423985,15,True,True,76.66223183679864,20.38601430423985,41,True,False,,center,20.38601430423985,15,5292,anchor_success,,,,,,,,,,,,,5544,89.25494605424107,1,/Users/harishprabhu/Documents/drone-localisation/data/raw/satloc/part_1/Satellite Data/sat_image_ref/05544.jpg,5292,20.38601430423985,15,/Users/harishprabhu/Documents/drone-localisation/data/raw/satloc/part_1/Satellite Data/sat_image_ref/05292.jpg,5542,76.66223183679864,1,/Users/harishprabhu/Documents/drone-localisation/data/raw/satloc/part_1/Satellite Data/sat_image_ref/05542.jpg,5292,20.38601430423985,41,/Users/harishprabhu/Documents/drone-localisation/data/raw/satloc/part_1/Satellite Data/sat_image_ref/05292.jpg,/Users/harishprabhu/Documents/drone-localisation/data/raw/satloc/part_1/UAV Data/traj01/981@107101@112.815193@28.292837.png,/Users/harishprabhu/Documents/drone-localisation/data/raw/satloc/part_1/UAV Data/traj01/981@107101@112.815193@28.292837.png,,,False,False,False,False,True,True,True,False,False,False,False,False,False,False,supporting_case,54.90349642394004
196,mixed_urban_natural,center,True,21.724994556056032,20.460989489467,6,True,True,21.724994556056032,20.460989489467,6,True,True,78.65763714541642,20.460989489467,2,True,False,,center,20.460989489467,6,1649,anchor_success,,,,,,,,,,,,,1774,21.724994556056032,1,/Users/harishprabhu/Documents/drone-localisation/data/raw/satloc/part_1/Satellite Data/sat_image_ref/01774.jpg,1649,20.460989489467,6,/Users/harishprabhu/Documents/drone-localisation/data/raw/satloc/part_1/Satellite Data/sat_image_ref/01649.jpg,1897,78.65763714541642,1,/Users/harishprabhu/Documents/drone-localisation/data/raw/satloc/part_1/Satellite Data/sat_image_ref/01897.jpg,1649,20.460989489467,2,/Users/harishprabhu/Documents/drone-localisation/data/raw/satloc/part_1/Satellite Data/sat_image_ref/01649.jpg,/Users/harishprabhu/Documents/drone-localisation/data/raw/satloc/part_1/UAV Data/traj01/196@195184@112.808450@28.301756.png,/Users/harishprabhu/Documents/drone-localisation/data/raw/satloc/part_1/UAV Data/traj01/196@195184@112.808450@28.301756.png,,,False,False,False,False,True,True,True,False,False,False,False,False,False,False,supporting_case,54.88475262763325
26,mixed_urban_natural,center,True,29.005372837197708,20.526915323003703,4,True,True,29.005372837197708,20.526915323003703,4,True,True,1602.354308407349,20.526915323003703,36,True,False,,center,20.526915323003703,4,2670,anchor_success,,,,,,,,,,,,,2795,29.005372837197708,1,/Users/harishprabhu/Documents/drone-localisation/data/raw/satloc/part_1/Satellite Data/sat_image_ref/02795.jpg,2670,20.526915323003703,4,/Users/harishprabhu/Documents/drone-localisation/data/raw/satloc/part_1/Satellite Data/sat_image_ref/02670.jpg,4502,1602.354308407349,1,/Users/harishprabhu/Documents/drone-localisation/data/raw/satloc/part_1/Satellite Data/sat_image_ref/04502.jpg,2670,20.526915323003703,36,/Users/harishprabhu/Documents/drone-localisation/data/raw/satloc/part_1/Satellite Data/sat_image_ref/02670.jpg,/Users/harishprabhu/Documents/drone-localisation/data/raw/satloc/part_1/UAV Data/traj01/26@25023@112.816233@28.299291.png,/Users/harishprabhu/Documents/drone-localisation/data/raw/satloc/part_1/UAV Data/traj01/26@25023@112.816233@28.299291.png,,,False,False,False,False,True,True,True,False,False,False,False,False,False,False,supporting_case,54.86827116924908
176,mixed_urban_natural,center,True,20.76034858022308,20.76034858022308,1,True,True,20.76034858022308,20.76034858022308,1,True,True,98.18714889818276,20.76034858022308,8,True,False,,center,20.76034858022308,1,1399,anchor_success,,,,,,,,,,,,,1399,20.76034858022308,1,/Users/harishprabhu/Documents/drone-localisation/data/raw/satloc/part_1/Satellite Data/sat_image_ref/01399.jpg,1399,20.76034858022308,1,/Users/harishprabhu/Documents/drone-localisation/data/raw/satloc/part_1/Satellite Data/sat_image_ref/01399.jpg,1150,98.18714889818276,1,/Users/harishprabhu/Documents/drone-localisation/data/raw/satloc/part_1/Satellite Data/sat_image_ref/01150.jpg,1399,20.76034858022308,8,/Users/harishprabhu/Documents/drone-localisation/data/raw/satloc/part_1/Satellite Data/sat_image_ref/01399.jpg,/Users/harishprabhu/Documents/drone-localisation/data/raw/satloc/part_1/UAV Data/traj01/176@175165@112.808427@28.302397.png,/Users/harishprabhu/Documents/drone-localisation/data/raw/satloc/part_1/UAV Data/traj01/176@175165@112.808427@28.302397.png,,,False,False,False,False,True,True,True,False,False,False,False,False,False,False,supporting_case,54.80991285494423
711,water_wetland,center,True,90.05631777022828,20.88572524899289,18,True,True,90.05631777022828,20.88572524899289,18,True,False,77.99548262659026,53.45465427874209,77,True,False,,center,20.88572524899289,18,5550,anchor_success,,,,,,,,,,,,,5677,90.05631777022828,1,/Users/harishprabhu/Documents/drone-localisation/data/raw/satloc/part_1/Satellite Data/sat_image_ref/05677.jpg,5550,20.88572524899289,18,/Users/harishprabhu/Documents/drone-localisation/data/raw/satloc/part_1/Satellite Data/sat_image_ref/05550.jpg,5801,77.99548262659026,1,/Users/harishprabhu/Documents/drone-localisation/data/raw/satloc/part_1/Satellite Data/sat_image_ref/05801.jpg,5551,53.45465427874209,77,/Users/harishprabhu/Documents/drone-localisation/data/raw/satloc/part_1/Satellite Data/sat_image_ref/05551.jpg,/Users/harishprabhu/Documents/drone-localisation/data/raw/satloc/part_1/UAV Data/traj01/711@128120@112.817666@28.292065.png,/Users/harishprabhu/Documents/drone-localisation/data/raw/satloc/part_1/UAV Data/traj01/711@128120@112.817666@28.292065.png,,,False,False,False,False,True,True,False,False,False,False,False,False,False,False,supporting_case,54.77856868775178
746,water_wetland,center,True,77.66445353670343,21.26049500848888,7,True,True,77.66445353670343,21.26049500848888,7,True,True,127.0289259835845,21.26049500848888,14,True,False,,center,21.26049500848888,7,5537,anchor_success,stable_success,28.3488833200298,28.3488833200298,27.289444895658967,5663.0,5663.0,5662.0,,,18.0,120.0,1.059438424370832,5789,77.66445353670343,1,/Users/harishprabhu/Documents/drone-localisation/data/raw/satloc/part_1/Satellite Data/sat_image_ref/05789.jpg,5537,21.26049500848888,7,/Users/harishprabhu/Documents/drone-localisation/data/raw/satloc/part_1/Satellite Data/sat_image_ref/05537.jpg,5915,127.0289259835845,1,/Users/harishprabhu/Documents/drone-localisation/data/raw/satloc/part_1/Satellite Data/sat_image_ref/05915.jpg,5537,21.26049500848888,14,/Users/harishprabhu/Documents/drone-localisation/data/raw/satloc/part_1/Satellite Data/sat_image_ref/05537.jpg,/Users/harishprabhu/Documents/drone-localisation/data/raw/satloc/part_1/UAV Data/traj01/746@163153@112.813376@28.292052.png,/Users/harishprabhu/Documents/drone-localisation/data/raw/satloc/part_1/UAV Data/traj01/746@163153@112.813376@28.292052.png,,,False,False,True,False,True,True,True,False,False,False,False,False,False,False,supporting_case,54.68487624787778
146,mixed_urban_natural,center,True,2375.992760901223,21.897395052246505,98,True,True,2375.992760901223,21.897395052246505,98,True,False,1147.005314529409,100.5997719185625,15,True,False,,center,21.897395052246505,98,524,anchor_success,,,,,,,,,,,,,6076,2375.992760901223,1,/Users/harishprabhu/Documents/drone-localisation/data/raw/satloc/part_1/Satellite Data/sat_image_ref/06076.jpg,524,21.897395052246505,98,/Users/harishprabhu/Documents/drone-localisation/data/raw/satloc/part_1/Satellite Data/sat_image_ref/00524.jpg,4008,1147.005314529409,1,/Users/harishprabhu/Documents/drone-localisation/data/raw/satloc/part_1/Satellite Data/sat_image_ref/04008.jpg,776,100.5997719185625,15,/Users/harishprabhu/Documents/drone-localisation/data/raw/satloc/part_1/Satellite Data/sat_image_ref/00776.jpg,/Users/harishprabhu/Documents/drone-localisation/data/raw/satloc/part_1/UAV Data/traj01/146@145136@112.808733@28.304868.png,/Users/harishprabhu/Documents/drone-localisation/data/raw/satloc/part_1/UAV Data/traj01/146@145136@112.808733@28.304868.png,,,False,False,False,False,True,True,False,False,False,False,False,False,False,False,supporting_case,54.52565123693837
156,mixed_urban_natural,center,True,63.34545795596389,22.18780999579307,85,True,True,63.34545795596389,22.18780999579307,85,True,True,63.34545795596389,29.31009560007112,88,True,False,,center,22.18780999579307,85,648,anchor_success,,,,,,,,,,,,,898,63.34545795596389,1,/Users/harishprabhu/Documents/drone-localisation/data/raw/satloc/part_1/Satellite Data/sat_image_ref/00898.jpg,648,22.18780999579307,85,/Users/harishprabhu/Documents/drone-localisation/data/raw/satloc/part_1/Satellite Data/sat_image_ref/00648.jpg,898,63.34545795596389,1,/Users/harishprabhu/Documents/drone-localisation/data/raw/satloc/part_1/Satellite Data/sat_image_ref/00898.jpg,774,29.31009560007112,88,/Users/harishprabhu/Documents/drone-localisation/data/raw/satloc/part_1/Satellite Data/sat_image_ref/00774.jpg,/Users/harishprabhu/Documents/drone-localisation/data/raw/satloc/part_1/UAV Data/traj01/156@155146@112.808418@28.304331.png,/Users/harishprabhu/Documents/drone-localisation/data/raw/satloc/part_1/UAV Data/traj01/156@155146@112.808418@28.304331.png,,,False,False,False,False,True,True,True,False,False,False,False,False,False,False,supporting_case,54.453047501051735
941,mixed_urban_natural,center,True,836.8295310047968,22.29303077261682,98,True,True,836.8295310047968,22.29303077261682,98,True,True,1037.7510626011174,22.29303077261682,11,True,False,,center,22.29303077261682,98,3543,anchor_success,,,,,,,,,,,,,6302,836.8295310047968,1,/Users/harishprabhu/Documents/drone-localisation/data/raw/satloc/part_1/Satellite Data/sat_image_ref/06302.jpg,3543,22.29303077261682,98,/Users/harishprabhu/Documents/drone-localisation/data/raw/satloc/part_1/Satellite Data/sat_image_ref/03543.jpg,4945,1037.7510626011174,1,/Users/harishprabhu/Documents/drone-localisation/data/raw/satloc/part_1/Satellite Data/sat_image_ref/04945.jpg,3543,22.29303077261682,11,/Users/harishprabhu/Documents/drone-localisation/data/raw/satloc/part_1/Satellite Data/sat_image_ref/03543.jpg,/Users/harishprabhu/Documents/drone-localisation/data/raw/satloc/part_1/UAV Data/traj01/941@67063@112.815119@28.297178.png,/Users/harishprabhu/Documents/drone-localisation/data/raw/satloc/part_1/UAV Data/traj01/941@67063@112.815119@28.297178.png,,,False,False,False,False,True,True,True,False,False,False,False,False,False,False,supporting_case,54.426742306845796
351,forest_canopy,center,True,1192.8828584669009,22.40584895062162,68,True,True,1192.8828584669009,22.40584895062162,68,True,True,1236.6175723173749,22.40584895062162,51,True,False,,center,22.40584895062162,68,6655,anchor_success,,,,,,,,,,,,,4750,1192.8828584669009,1,/Users/harishprabhu/Documents/drone-localisation/data/raw/satloc/part_1/Satellite Data/sat_image_ref/04750.jpg,6655,22.40584895062162,68,/Users/harishprabhu/Documents/drone-localisation/data/raw/satloc/part_1/Satellite Data/sat_image_ref/06655.jpg,2281,1236.6175723173749,1,/Users/harishprabhu/Documents/drone-localisation/data/raw/satloc/part_1/Satellite Data/sat_image_ref/02281.jpg,6655,22.40584895062162,51,/Users/harishprabhu/Documents/drone-localisation/data/raw/satloc/part_1/Satellite Data/sat_image_ref/06655.jpg,/Users/harishprabhu/Documents/drone-localisation/data/raw/satloc/part_1/UAV Data/traj01/351@59055@112.810886@28.289216.png,/Users/harishprabhu/Documents/drone-localisation/data/raw/satloc/part_1/UAV Data/traj01/351@59055@112.810886@28.289216.png,,,False,False,False,False,True,True,True,False,False,False,False,False,False,False,supporting_case,54.398537762344596
686,water_wetland,center,True,67.84662523460253,22.45290577449545,3,True,True,67.84662523460253,22.45290577449545,3,True,True,42.64708943319386,22.45290577449545,18,True,False,,center,22.45290577449545,3,4927,anchor_success,,,,,,,,,,,,,5053,67.84662523460253,1,/Users/harishprabhu/Documents/drone-localisation/data/raw/satloc/part_1/Satellite Data/sat_image_ref/05053.jpg,4927,22.45290577449545,3,/Users/harishprabhu/Documents/drone-localisation/data/raw/satloc/part_1/Satellite Data/sat_image_ref/04927.jpg,4928,42.64708943319386,1,/Users/harishprabhu/Documents/drone-localisation/data/raw/satloc/part_1/Satellite Data/sat_image_ref/04928.jpg,4927,22.45290577449545,18,/Users/harishprabhu/Documents/drone-localisation/data/raw/satloc/part_1/Satellite Data/sat_image_ref/04927.jpg,/Users/harishprabhu/Documents/drone-localisation/data/raw/satloc/part_1/UAV Data/traj01/686@103097@112.818541@28.293943.png,/Users/harishprabhu/Documents/drone-localisation/data/raw/satloc/part_1/UAV Data/traj01/686@103097@112.818541@28.293943.png,,,False,False,False,False,True,True,True,False,False,False,False,False,False,False,supporting_case,54.38677355637614
101,mixed_urban_natural,center,True,26.852777579561984,22.558110900992823,33,True,True,26.852777579561984,22.558110900992823,33,True,True,26.852777579561984,22.558110900992823,16,True,False,,center,22.558110900992823,33,414,anchor_success,,,,,,,,,,,,,540,26.852777579561984,1,/Users/harishprabhu/Documents/drone-localisation/data/raw/satloc/part_1/Satellite Data/sat_image_ref/00540.jpg,414,22.558110900992823,33,/Users/harishprabhu/Documents/drone-localisation/data/raw/satloc/part_1/Satellite Data/sat_image_ref/00414.jpg,540,26.852777579561984,1,/Users/harishprabhu/Documents/drone-localisation/data/raw/satloc/part_1/Satellite Data/sat_image_ref/00540.jpg,414,22.558110900992823,16,/Users/harishprabhu/Documents/drone-localisation/data/raw/satloc/part_1/Satellite Data/sat_image_ref/00414.jpg,/Users/harishprabhu/Documents/drone-localisation/data/raw/satloc/part_1/UAV Data/traj01/101@100094@112.814089@28.304909.png,/Users/harishprabhu/Documents/drone-localisation/data/raw/satloc/part_1/UAV Data/traj01/101@100094@112.814089@28.304909.png,,,False,False,False,False,True,True,True,False,False,False,False,False,False,False,supporting_case,54.36047227475179
990,mixed_urban_natural,center,True,57.9746876781087,22.57081947543621,93,True,True,57.9746876781087,22.57081947543621,93,True,False,57.9746876781087,55.05116880595504,52,True,False,,center,22.57081947543621,93,5420,anchor_success,lsd_rescue,1638.1540256423496,22.57078829934072,22.57078829934072,3500.0,5420.0,5420.0,,,31.0,87.0,0.0,5544,57.9746876781087,1,/Users/harishprabhu/Documents/drone-localisation/data/raw/satloc/part_1/Satellite Data/sat_image_ref/05544.jpg,5420,22.57081947543621,93,/Users/harishprabhu/Documents/drone-localisation/data/raw/satloc/part_1/Satellite Data/sat_image_ref/05420.jpg,5544,57.9746876781087,1,/Users/harishprabhu/Documents/drone-localisation/data/raw/satloc/part_1/Satellite Data/sat_image_ref/05544.jpg,5545,55.05116880595504,52,/Users/harishprabhu/Documents/drone-localisation/data/raw/satloc/part_1/Satellite Data/sat_image_ref/05545.jpg,/Users/harishprabhu/Documents/drone-localisation/data/raw/satloc/part_1/UAV Data/traj01/990@116109@112.815929@28.292653.png,/Users/harishprabhu/Documents/drone-localisation/data/raw/satloc/part_1/UAV Data/traj01/990@116109@112.815929@28.292653.png,,,False,False,True,False,True,True,False,False,False,False,False,False,False,False,supporting_case,54.357295131140944
916,mixed_urban_natural,center,True,1268.3780047382304,22.87561746450714,33,True,True,1268.3780047382304,22.87561746450714,33,True,True,97.75383675535558,22.87561746450714,50,True,False,,center,22.87561746450714,33,2542,anchor_success,,,,,,,,,,,,,4699,1268.3780047382304,1,/Users/harishprabhu/Documents/drone-localisation/data/raw/satloc/part_1/Satellite Data/sat_image_ref/04699.jpg,2542,22.87561746450714,33,/Users/harishprabhu/Documents/drone-localisation/data/raw/satloc/part_1/Satellite Data/sat_image_ref/02542.jpg,2420,97.75383675535558,1,/Users/harishprabhu/Documents/drone-localisation/data/raw/satloc/part_1/Satellite Data/sat_image_ref/02420.jpg,2542,22.87561746450714,50,/Users/harishprabhu/Documents/drone-localisation/data/raw/satloc/part_1/Satellite Data/sat_image_ref/02542.jpg,/Users/harishprabhu/Documents/drone-localisation/data/raw/satloc/part_1/UAV Data/traj01/916@42039@112.815070@28.299901.png,/Users/harishprabhu/Documents/drone-localisation/data/raw/satloc/part_1/UAV Data/traj01/916@42039@112.815070@28.299901.png,,,False,False,False,False,True,True,True,False,False,False,False,False,False,False,supporting_case,54.281095633873214
801,water_wetland,center,True,212.17658250435025,34.91524357710872,34,True,True,212.17658250435025,34.91524357710872,34,True,True,237.7783288994129,23.455544778009447,8,True,False,,resize,23.455544778009447,8,3782,anchor_success,,,,,,,,,,,,,4411,212.17658250435025,1,/Users/harishprabhu/Documents/drone-localisation/data/raw/satloc/part_1/Satellite Data/sat_image_ref/04411.jpg,3781,34.91524357710872,34,/Users/harishprabhu/Documents/drone-localisation/data/raw/satloc/part_1/Satellite Data/sat_image_ref/03781.jpg,4412,237.7783288994129,1,/Users/harishprabhu/Documents/drone-localisation/data/raw/satloc/part_1/Satellite Data/sat_image_ref/04412.jpg,3782,23.455544778009447,8,/Users/harishprabhu/Documents/drone-localisation/data/raw/satloc/part_1/Satellite Data/sat_image_ref/03782.jpg,/Users/harishprabhu/Documents/drone-localisation/data/raw/satloc/part_1/UAV Data/traj01/801@218205@112.811343@28.296369.png,/Users/harishprabhu/Documents/drone-localisation/data/raw/satloc/part_1/UAV Data/traj01/801@218205@112.811343@28.296369.png,,,False,False,False,False,True,True,True,False,False,False,False,False,False,False,supporting_case,54.13611380549764
482,forest_canopy,center,True,307.1016794575415,23.630375328259344,41,True,True,307.1016794575415,23.630375328259344,41,True,True,37.35166410372081,31.76547109371786,14,True,False,,center,23.630375328259344,41,5816,anchor_success,lsd_rescue,909.0270244041124,37.35161251150576,13.126117977540291,8332.0,5817.0,5691.0,,,30.0,120.0,24.225494533965477,4821,307.1016794575415,1,/Users/harishprabhu/Documents/drone-localisation/data/raw/satloc/part_1/Satellite Data/sat_image_ref/04821.jpg,5816,23.630375328259344,41,/Users/harishprabhu/Documents/drone-localisation/data/raw/satloc/part_1/Satellite Data/sat_image_ref/05816.jpg,5817,37.35166410372081,1,/Users/harishprabhu/Documents/drone-localisation/data/raw/satloc/part_1/Satellite Data/sat_image_ref/05817.jpg,5692,31.76547109371786,14,/Users/harishprabhu/Documents/drone-localisation/data/raw/satloc/part_1/Satellite Data/sat_image_ref/05692.jpg,/Users/harishprabhu/Documents/drone-localisation/data/raw/satloc/part_1/UAV Data/traj01/482@190179@112.823603@28.291750.png,/Users/harishprabhu/Documents/drone-localisation/data/raw/satloc/part_1/UAV Data/traj01/482@190179@112.823603@28.291750.png,,,False,False,True,False,True,True,True,False,False,False,False,False,False,False,supporting_case,54.09240616793517
986,mixed_urban_natural,center,True,58.7022427679543,24.202541973584665,50,True,True,58.7022427679543,24.202541973584665,50,True,False,58.7022427679543,52.63113206819256,72,True,False,,center,24.202541973584665,50,5418,anchor_success,,,,,,,,,,,,,5544,58.7022427679543,1,/Users/harishprabhu/Documents/drone-localisation/data/raw/satloc/part_1/Satellite Data/sat_image_ref/05544.jpg,5418,24.202541973584665,50,/Users/harishprabhu/Documents/drone-localisation/data/raw/satloc/part_1/Satellite Data/sat_image_ref/05418.jpg,5544,58.7022427679543,1,/Users/harishprabhu/Documents/drone-localisation/data/raw/satloc/part_1/Satellite Data/sat_image_ref/05544.jpg,5417,52.63113206819256,72,/Users/harishprabhu/Documents/drone-localisation/data/raw/satloc/part_1/Satellite Data/sat_image_ref/05417.jpg,/Users/harishprabhu/Documents/drone-localisation/data/raw/satloc/part_1/UAV Data/traj01/986@112105@112.815487@28.292664.png,/Users/harishprabhu/Documents/drone-localisation/data/raw/satloc/part_1/UAV Data/traj01/986@112105@112.815487@28.292664.png,,,False,False,False,False,True,True,False,False,False,False,False,False,False,False,supporting_case,53.949364506603835
151,mixed_urban_natural,center,True,108.2902060277804,24.94902164483869,78,True,True,108.2902060277804,24.94902164483869,78,True,False,759.4093179157887,69.60845480375923,96,True,False,,center,24.94902164483869,78,523,anchor_success,,,,,,,,,,,,,898,108.2902060277804,1,/Users/harishprabhu/Documents/drone-localisation/data/raw/satloc/part_1/Satellite Data/sat_image_ref/00898.jpg,523,24.949021644838695,78,/Users/harishprabhu/Documents/drone-localisation/data/raw/satloc/part_1/Satellite Data/sat_image_ref/00523.jpg,2509,759.4093179157887,1,/Users/harishprabhu/Documents/drone-localisation/data/raw/satloc/part_1/Satellite Data/sat_image_ref/02509.jpg,647,69.60845480375923,96,/Users/harishprabhu/Documents/drone-localisation/data/raw/satloc/part_1/Satellite Data/sat_image_ref/00647.jpg,/Users/harishprabhu/Documents/drone-localisation/data/raw/satloc/part_1/UAV Data/traj01/151@150141@112.808469@28.304738.png,/Users/harishprabhu/Documents/drone-localisation/data/raw/satloc/part_1/UAV Data/traj01/151@150141@112.808469@28.304738.png,,,False,False,False,False,True,True,False,False,False,False,False,False,False,False,supporting_case,53.762744588790326
936,mixed_urban_natural,center,True,1093.763389858988,25.42255671622956,24,True,True,1093.763389858988,25.42255671622956,24,True,True,1062.7746008189488,25.42255671622956,7,True,False,,center,25.42255671622956,24,3293,anchor_success,,,,,,,,,,,,,5195,1093.763389858988,1,/Users/harishprabhu/Documents/drone-localisation/data/raw/satloc/part_1/Satellite Data/sat_image_ref/05195.jpg,3293,25.42255671622956,24,/Users/harishprabhu/Documents/drone-localisation/data/raw/satloc/part_1/Satellite Data/sat_image_ref/03293.jpg,4945,1062.7746008189488,1,/Users/harishprabhu/Documents/drone-localisation/data/raw/satloc/part_1/Satellite Data/sat_image_ref/04945.jpg,3293,25.42255671622956,7,/Users/harishprabhu/Documents/drone-localisation/data/raw/satloc/part_1/Satellite Data/sat_image_ref/03293.jpg,/Users/harishprabhu/Documents/drone-localisation/data/raw/satloc/part_1/UAV Data/traj01/936@62058@112.815109@28.297730.png,/Users/harishprabhu/Documents/drone-localisation/data/raw/satloc/part_1/UAV Data/traj01/936@62058@112.815109@28.297730.png,,,False,False,False,False,True,True,True,False,False,False,False,False,False,False,supporting_case,53.64436082094261
291,mixed_urban_natural,center,True,996.4754151598024,26.017675096954143,15,True,True,996.4754151598024,26.017675096954143,15,True,False,165.65472280418606,42.332365621181296,67,True,False,,center,26.017675096954143,15,5149,anchor_success,,,,,,,,,,,,,5802,996.4754151598024,1,/Users/harishprabhu/Documents/drone-localisation/data/raw/satloc/part_1/Satellite Data/sat_image_ref/05802.jpg,5149,26.017675096954143,15,/Users/harishprabhu/Documents/drone-localisation/data/raw/satloc/part_1/Satellite Data/sat_image_ref/05149.jpg,5649,165.65472280418606,1,/Users/harishprabhu/Documents/drone-localisation/data/raw/satloc/part_1/Satellite Data/sat_image_ref/05649.jpg,5150,42.332365621181296,67,/Users/harishprabhu/Documents/drone-localisation/data/raw/satloc/part_1/Satellite Data/sat_image_ref/05150.jpg,/Users/harishprabhu/Documents/drone-localisation/data/raw/satloc/part_1/UAV Data/traj01/291@290273@112.808586@28.293347.png,/Users/harishprabhu/Documents/drone-localisation/data/raw/satloc/part_1/UAV Data/traj01/291@290273@112.808586@28.293347.png,,,False,False,False,False,True,True,False,False,False,False,False,False,False,False,supporting_case,53.49558122576146
891,mixed_urban_natural,center,True,26.582973166623034,26.582973166623034,1,True,True,26.582973166623034,26.582973166623034,1,True,True,2080.522494115436,26.582973166623034,34,True,False,,center,26.582973166623034,1,1542,anchor_success,,,,,,,,,,,,,1542,26.582973166623034,1,/Users/harishprabhu/Documents/drone-localisation/data/raw/satloc/part_1/Satellite Data/sat_image_ref/01542.jpg,1542,26.582973166623034,1,/Users/harishprabhu/Documents/drone-localisation/data/raw/satloc/part_1/Satellite Data/sat_image_ref/01542.jpg,5467,2080.522494115436,1,/Users/harishprabhu/Documents/drone-localisation/data/raw/satloc/part_1/Satellite Data/sat_image_ref/05467.jpg,1542,26.582973166623034,34,/Users/harishprabhu/Documents/drone-localisation/data/raw/satloc/part_1/Satellite Data/sat_image_ref/01542.jpg,/Users/harishprabhu/Documents/drone-localisation/data/raw/satloc/part_1/UAV Data/traj01/891@17016@112.814765@28.302355.png,/Users/harishprabhu/Documents/drone-localisation/data/raw/satloc/part_1/UAV Data/traj01/891@17016@112.814765@28.302355.png,,,False,False,False,False,True,True,True,False,False,False,False,False,False,False,supporting_case,53.35425670834424
491,forest_canopy,center,True,40.88321419810784,27.682705772755376,2,True,True,40.88321419810784,27.682705772755376,2,True,True,109.49776110713678,27.682705772755376,4,True,False,,center,27.682705772755376,2,5441,anchor_success,,,,,,,,,,,,,5442,40.88321419810784,1,/Users/harishprabhu/Documents/drone-localisation/data/raw/satloc/part_1/Satellite Data/sat_image_ref/05442.jpg,5441,27.682705772755376,2,/Users/harishprabhu/Documents/drone-localisation/data/raw/satloc/part_1/Satellite Data/sat_image_ref/05441.jpg,5313,109.49776110713678,1,/Users/harishprabhu/Documents/drone-localisation/data/raw/satloc/part_1/Satellite Data/sat_image_ref/05313.jpg,5441,27.682705772755376,4,/Users/harishprabhu/Documents/drone-localisation/data/raw/satloc/part_1/Satellite Data/sat_image_ref/05441.jpg,/Users/harishprabhu/Documents/drone-localisation/data/raw/satloc/part_1/UAV Data/traj01/491@199188@112.823593@28.292731.png,/Users/harishprabhu/Documents/drone-localisation/data/raw/satloc/part_1/UAV Data/traj01/491@199188@112.823593@28.292731.png,,,False,False,False,False,True,True,True,False,False,False,False,False,False,False,supporting_case,53.079323556811154
466,forest_canopy,center,True,87.33962320810502,27.72032849455015,34,True,True,87.33962320810502,27.72032849455015,34,True,True,110.17695183536192,27.72032849455015,33,True,False,,center,27.72032849455015,34,6316,anchor_success,,,,,,,,,,,,,6193,87.33962320810502,1,/Users/harishprabhu/Documents/drone-localisation/data/raw/satloc/part_1/Satellite Data/sat_image_ref/06193.jpg,6316,27.72032849455015,34,/Users/harishprabhu/Documents/drone-localisation/data/raw/satloc/part_1/Satellite Data/sat_image_ref/06316.jpg,6689,110.17695183536192,1,/Users/harishprabhu/Documents/drone-localisation/data/raw/satloc/part_1/Satellite Data/sat_image_ref/06689.jpg,6316,27.72032849455015,33,/Users/harishprabhu/Documents/drone-localisation/data/raw/satloc/part_1/Satellite Data/sat_image_ref/06316.jpg,/Users/harishprabhu/Documents/drone-localisation/data/raw/satloc/part_1/UAV Data/traj01/466@174164@112.823627@28.290048.png,/Users/harishprabhu/Documents/drone-localisation/data/raw/satloc/part_1/UAV Data/traj01/466@174164@112.823627@28.290048.png,,,False,False,False,False,True,True,True,False,False,False,False,False,False,False,supporting_case,53.06991787636246
251,mixed_urban_natural,center,False,1615.8361205991343,94.20590357436592,69,True,False,1615.8361205991343,94.20590357436592,69,True,False,871.2323393032829,249.45898985722528,91,False,False,,center,94.20590357436592,69,3147,near_pool_miss_40_100m,,,,,,,,,,,,,313,1615.8361205991343,1,/Users/harishprabhu/Documents/drone-localisation/data/raw/satloc/part_1/Satellite Data/sat_image_ref/00313.jpg,3147,94.20590357436592,69,/Users/harishprabhu/Documents/drone-localisation/data/raw/satloc/part_1/Satellite Data/sat_image_ref/03147.jpg,1877,871.2323393032829,1,/Users/harishprabhu/Documents/drone-localisation/data/raw/satloc/part_1/Satellite Data/sat_image_ref/01877.jpg,4019,249.45898985722528,91,/Users/harishprabhu/Documents/drone-localisation/data/raw/satloc/part_1/Satellite Data/sat_image_ref/04019.jpg,/Users/harishprabhu/Documents/drone-localisation/data/raw/satloc/part_1/UAV Data/traj01/251@250236@112.808556@28.297555.png,/Users/harishprabhu/Documents/drone-localisation/data/raw/satloc/part_1/UAV Data/traj01/251@250236@112.808556@28.297555.png,/Users/harishprabhu/Documents/drone-localisation/outputs/satloc/figures/s7b_failure_rescue/visual_diagnostics/center_resize_k32_img224_top100/s7b4_visual_token_0251_mixed_urban_natural.png,,True,False,False,False,False,False,False,False,True,True,False,False,False,False,near_miss_multitile,53.0
256,mixed_urban_natural,center,False,161.15988625402974,64.63082038003618,29,True,False,161.15988625402974,64.63082038003618,29,True,False,899.5255148436561,64.63082038003618,24,False,False,,center,64.63082038003618,29,3775,near_pool_miss_40_100m,,,,,,,,,,,,,4021,161.15988625402974,1,/Users/harishprabhu/Documents/drone-localisation/data/raw/satloc/part_1/Satellite Data/sat_image_ref/04021.jpg,3775,64.63082038003618,29,/Users/harishprabhu/Documents/drone-localisation/data/raw/satloc/part_1/Satellite Data/sat_image_ref/03775.jpg,1877,899.5255148436561,1,/Users/harishprabhu/Documents/drone-localisation/data/raw/satloc/part_1/Satellite Data/sat_image_ref/01877.jpg,3775,64.63082038003618,24,/Users/harishprabhu/Documents/drone-localisation/data/raw/satloc/part_1/Satellite Data/sat_image_ref/03775.jpg,/Users/harishprabhu/Documents/drone-localisation/data/raw/satloc/part_1/UAV Data/traj01/256@255240@112.808559@28.297050.png,/Users/harishprabhu/Documents/drone-localisation/data/raw/satloc/part_1/UAV Data/traj01/256@255240@112.808559@28.297050.png,/Users/harishprabhu/Documents/drone-localisation/outputs/satloc/figures/s7b_failure_rescue/visual_diagnostics/center_resize_k32_img224_top100/s7b4_visual_token_0256_mixed_urban_natural.png,,True,False,False,False,False,False,False,False,True,True,False,False,False,False,near_miss_multitile,53.0
271,mixed_urban_natural,center,False,999.0562079097476,141.7228055840051,35,True,False,999.0562079097476,141.7228055840051,35,True,False,211.7777723804689,70.97663468411079,10,False,False,,resize,70.97663468411079,10,4147,near_pool_miss_40_100m,,,,,,,,,,,,,1753,999.0562079097476,1,/Users/harishprabhu/Documents/drone-localisation/data/raw/satloc/part_1/Satellite Data/sat_image_ref/01753.jpg,4647,141.7228055840051,35,/Users/harishprabhu/Documents/drone-localisation/data/raw/satloc/part_1/Satellite Data/sat_image_ref/04647.jpg,4778,211.7777723804689,1,/Users/harishprabhu/Documents/drone-localisation/data/raw/satloc/part_1/Satellite Data/sat_image_ref/04778.jpg,4147,70.97663468411079,10,/Users/harishprabhu/Documents/drone-localisation/data/raw/satloc/part_1/Satellite Data/sat_image_ref/04147.jpg,/Users/harishprabhu/Documents/drone-localisation/data/raw/satloc/part_1/UAV Data/traj01/271@270255@112.808564@28.295482.png,/Users/harishprabhu/Documents/drone-localisation/data/raw/satloc/part_1/UAV Data/traj01/271@270255@112.808564@28.295482.png,/Users/harishprabhu/Documents/drone-localisation/outputs/satloc/figures/s7b_failure_rescue/visual_diagnostics/center_resize_k32_img224_top100/s7b4_visual_token_0271_mixed_urban_natural.png,,True,False,False,False,False,False,False,False,True,True,False,False,False,False,near_miss_multitile,53.0
281,mixed_urban_natural,center,False,706.3318795334677,69.24032686920734,6,True,False,706.3318795334677,69.24032686920734,6,True,False,568.0966151910201,69.24032686920734,7,False,False,,center,69.24032686920734,6,4647,near_pool_miss_40_100m,,,,,,,,,,,,,5004,706.3318795334677,1,/Users/harishprabhu/Documents/drone-localisation/data/raw/satloc/part_1/Satellite Data/sat_image_ref/05004.jpg,4647,69.24032686920734,6,/Users/harishprabhu/Documents/drone-localisation/data/raw/satloc/part_1/Satellite Data/sat_image_ref/04647.jpg,2767,568.0966151910201,1,/Users/harishprabhu/Documents/drone-localisation/data/raw/satloc/part_1/Satellite Data/sat_image_ref/02767.jpg,4647,69.24032686920734,7,/Users/harishprabhu/Documents/drone-localisation/data/raw/satloc/part_1/Satellite Data/sat_image_ref/04647.jpg,/Users/harishprabhu/Documents/drone-localisation/data/raw/satloc/part_1/UAV Data/traj01/281@280264@112.808557@28.294462.png,/Users/harishprabhu/Documents/drone-localisation/data/raw/satloc/part_1/UAV Data/traj01/281@280264@112.808557@28.294462.png,/Users/harishprabhu/Documents/drone-localisation/outputs/satloc/figures/s7b_failure_rescue/visual_diagnostics/center_resize_k32_img224_top100/s7b4_visual_token_0281_mixed_urban_natural.png,,True,False,False,False,False,False,False,False,True,True,False,False,False,False,near_miss_multitile,53.0
791,water_wetland,center,False,1124.3439556449036,76.14302200441578,69,True,False,1124.3439556449036,76.14302200441578,69,True,False,638.9454564316167,76.14302200441578,38,False,False,,center,76.14302200441578,69,4284,near_pool_miss_40_100m,,,,,,,,,,,,,4875,1124.3439556449036,1,/Users/harishprabhu/Documents/drone-localisation/data/raw/satloc/part_1/Satellite Data/sat_image_ref/04875.jpg,4284,76.14302200441578,69,/Users/harishprabhu/Documents/drone-localisation/data/raw/satloc/part_1/Satellite Data/sat_image_ref/04284.jpg,2273,638.9454564316167,1,/Users/harishprabhu/Documents/drone-localisation/data/raw/satloc/part_1/Satellite Data/sat_image_ref/02273.jpg,4284,76.14302200441578,38,/Users/harishprabhu/Documents/drone-localisation/data/raw/satloc/part_1/Satellite Data/sat_image_ref/04284.jpg,/Users/harishprabhu/Documents/drone-localisation/data/raw/satloc/part_1/UAV Data/traj01/791@208196@112.811359@28.295301.png,/Users/harishprabhu/Documents/drone-localisation/data/raw/satloc/part_1/UAV Data/traj01/791@208196@112.811359@28.295301.png,/Users/harishprabhu/Documents/drone-localisation/outputs/satloc/figures/s7b_failure_rescue/visual_diagnostics/center_resize_k32_img224_top100/s7b4_visual_token_0791_water_wetland.png,,True,False,False,False,False,False,False,False,True,True,False,False,False,False,near_miss_multitile,53.0
796,water_wetland,center,False,1139.7128105612508,173.03460993617276,97,True,False,1139.7128105612508,173.03460993617276,97,True,False,588.2529401722093,95.63105507825318,41,False,False,,resize,95.63105507825318,41,4284,near_pool_miss_40_100m,,,,,,,,,,,,,2128,1139.7128105612508,1,/Users/harishprabhu/Documents/drone-localisation/data/raw/satloc/part_1/Satellite Data/sat_image_ref/02128.jpg,4411,173.03460993617276,97,/Users/harishprabhu/Documents/drone-localisation/data/raw/satloc/part_1/Satellite Data/sat_image_ref/04411.jpg,2273,588.2529401722093,1,/Users/harishprabhu/Documents/drone-localisation/data/raw/satloc/part_1/Satellite Data/sat_image_ref/02273.jpg,4284,95.63105507825318,41,/Users/harishprabhu/Documents/drone-localisation/data/raw/satloc/part_1/Satellite Data/sat_image_ref/04284.jpg,/Users/harishprabhu/Documents/drone-localisation/data/raw/satloc/part_1/UAV Data/traj01/796@213201@112.811353@28.295825.png,/Users/harishprabhu/Documents/drone-localisation/data/raw/satloc/part_1/UAV Data/traj01/796@213201@112.811353@28.295825.png,/Users/harishprabhu/Documents/drone-localisation/outputs/satloc/figures/s7b_failure_rescue/visual_diagnostics/center_resize_k32_img224_top100/s7b4_visual_token_0796_water_wetland.png,,True,False,False,False,False,False,False,False,True,True,False,False,False,False,near_miss_multitile,53.0
951,mixed_urban_natural,center,False,666.891530820757,76.71169268946107,98,True,False,666.891530820757,76.71169268946107,98,True,False,1532.9279119545658,76.71169268946107,42,False,False,,center,76.71169268946107,98,3794,near_pool_miss_40_100m,,,,,,,,,,,,,2155,666.891530820757,1,/Users/harishprabhu/Documents/drone-localisation/data/raw/satloc/part_1/Satellite Data/sat_image_ref/02155.jpg,3794,76.71169268946107,98,/Users/harishprabhu/Documents/drone-localisation/data/raw/satloc/part_1/Satellite Data/sat_image_ref/03794.jpg,7509,1532.9279119545658,1,/Users/harishprabhu/Documents/drone-localisation/data/raw/satloc/part_1/Satellite Data/sat_image_ref/07509.jpg,3794,76.71169268946107,42,/Users/harishprabhu/Documents/drone-localisation/data/raw/satloc/part_1/Satellite Data/sat_image_ref/03794.jpg,/Users/harishprabhu/Documents/drone-localisation/data/raw/satloc/part_1/UAV Data/traj01/951@77072@112.815136@28.296091.png,/Users/harishprabhu/Documents/drone-localisation/data/raw/satloc/part_1/UAV Data/traj01/951@77072@112.815136@28.296091.png,/Users/harishprabhu/Documents/drone-localisation/outputs/satloc/figures/s7b_failure_rescue/visual_diagnostics/center_resize_k32_img224_top100/s7b4_visual_token_0951_mixed_urban_natural.png,,True,False,False,False,False,False,False,False,True,True,False,False,False,False,near_miss_multitile,53.0
956,mixed_urban_natural,center,False,715.7943599573041,80.15351770739709,17,True,False,715.7943599573041,80.15351770739709,17,True,False,639.4226981379263,126.03463426894058,59,False,False,,center,80.15351770739709,17,3917,near_pool_miss_40_100m,,,,,,,,,,,,,2651,715.7943599573041,1,/Users/harishprabhu/Documents/drone-localisation/data/raw/satloc/part_1/Satellite Data/sat_image_ref/02651.jpg,3917,80.15351770739709,17,/Users/harishprabhu/Documents/drone-localisation/data/raw/satloc/part_1/Satellite Data/sat_image_ref/03917.jpg,2159,639.4226981379263,1,/Users/harishprabhu/Documents/drone-localisation/data/raw/satloc/part_1/Satellite Data/sat_image_ref/02159.jpg,3794,126.03463426894058,59,/Users/harishprabhu/Documents/drone-localisation/data/raw/satloc/part_1/Satellite Data/sat_image_ref/03794.jpg,/Users/harishprabhu/Documents/drone-localisation/data/raw/satloc/part_1/UAV Data/traj01/956@82077@112.815145@28.295546.png,/Users/harishprabhu/Documents/drone-localisation/data/raw/satloc/part_1/UAV Data/traj01/956@82077@112.815145@28.295546.png,/Users/harishprabhu/Documents/drone-localisation/outputs/satloc/figures/s7b_failure_rescue/visual_diagnostics/center_resize_k32_img224_top100/s7b4_visual_token_0956_mixed_urban_natural.png,,True,False,False,False,False,False,False,False,True,True,False,False,False,False,near_miss_multitile,53.0
816,water_wetland,center,True,255.51463016564503,28.252171060854973,54,True,True,255.51463016564503,28.252171060854973,54,True,False,268.493899110936,54.89081999913147,10,True,False,,center,28.252171060854973,54,3281,anchor_success,,,,,,,,,,,,,2651,255.51463016564503,1,/Users/harishprabhu/Documents/drone-localisation/data/raw/satloc/part_1/Satellite Data/sat_image_ref/02651.jpg,3281,28.252171060854973,54,/Users/harishprabhu/Documents/drone-localisation/data/raw/satloc/part_1/Satellite Data/sat_image_ref/03281.jpg,3788,268.493899110936,1,/Users/harishprabhu/Documents/drone-localisation/data/raw/satloc/part_1/Satellite Data/sat_image_ref/03788.jpg,3406,54.89081999913147,10,/Users/harishprabhu/Documents/drone-localisation/data/raw/satloc/part_1/Satellite Data/sat_image_ref/03406.jpg,/Users/harishprabhu/Documents/drone-localisation/data/raw/satloc/part_1/UAV Data/traj01/816@233220@112.811316@28.297952.png,/Users/harishprabhu/Documents/drone-localisation/data/raw/satloc/part_1/UAV Data/traj01/816@233220@112.811316@28.297952.png,,,False,False,False,False,True,True,False,False,False,False,False,False,False,False,supporting_case,52.936957234786256
1031,mixed_urban_natural,center,True,452.24822464814383,28.665043173786472,83,True,True,452.24822464814383,28.665043173786472,83,True,False,719.0262310283725,185.25864384338016,65,True,False,,center,28.665043173786472,83,3920,anchor_success,,,,,,,,,,,,,5162,452.24822464814383,1,/Users/harishprabhu/Documents/drone-localisation/data/raw/satloc/part_1/Satellite Data/sat_image_ref/05162.jpg,3920,28.665043173786472,83,/Users/harishprabhu/Documents/drone-localisation/data/raw/satloc/part_1/Satellite Data/sat_image_ref/03920.jpg,2156,719.0262310283725,1,/Users/harishprabhu/Documents/drone-localisation/data/raw/satloc/part_1/Satellite Data/sat_image_ref/02156.jpg,3926,185.25864384338016,65,/Users/harishprabhu/Documents/drone-localisation/data/raw/satloc/part_1/Satellite Data/sat_image_ref/03926.jpg,/Users/harishprabhu/Documents/drone-localisation/data/raw/satloc/part_1/UAV Data/traj01/1031@157148@112.816312@28.296124.png,/Users/harishprabhu/Documents/drone-localisation/data/raw/satloc/part_1/UAV Data/traj01/1031@157148@112.816312@28.296124.png,,,False,False,False,False,True,True,False,False,False,False,False,False,False,False,supporting_case,52.83373920655338
116,mixed_urban_natural,center,True,1307.726171352295,28.670637302316035,53,True,True,1307.726171352295,28.670637302316035,53,True,False,955.0756016636782,77.55811266480494,3,True,False,,center,28.670637302316035,53,410,anchor_success,,,,,,,,,,,,,3003,1307.726171352295,1,/Users/harishprabhu/Documents/drone-localisation/data/raw/satloc/part_1/Satellite Data/sat_image_ref/03003.jpg,410,28.670637302316035,53,/Users/harishprabhu/Documents/drone-localisation/data/raw/satloc/part_1/Satellite Data/sat_image_ref/00410.jpg,507,955.0756016636782,1,/Users/harishprabhu/Documents/drone-localisation/data/raw/satloc/part_1/Satellite Data/sat_image_ref/00507.jpg,661,77.55811266480494,3,/Users/harishprabhu/Documents/drone-localisation/data/raw/satloc/part_1/Satellite Data/sat_image_ref/00661.jpg,/Users/harishprabhu/Documents/drone-localisation/data/raw/satloc/part_1/UAV Data/traj01/116@115108@112.812263@28.304887.png,/Users/harishprabhu/Documents/drone-localisation/data/raw/satloc/part_1/UAV Data/traj01/116@115108@112.812263@28.304887.png,,,False,False,False,False,True,True,False,False,False,False,False,False,False,False,supporting_case,52.83234067442099
61,mixed_urban_natural,center,True,29.61089454578912,29.02944377167308,92,True,True,29.61089454578912,29.02944377167308,92,True,True,159.47298883968764,29.61089454578912,7,True,False,,center,29.02944377167308,92,1170,anchor_success,,,,,,,,,,,,,1296,29.61089454578912,1,/Users/harishprabhu/Documents/drone-localisation/data/raw/satloc/part_1/Satellite Data/sat_image_ref/01296.jpg,1170,29.02944377167308,92,/Users/harishprabhu/Documents/drone-localisation/data/raw/satloc/part_1/Satellite Data/sat_image_ref/01170.jpg,1425,159.47298883968764,1,/Users/harishprabhu/Documents/drone-localisation/data/raw/satloc/part_1/Satellite Data/sat_image_ref/01425.jpg,1296,29.61089454578912,7,/Users/harishprabhu/Documents/drone-localisation/data/raw/satloc/part_1/Satellite Data/sat_image_ref/01296.jpg,/Users/harishprabhu/Documents/drone-localisation/data/raw/satloc/part_1/UAV Data/traj01/61@60056@112.816349@28.303108.png,/Users/harishprabhu/Documents/drone-localisation/data/raw/satloc/part_1/UAV Data/traj01/61@60056@112.816349@28.303108.png,,,False,False,False,False,True,True,True,False,False,False,False,False,False,False,supporting_case,52.74263905708173
486,forest_canopy,center,True,47.24101586300556,29.973850969642776,21,True,True,47.24101586300556,29.973850969642776,21,True,True,47.24101586300556,29.973850969642776,38,True,False,,center,29.973850969642776,21,5567,anchor_success,,,,,,,,,,,,,5692,47.24101586300556,1,/Users/harishprabhu/Documents/drone-localisation/data/raw/satloc/part_1/Satellite Data/sat_image_ref/05692.jpg,5567,29.973850969642776,21,/Users/harishprabhu/Documents/drone-localisation/data/raw/satloc/part_1/Satellite Data/sat_image_ref/05567.jpg,5692,47.24101586300556,1,/Users/harishprabhu/Documents/drone-localisation/data/raw/satloc/part_1/Satellite Data/sat_image_ref/05692.jpg,5567,29.973850969642776,38,/Users/harishprabhu/Documents/drone-localisation/data/raw/satloc/part_1/Satellite Data/sat_image_ref/05567.jpg,/Users/harishprabhu/Documents/drone-localisation/data/raw/satloc/part_1/UAV Data/traj01/486@194183@112.823598@28.292186.png,/Users/harishprabhu/Documents/drone-localisation/data/raw/satloc/part_1/UAV Data/traj01/486@194183@112.823598@28.292186.png,,,False,False,False,False,True,True,True,False,False,False,False,False,False,False,supporting_case,52.50653725758931
996,mixed_urban_natural,center,True,254.3147446042583,30.33691794942355,9,True,True,254.3147446042583,30.33691794942355,9,True,False,1367.4742402937518,50.86559335751727,90,True,False,,center,30.33691794942355,9,5421,anchor_success,,,,,,,,,,,,,5802,254.3147446042583,1,/Users/harishprabhu/Documents/drone-localisation/data/raw/satloc/part_1/Satellite Data/sat_image_ref/05802.jpg,5421,30.33691794942355,9,/Users/harishprabhu/Documents/drone-localisation/data/raw/satloc/part_1/Satellite Data/sat_image_ref/05421.jpg,7260,1367.4742402937518,1,/Users/harishprabhu/Documents/drone-localisation/data/raw/satloc/part_1/Satellite Data/sat_image_ref/07260.jpg,5422,50.86559335751727,90,/Users/harishprabhu/Documents/drone-localisation/data/raw/satloc/part_1/Satellite Data/sat_image_ref/05422.jpg,/Users/harishprabhu/Documents/drone-localisation/data/raw/satloc/part_1/UAV Data/traj01/996@122115@112.816350@28.292752.png,/Users/harishprabhu/Documents/drone-localisation/data/raw/satloc/part_1/UAV Data/traj01/996@122115@112.816350@28.292752.png,,,False,False,False,False,True,True,False,False,False,False,False,False,False,False,supporting_case,52.415770512644116
261,mixed_urban_natural,center,True,154.09352820705627,31.848055452260965,67,True,True,154.09352820705627,31.848055452260965,67,True,True,154.09352820705627,31.848055452260965,75,True,False,,center,31.848055452260965,67,3899,anchor_success,,,,,,,,,,,,,4020,154.09352820705627,1,/Users/harishprabhu/Documents/drone-localisation/data/raw/satloc/part_1/Satellite Data/sat_image_ref/04020.jpg,3899,31.848055452260965,67,/Users/harishprabhu/Documents/drone-localisation/data/raw/satloc/part_1/Satellite Data/sat_image_ref/03899.jpg,4020,154.09352820705627,1,/Users/harishprabhu/Documents/drone-localisation/data/raw/satloc/part_1/Satellite Data/sat_image_ref/04020.jpg,3899,31.848055452260965,75,/Users/harishprabhu/Documents/drone-localisation/data/raw/satloc/part_1/Satellite Data/sat_image_ref/03899.jpg,/Users/harishprabhu/Documents/drone-localisation/data/raw/satloc/part_1/UAV Data/traj01/261@260245@112.808563@28.296540.png,/Users/harishprabhu/Documents/drone-localisation/data/raw/satloc/part_1/UAV Data/traj01/261@260245@112.808563@28.296540.png,,,False,False,False,False,True,True,True,False,False,False,False,False,False,False,supporting_case,52.03798613693476
296,mixed_urban_natural,center,True,851.832205059896,32.103976275786486,57,True,True,851.832205059896,32.103976275786486,57,True,True,851.832205059896,32.103976275786486,52,True,False,,center,32.103976275786486,57,5275,anchor_success,,,,,,,,,,,,,4750,851.832205059896,1,/Users/harishprabhu/Documents/drone-localisation/data/raw/satloc/part_1/Satellite Data/sat_image_ref/04750.jpg,5275,32.103976275786486,57,/Users/harishprabhu/Documents/drone-localisation/data/raw/satloc/part_1/Satellite Data/sat_image_ref/05275.jpg,4750,851.832205059896,1,/Users/harishprabhu/Documents/drone-localisation/data/raw/satloc/part_1/Satellite Data/sat_image_ref/04750.jpg,5275,32.103976275786486,52,/Users/harishprabhu/Documents/drone-localisation/data/raw/satloc/part_1/Satellite Data/sat_image_ref/05275.jpg,/Users/harishprabhu/Documents/drone-localisation/data/raw/satloc/part_1/UAV Data/traj01/296@4003@112.808605@28.292852.png,/Users/harishprabhu/Documents/drone-localisation/data/raw/satloc/part_1/UAV Data/traj01/296@4003@112.808605@28.292852.png,,,False,False,False,False,True,True,True,False,False,False,False,False,False,False,supporting_case,51.97400593105338
531,urban,center,True,81.10013667756749,33.65907745778748,13,True,True,81.10013667756749,33.65907745778748,13,True,True,78.11672104302414,33.65907745778748,50,True,False,,center,33.65907745778748,13,3692,anchor_success,,,,,,,,,,,,,3940,81.10013667756749,1,/Users/harishprabhu/Documents/drone-localisation/data/raw/satloc/part_1/Satellite Data/sat_image_ref/03940.jpg,3692,33.65907745778748,13,/Users/harishprabhu/Documents/drone-localisation/data/raw/satloc/part_1/Satellite Data/sat_image_ref/03692.jpg,3818,78.11672104302414,1,/Users/harishprabhu/Documents/drone-localisation/data/raw/satloc/part_1/Satellite Data/sat_image_ref/03818.jpg,3692,33.65907745778748,50,/Users/harishprabhu/Documents/drone-localisation/data/raw/satloc/part_1/Satellite Data/sat_image_ref/03692.jpg,/Users/harishprabhu/Documents/drone-localisation/data/raw/satloc/part_1/UAV Data/traj01/531@239225@112.823561@28.296906.png,/Users/harishprabhu/Documents/drone-localisation/data/raw/satloc/part_1/UAV Data/traj01/531@239225@112.823561@28.296906.png,,,False,False,False,False,True,True,True,False,False,False,False,False,False,False,supporting_case,51.58523063555313
976,mixed_urban_natural,center,True,1085.571444658434,34.55852161308276,43,True,True,1085.571444658434,34.55852161308276,43,True,False,83.54108540663749,61.25089400823473,60,True,False,,center,34.55852161308276,43,5167,anchor_success,,,,,,,,,,,,,2023,1085.571444658434,1,/Users/harishprabhu/Documents/drone-localisation/data/raw/satloc/part_1/Satellite Data/sat_image_ref/02023.jpg,5167,34.55852161308276,43,/Users/harishprabhu/Documents/drone-localisation/data/raw/satloc/part_1/Satellite Data/sat_image_ref/05167.jpg,5291,83.54108540663749,1,/Users/harishprabhu/Documents/drone-localisation/data/raw/satloc/part_1/Satellite Data/sat_image_ref/05291.jpg,5166,61.25089400823473,60,/Users/harishprabhu/Documents/drone-localisation/data/raw/satloc/part_1/Satellite Data/sat_image_ref/05166.jpg,/Users/harishprabhu/Documents/drone-localisation/data/raw/satloc/part_1/UAV Data/traj01/976@102096@112.815185@28.293372.png,/Users/harishprabhu/Documents/drone-localisation/data/raw/satloc/part_1/UAV Data/traj01/976@102096@112.815185@28.293372.png,,,False,False,False,False,True,True,False,False,False,False,False,False,False,False,supporting_case,51.36036959672931
21,mixed_urban_natural,center,True,1476.6675655719257,35.93485571853286,13,True,True,1476.6675655719257,35.93485571853286,13,True,False,450.1482556350092,56.21222301938858,23,True,False,,center,35.93485571853286,13,3045,anchor_success,,,,,,,,,,,,,383,1476.6675655719257,1,/Users/harishprabhu/Documents/drone-localisation/data/raw/satloc/part_1/Satellite Data/sat_image_ref/00383.jpg,3045,35.93485571853286,13,/Users/harishprabhu/Documents/drone-localisation/data/raw/satloc/part_1/Satellite Data/sat_image_ref/03045.jpg,4302,450.1482556350092,1,/Users/harishprabhu/Documents/drone-localisation/data/raw/satloc/part_1/Satellite Data/sat_image_ref/04302.jpg,3044,56.21222301938858,23,/Users/harishprabhu/Documents/drone-localisation/data/raw/satloc/part_1/Satellite Data/sat_image_ref/03044.jpg,/Users/harishprabhu/Documents/drone-localisation/data/raw/satloc/part_1/UAV Data/traj01/21@20018@112.816154@28.298764.png,/Users/harishprabhu/Documents/drone-localisation/data/raw/satloc/part_1/UAV Data/traj01/21@20018@112.816154@28.298764.png,,,False,False,False,False,True,True,False,False,False,False,False,False,False,False,supporting_case,51.01628607036679
126,mixed_urban_natural,center,True,310.07525739300286,35.951121018033504,87,True,True,310.07525739300286,35.951121018033504,87,True,True,1074.2322191635096,35.951121018033504,88,True,False,,center,35.951121018033504,87,530,anchor_success,,,,,,,,,,,,,1287,310.07525739300286,1,/Users/harishprabhu/Documents/drone-localisation/data/raw/satloc/part_1/Satellite Data/sat_image_ref/01287.jpg,530,35.951121018033504,87,/Users/harishprabhu/Documents/drone-localisation/data/raw/satloc/part_1/Satellite Data/sat_image_ref/00530.jpg,1311,1074.2322191635096,1,/Users/harishprabhu/Documents/drone-localisation/data/raw/satloc/part_1/Satellite Data/sat_image_ref/01311.jpg,530,35.951121018033504,88,/Users/harishprabhu/Documents/drone-localisation/data/raw/satloc/part_1/Satellite Data/sat_image_ref/00530.jpg,/Users/harishprabhu/Documents/drone-localisation/data/raw/satloc/part_1/UAV Data/traj01/126@125118@112.811037@28.304880.png,/Users/harishprabhu/Documents/drone-localisation/data/raw/satloc/part_1/UAV Data/traj01/126@125118@112.811037@28.304880.png,,,False,False,False,False,True,True,True,False,False,False,False,False,False,False,supporting_case,51.01221974549162
927,mixed_urban_natural,center,True,1371.8961741521498,37.56622306278606,48,True,True,1371.8961741521498,37.56622306278606,48,True,True,1389.2846654798675,37.56622306278606,61,True,False,,center,37.56622306278606,48,3043,anchor_success,lsd_rescue,1449.8774826424487,30.0308220672608,30.0308220672608,381.0,3042.0,3042.0,,,13.0,71.0,0.0,508,1371.8961741521498,1,/Users/harishprabhu/Documents/drone-localisation/data/raw/satloc/part_1/Satellite Data/sat_image_ref/00508.jpg,3043,37.56622306278606,48,/Users/harishprabhu/Documents/drone-localisation/data/raw/satloc/part_1/Satellite Data/sat_image_ref/03043.jpg,383,1389.2846654798675,1,/Users/harishprabhu/Documents/drone-localisation/data/raw/satloc/part_1/Satellite Data/sat_image_ref/00383.jpg,3043,37.56622306278606,61,/Users/harishprabhu/Documents/drone-localisation/data/raw/satloc/part_1/Satellite Data/sat_image_ref/03043.jpg,/Users/harishprabhu/Documents/drone-localisation/data/raw/satloc/part_1/UAV Data/traj01/927@53050@112.815093@28.298706.png,/Users/harishprabhu/Documents/drone-localisation/data/raw/satloc/part_1/UAV Data/traj01/927@53050@112.815093@28.298706.png,,,False,False,True,False,True,True,True,False,False,False,False,False,False,False,supporting_case,50.608444234303484
286,mixed_urban_natural,center,True,668.6906048801119,38.94744713639636,93,True,True,668.6906048801119,38.94744713639636,93,True,False,1125.804000910223,63.2945950640081,12,True,False,,center,38.94744713639636,93,4898,anchor_success,,,,,,,,,,,,,5130,668.6906048801119,1,/Users/harishprabhu/Documents/drone-localisation/data/raw/satloc/part_1/Satellite Data/sat_image_ref/05130.jpg,4898,38.94744713639636,93,/Users/harishprabhu/Documents/drone-localisation/data/raw/satloc/part_1/Satellite Data/sat_image_ref/04898.jpg,1753,1125.804000910223,1,/Users/harishprabhu/Documents/drone-localisation/data/raw/satloc/part_1/Satellite Data/sat_image_ref/01753.jpg,5023,63.2945950640081,12,/Users/harishprabhu/Documents/drone-localisation/data/raw/satloc/part_1/Satellite Data/sat_image_ref/05023.jpg,/Users/harishprabhu/Documents/drone-localisation/data/raw/satloc/part_1/UAV Data/traj01/286@285269@112.808566@28.293905.png,/Users/harishprabhu/Documents/drone-localisation/data/raw/satloc/part_1/UAV Data/traj01/286@285269@112.808566@28.293905.png,,,False,False,False,False,True,True,False,False,False,False,False,False,False,False,supporting_case,50.26313821590091
426,forest_canopy,center,True,623.1451745864985,39.00396408425671,38,True,True,623.1451745864985,39.00396408425671,38,True,True,275.9033015392287,39.00396408425671,9,True,False,,center,39.00396408425671,38,6680,anchor_success,,,,,,,,,,,,,5320,623.1451745864985,1,/Users/harishprabhu/Documents/drone-localisation/data/raw/satloc/part_1/Satellite Data/sat_image_ref/05320.jpg,6680,39.00396408425671,38,/Users/harishprabhu/Documents/drone-localisation/data/raw/satloc/part_1/Satellite Data/sat_image_ref/06680.jpg,6689,275.9033015392287,1,/Users/harishprabhu/Documents/drone-localisation/data/raw/satloc/part_1/Satellite Data/sat_image_ref/06689.jpg,6680,39.00396408425671,9,/Users/harishprabhu/Documents/drone-localisation/data/raw/satloc/part_1/Satellite Data/sat_image_ref/06680.jpg,/Users/harishprabhu/Documents/drone-localisation/data/raw/satloc/part_1/UAV Data/traj01/426@134126@112.820017@28.289284.png,/Users/harishprabhu/Documents/drone-localisation/data/raw/satloc/part_1/UAV Data/traj01/426@134126@112.820017@28.289284.png,,,False,False,False,False,True,True,True,False,False,False,False,False,False,False,supporting_case,50.24900897893582
1,mixed_urban_natural,center,False,1114.9141527269762,47.08621180579595,74,True,False,1114.9141527269762,47.08621180579595,74,True,False,532.0523168504577,64.27392095000113,88,False,False,,center,47.08621180579595,74,3419,near_pool_miss_40_100m,lsd_rescue,2672.693485404899,15.072437260842536,15.072437260842536,8237.0,3545.0,3545.0,15.072437260842536,0.0,20.0,92.0,0.0,4765,1114.9141527269762,1,/Users/harishprabhu/Documents/drone-localisation/data/raw/satloc/part_1/Satellite Data/sat_image_ref/04765.jpg,3419,47.08621180579595,74,/Users/harishprabhu/Documents/drone-localisation/data/raw/satloc/part_1/Satellite Data/sat_image_ref/03419.jpg,2532,532.0523168504577,1,/Users/harishprabhu/Documents/drone-localisation/data/raw/satloc/part_1/Satellite Data/sat_image_ref/02532.jpg,3547,64.27392095000113,88,/Users/harishprabhu/Documents/drone-localisation/data/raw/satloc/part_1/Satellite Data/sat_image_ref/03547.jpg,/Users/harishprabhu/Documents/drone-localisation/data/raw/satloc/part_1/UAV Data/traj01/1@0@112.816130@28.297316.png,/Users/harishprabhu/Documents/drone-localisation/data/raw/satloc/part_1/UAV Data/traj01/1@0@112.816130@28.297316.png,,/Users/harishprabhu/Documents/drone-localisation/outputs/satloc/figures/s4c_macrocontour_phog_chamfer/s4c4_vector_skeleton/s4c4c_luma_lsd_rerank/s4c4c_token0001_luma_lsd_panel_top5.png,False,True,True,False,False,False,False,False,True,True,False,False,False,False,near_miss_multitile,47.0
396,forest_canopy,center,False,2013.0300419904672,231.66114572530452,50,True,False,2013.0300419904672,231.66114572530452,50,True,False,1518.3741603112774,105.70188841039186,55,False,False,,resize,105.70188841039186,55,6419,pool_failure_or_far_ambiguity,,,,,,,,,,,,,763,2013.0300419904672,1,/Users/harishprabhu/Documents/drone-localisation/data/raw/satloc/part_1/Satellite Data/sat_image_ref/00763.jpg,6050,231.66114572530455,50,/Users/harishprabhu/Documents/drone-localisation/data/raw/satloc/part_1/Satellite Data/sat_image_ref/06050.jpg,2518,1518.3741603112774,1,/Users/harishprabhu/Documents/drone-localisation/data/raw/satloc/part_1/Satellite Data/sat_image_ref/02518.jpg,6419,105.70188841039186,55,/Users/harishprabhu/Documents/drone-localisation/data/raw/satloc/part_1/Satellite Data/sat_image_ref/06419.jpg,/Users/harishprabhu/Documents/drone-localisation/data/raw/satloc/part_1/UAV Data/traj01/396@104098@112.816411@28.289256.png,/Users/harishprabhu/Documents/drone-localisation/data/raw/satloc/part_1/UAV Data/traj01/396@104098@112.816411@28.289256.png,/Users/harishprabhu/Documents/drone-localisation/outputs/satloc/figures/s7b_failure_rescue/visual_diagnostics/center_resize_k32_img224_top100/s7b4_visual_token_0396_forest_canopy.png,,True,False,False,False,False,False,False,False,True,False,True,False,False,False,hardest_failure,43.0
581,urban,center,False,514.2324575712901,189.6317166974437,69,True,False,514.2324575712901,189.6317166974437,69,True,False,1795.4239628833998,360.0991033998467,49,False,False,,center,189.6317166974437,69,2946,pool_failure_or_far_ambiguity,,,,,,,,,,,,,4077,514.2324575712901,1,/Users/harishprabhu/Documents/drone-localisation/data/raw/satloc/part_1/Satellite Data/sat_image_ref/04077.jpg,2946,189.63171669744372,69,/Users/harishprabhu/Documents/drone-localisation/data/raw/satloc/part_1/Satellite Data/sat_image_ref/02946.jpg,2867,1795.4239628833998,1,/Users/harishprabhu/Documents/drone-localisation/data/raw/satloc/part_1/Satellite Data/sat_image_ref/02867.jpg,4190,360.0991033998467,49,/Users/harishprabhu/Documents/drone-localisation/data/raw/satloc/part_1/Satellite Data/sat_image_ref/04190.jpg,/Users/harishprabhu/Documents/drone-localisation/data/raw/satloc/part_1/UAV Data/traj01/581@289273@112.823396@28.298859.png,/Users/harishprabhu/Documents/drone-localisation/data/raw/satloc/part_1/UAV Data/traj01/581@289273@112.823396@28.298859.png,/Users/harishprabhu/Documents/drone-localisation/outputs/satloc/figures/s7b_failure_rescue/visual_diagnostics/center_resize_k32_img224_top100/s7b4_visual_token_0581_urban.png,,True,False,False,False,False,False,False,False,True,False,True,False,False,False,hardest_failure,43.0
11,mixed_urban_natural,center,False,616.4263018329551,75.05517989862484,98,True,False,616.4263018329551,75.05517989862484,98,True,False,1131.9987856496437,40.17780726422097,21,False,False,,resize,40.17780726422097,21,3294,near_pool_miss_40_100m,,,,,,,,,,,,,2155,616.4263018329551,1,/Users/harishprabhu/Documents/drone-localisation/data/raw/satloc/part_1/Satellite Data/sat_image_ref/02155.jpg,3293,75.05517989862484,98,/Users/harishprabhu/Documents/drone-localisation/data/raw/satloc/part_1/Satellite Data/sat_image_ref/03293.jpg,4765,1131.9987856496437,1,/Users/harishprabhu/Documents/drone-localisation/data/raw/satloc/part_1/Satellite Data/sat_image_ref/04765.jpg,3294,40.17780726422097,21,/Users/harishprabhu/Documents/drone-localisation/data/raw/satloc/part_1/Satellite Data/sat_image_ref/03294.jpg,/Users/harishprabhu/Documents/drone-localisation/data/raw/satloc/part_1/UAV Data/traj01/11@10009@112.816112@28.297802.png,/Users/harishprabhu/Documents/drone-localisation/data/raw/satloc/part_1/UAV Data/traj01/11@10009@112.816112@28.297802.png,,,False,False,False,False,False,False,False,False,True,True,False,False,False,False,near_miss_multitile,35.0
121,mixed_urban_natural,center,False,860.3806078783351,218.38687725525853,86,True,False,860.3806078783351,218.38687725525853,86,True,False,1038.3780494779817,56.50711867143675,22,False,False,,resize,56.50711867143675,22,657,near_pool_miss_40_100m,,,,,,,,,,,,,383,860.3806078783351,1,/Users/harishprabhu/Documents/drone-localisation/data/raw/satloc/part_1/Satellite Data/sat_image_ref/00383.jpg,1037,218.38687725525853,86,/Users/harishprabhu/Documents/drone-localisation/data/raw/satloc/part_1/Satellite Data/sat_image_ref/01037.jpg,753,1038.3780494779817,1,/Users/harishprabhu/Documents/drone-localisation/data/raw/satloc/part_1/Satellite Data/sat_image_ref/00753.jpg,657,56.50711867143675,22,/Users/harishprabhu/Documents/drone-localisation/data/raw/satloc/part_1/Satellite Data/sat_image_ref/00657.jpg,/Users/harishprabhu/Documents/drone-localisation/data/raw/satloc/part_1/UAV Data/traj01/121@120113@112.811652@28.304885.png,/Users/harishprabhu/Documents/drone-localisation/data/raw/satloc/part_1/UAV Data/traj01/121@120113@112.811652@28.304885.png,,,False,False,False,False,False,False,False,False,True,True,False,False,False,False,near_miss_multitile,35.0
259,mixed_urban_natural,center,False,1058.599748863579,73.50906377151306,97,True,False,1058.599748863579,73.50906377151306,97,True,False,137.14463185252987,40.987456814923846,20,False,False,,resize,40.987456814923846,20,3775,near_pool_miss_40_100m,stable_success,19.85008059081389,19.85008059081389,19.85008059081389,3774.0,3774.0,3774.0,,,36.0,120.0,0.0,5177,1058.599748863579,1,/Users/harishprabhu/Documents/drone-localisation/data/raw/satloc/part_1/Satellite Data/sat_image_ref/05177.jpg,3776,73.50906377151306,97,/Users/harishprabhu/Documents/drone-localisation/data/raw/satloc/part_1/Satellite Data/sat_image_ref/03776.jpg,4021,137.14463185252987,1,/Users/harishprabhu/Documents/drone-localisation/data/raw/satloc/part_1/Satellite Data/sat_image_ref/04021.jpg,3775,40.987456814923846,20,/Users/harishprabhu/Documents/drone-localisation/data/raw/satloc/part_1/Satellite Data/sat_image_ref/03775.jpg,/Users/harishprabhu/Documents/drone-localisation/data/raw/satloc/part_1/UAV Data/traj01/259@258243@112.808561@28.296746.png,/Users/harishprabhu/Documents/drone-localisation/data/raw/satloc/part_1/UAV Data/traj01/259@258243@112.808561@28.296746.png,,,False,False,True,False,False,False,False,False,True,True,False,False,False,False,near_miss_multitile,35.0
386,forest_canopy,center,False,1755.442624354566,48.49570620660709,57,True,False,1755.442624354566,48.49570620660709,57,True,False,1086.052865090608,55.38624099027822,2,False,False,,center,48.49570620660709,57,6543,near_pool_miss_40_100m,,,,,,,,,,,,,898,1755.442624354566,1,/Users/harishprabhu/Documents/drone-localisation/data/raw/satloc/part_1/Satellite Data/sat_image_ref/00898.jpg,6543,48.49570620660709,57,/Users/harishprabhu/Documents/drone-localisation/data/raw/satloc/part_1/Satellite Data/sat_image_ref/06543.jpg,4144,1086.052865090608,1,/Users/harishprabhu/Documents/drone-localisation/data/raw/satloc/part_1/Satellite Data/sat_image_ref/04144.jpg,6666,55.38624099027822,2,/Users/harishprabhu/Documents/drone-localisation/data/raw/satloc/part_1/Satellite Data/sat_image_ref/06666.jpg,/Users/harishprabhu/Documents/drone-localisation/data/raw/satloc/part_1/UAV Data/traj01/386@94088@112.815187@28.289246.png,/Users/harishprabhu/Documents/drone-localisation/data/raw/satloc/part_1/UAV Data/traj01/386@94088@112.815187@28.289246.png,,,False,False,False,False,False,False,False,False,True,True,False,False,False,False,near_miss_multitile,35.0
391,forest_canopy,center,False,361.4619304741427,63.469742034219486,4,True,False,361.4619304741427,63.469742034219486,4,True,False,1143.1518379508425,46.355114604604886,89,False,False,,resize,46.355114604604886,89,6544,near_pool_miss_40_100m,,,,,,,,,,,,,6534,361.4619304741427,1,/Users/harishprabhu/Documents/drone-localisation/data/raw/satloc/part_1/Satellite Data/sat_image_ref/06534.jpg,6543,63.469742034219486,4,/Users/harishprabhu/Documents/drone-localisation/data/raw/satloc/part_1/Satellite Data/sat_image_ref/06543.jpg,7888,1143.1518379508425,1,/Users/harishprabhu/Documents/drone-localisation/data/raw/satloc/part_1/Satellite Data/sat_image_ref/07888.jpg,6544,46.355114604604886,89,/Users/harishprabhu/Documents/drone-localisation/data/raw/satloc/part_1/Satellite Data/sat_image_ref/06544.jpg,/Users/harishprabhu/Documents/drone-localisation/data/raw/satloc/part_1/UAV Data/traj01/391@99093@112.815799@28.289251.png,/Users/harishprabhu/Documents/drone-localisation/data/raw/satloc/part_1/UAV Data/traj01/391@99093@112.815799@28.289251.png,,,False,False,False,False,False,False,False,False,True,True,False,False,False,False,near_miss_multitile,35.0
401,forest_canopy,center,False,1260.083155793501,46.33694480038417,47,True,False,1260.083155793501,46.33694480038417,47,True,False,139.8445557765343,46.33694480038417,19,False,False,,center,46.33694480038417,47,6674,near_pool_miss_40_100m,,,,,,,,,,,,,4765,1260.083155793501,1,/Users/harishprabhu/Documents/drone-localisation/data/raw/satloc/part_1/Satellite Data/sat_image_ref/04765.jpg,6674,46.33694480038417,47,/Users/harishprabhu/Documents/drone-localisation/data/raw/satloc/part_1/Satellite Data/sat_image_ref/06674.jpg,6426,139.8445557765343,1,/Users/harishprabhu/Documents/drone-localisation/data/raw/satloc/part_1/Satellite Data/sat_image_ref/06426.jpg,6674,46.33694480038417,19,/Users/harishprabhu/Documents/drone-localisation/data/raw/satloc/part_1/Satellite Data/sat_image_ref/06674.jpg,/Users/harishprabhu/Documents/drone-localisation/data/raw/satloc/part_1/UAV Data/traj01/401@109102@112.817022@28.289260.png,/Users/harishprabhu/Documents/drone-localisation/data/raw/satloc/part_1/UAV Data/traj01/401@109102@112.817022@28.289260.png,,,False,False,False,False,False,False,False,False,True,True,False,False,False,False,near_miss_multitile,35.0
536,urban,center,False,119.5640238759307,45.69795413948543,34,True,False,119.5640238759307,45.69795413948543,34,True,False,558.5688167883292,41.80335505939775,99,False,False,,resize,41.80335505939775,99,3316,near_pool_miss_40_100m,,,,,,,,,,,,,3818,119.5640238759307,1,/Users/harishprabhu/Documents/drone-localisation/data/raw/satloc/part_1/Satellite Data/sat_image_ref/03818.jpg,3565,45.69795413948543,34,/Users/harishprabhu/Documents/drone-localisation/data/raw/satloc/part_1/Satellite Data/sat_image_ref/03565.jpg,4455,558.5688167883292,1,/Users/harishprabhu/Documents/drone-localisation/data/raw/satloc/part_1/Satellite Data/sat_image_ref/04455.jpg,3316,41.80335505939775,99,/Users/harishprabhu/Documents/drone-localisation/data/raw/satloc/part_1/Satellite Data/sat_image_ref/03316.jpg,/Users/harishprabhu/Documents/drone-localisation/data/raw/satloc/part_1/UAV Data/traj01/536@244230@112.823559@28.297448.png,/Users/harishprabhu/Documents/drone-localisation/data/raw/satloc/part_1/UAV Data/traj01/536@244230@112.823559@28.297448.png,,,False,False,False,False,False,False,False,False,True,True,False,False,False,False,near_miss_multitile,35.0
681,water_wetland,center,False,90.36464136689884,47.58258430101179,9,True,False,90.36464136689884,47.58258430101179,9,True,False,1226.5361620725944,47.58258430101179,10,False,False,,center,47.58258430101179,9,4802,near_pool_miss_40_100m,,,,,,,,,,,,,4928,90.36464136689884,1,/Users/harishprabhu/Documents/drone-localisation/data/raw/satloc/part_1/Satellite Data/sat_image_ref/04928.jpg,4802,47.58258430101179,9,/Users/harishprabhu/Documents/drone-localisation/data/raw/satloc/part_1/Satellite Data/sat_image_ref/04802.jpg,2521,1226.5361620725944,1,/Users/harishprabhu/Documents/drone-localisation/data/raw/satloc/part_1/Satellite Data/sat_image_ref/02521.jpg,4802,47.58258430101179,10,/Users/harishprabhu/Documents/drone-localisation/data/raw/satloc/part_1/Satellite Data/sat_image_ref/04802.jpg,/Users/harishprabhu/Documents/drone-localisation/data/raw/satloc/part_1/UAV Data/traj01/681@98092@112.818534@28.294483.png,/Users/harishprabhu/Documents/drone-localisation/data/raw/satloc/part_1/UAV Data/traj01/681@98092@112.818534@28.294483.png,,,False,False,False,False,False,False,False,False,True,True,False,False,False,False,near_miss_multitile,35.0
786,water_wetland,center,False,1265.233388353595,42.41839292595787,58,True,False,1265.233388353595,42.41839292595787,58,True,False,803.9488724206228,78.8967445638855,82,False,False,,center,42.41839292595787,58,4533,near_pool_miss_40_100m,,,,,,,,,,,,,4818,1265.233388353595,1,/Users/harishprabhu/Documents/drone-localisation/data/raw/satloc/part_1/Satellite Data/sat_image_ref/04818.jpg,4533,42.41839292595787,58,/Users/harishprabhu/Documents/drone-localisation/data/raw/satloc/part_1/Satellite Data/sat_image_ref/04533.jpg,6424,803.9488724206228,1,/Users/harishprabhu/Documents/drone-localisation/data/raw/satloc/part_1/Satellite Data/sat_image_ref/06424.jpg,4409,78.8967445638855,82,/Users/harishprabhu/Documents/drone-localisation/data/raw/satloc/part_1/Satellite Data/sat_image_ref/04409.jpg,/Users/harishprabhu/Documents/drone-localisation/data/raw/satloc/part_1/UAV Data/traj01/786@203191@112.811365@28.294793.png,/Users/harishprabhu/Documents/drone-localisation/data/raw/satloc/part_1/UAV Data/traj01/786@203191@112.811365@28.294793.png,,,False,False,False,False,False,False,False,False,True,True,False,False,False,False,near_miss_multitile,35.0
821,water_wetland,center,False,664.479440415039,43.87775371009512,29,True,False,664.479440415039,43.87775371009512,29,True,False,1412.569298891235,89.4282154697763,73,False,False,,center,43.87775371009512,29,3156,near_pool_miss_40_100m,,,,,,,,,,,,,898,664.479440415039,1,/Users/harishprabhu/Documents/drone-localisation/data/raw/satloc/part_1/Satellite Data/sat_image_ref/00898.jpg,3156,43.87775371009512,29,/Users/harishprabhu/Documents/drone-localisation/data/raw/satloc/part_1/Satellite Data/sat_image_ref/03156.jpg,7007,1412.569298891235,1,/Users/harishprabhu/Documents/drone-localisation/data/raw/satloc/part_1/Satellite Data/sat_image_ref/07007.jpg,2780,89.4282154697763,73,/Users/harishprabhu/Documents/drone-localisation/data/raw/satloc/part_1/Satellite Data/sat_image_ref/02780.jpg,/Users/harishprabhu/Documents/drone-localisation/data/raw/satloc/part_1/UAV Data/traj01/821@238224@112.811307@28.298471.png,/Users/harishprabhu/Documents/drone-localisation/data/raw/satloc/part_1/UAV Data/traj01/821@238224@112.811307@28.298471.png,,,False,False,False,False,False,False,False,False,True,True,False,False,False,False,near_miss_multitile,35.0
961,mixed_urban_natural,center,False,51.04790286700834,51.04790286700834,1,True,False,51.04790286700834,51.04790286700834,1,True,False,992.12841185073,51.04790286700834,14,False,False,,center,51.04790286700834,1,4416,near_pool_miss_40_100m,,,,,,,,,,,,,4416,51.04790286700834,1,/Users/harishprabhu/Documents/drone-localisation/data/raw/satloc/part_1/Satellite Data/sat_image_ref/04416.jpg,4416,51.04790286700834,1,/Users/harishprabhu/Documents/drone-localisation/data/raw/satloc/part_1/Satellite Data/sat_image_ref/04416.jpg,5320,992.12841185073,1,/Users/harishprabhu/Documents/drone-localisation/data/raw/satloc/part_1/Satellite Data/sat_image_ref/05320.jpg,4416,51.04790286700834,14,/Users/harishprabhu/Documents/drone-localisation/data/raw/satloc/part_1/Satellite Data/sat_image_ref/04416.jpg,/Users/harishprabhu/Documents/drone-localisation/data/raw/satloc/part_1/UAV Data/traj01/961@87082@112.815154@28.295002.png,/Users/harishprabhu/Documents/drone-localisation/data/raw/satloc/part_1/UAV Data/traj01/961@87082@112.815154@28.295002.png,,,False,False,False,False,False,False,False,False,True,True,False,False,False,False,near_miss_multitile,35.0
966,mixed_urban_natural,center,False,1235.1830594214673,57.529091009819886,57,True,False,1235.1830594214673,57.529091009819886,57,True,False,978.2062287957976,167.62819213239794,90,False,False,,center,57.529091009819886,57,4541,near_pool_miss_40_100m,,,,,,,,,,,,,8065,1235.1830594214673,1,/Users/harishprabhu/Documents/drone-localisation/data/raw/satloc/part_1/Satellite Data/sat_image_ref/08065.jpg,4541,57.529091009819886,57,/Users/harishprabhu/Documents/drone-localisation/data/raw/satloc/part_1/Satellite Data/sat_image_ref/04541.jpg,5320,978.2062287957976,1,/Users/harishprabhu/Documents/drone-localisation/data/raw/satloc/part_1/Satellite Data/sat_image_ref/05320.jpg,4413,167.62819213239794,90,/Users/harishprabhu/Documents/drone-localisation/data/raw/satloc/part_1/Satellite Data/sat_image_ref/04413.jpg,/Users/harishprabhu/Documents/drone-localisation/data/raw/satloc/part_1/UAV Data/traj01/966@92086@112.815162@28.294459.png,/Users/harishprabhu/Documents/drone-localisation/data/raw/satloc/part_1/UAV Data/traj01/966@92086@112.815162@28.294459.png,,,False,False,False,False,False,False,False,False,True,True,False,False,False,False,near_miss_multitile,35.0
1011,mixed_urban_natural,center,False,1091.4511758239612,43.846290874865694,84,True,False,1091.4511758239612,43.846290874865694,84,True,False,1062.8367182989675,43.846290874865694,12,False,False,,center,43.846290874865694,84,4797,near_pool_miss_40_100m,,,,,,,,,,,,,2520,1091.4511758239612,1,/Users/harishprabhu/Documents/drone-localisation/data/raw/satloc/part_1/Satellite Data/sat_image_ref/02520.jpg,4797,43.846290874865694,84,/Users/harishprabhu/Documents/drone-localisation/data/raw/satloc/part_1/Satellite Data/sat_image_ref/04797.jpg,2521,1062.8367182989675,1,/Users/harishprabhu/Documents/drone-localisation/data/raw/satloc/part_1/Satellite Data/sat_image_ref/02521.jpg,4797,43.846290874865694,12,/Users/harishprabhu/Documents/drone-localisation/data/raw/satloc/part_1/Satellite Data/sat_image_ref/04797.jpg,/Users/harishprabhu/Documents/drone-localisation/data/raw/satloc/part_1/UAV Data/traj01/1011@137129@112.816340@28.294159.png,/Users/harishprabhu/Documents/drone-localisation/data/raw/satloc/part_1/UAV Data/traj01/1011@137129@112.816340@28.294159.png,,,False,False,False,False,False,False,False,False,True,True,False,False,False,False,near_miss_multitile,35.0
1016,mixed_urban_natural,center,False,1060.0761192312052,178.6779585783886,54,True,False,1060.0761192312052,178.6779585783886,54,True,False,1030.6142564722131,54.11150023902263,41,False,False,,resize,54.11150023902263,41,4672,near_pool_miss_40_100m,,,,,,,,,,,,,2520,1060.0761192312052,1,/Users/harishprabhu/Documents/drone-localisation/data/raw/satloc/part_1/Satellite Data/sat_image_ref/02520.jpg,3920,178.6779585783886,54,/Users/harishprabhu/Documents/drone-localisation/data/raw/satloc/part_1/Satellite Data/sat_image_ref/03920.jpg,2521,1030.6142564722131,1,/Users/harishprabhu/Documents/drone-localisation/data/raw/satloc/part_1/Satellite Data/sat_image_ref/02521.jpg,4672,54.11150023902263,41,/Users/harishprabhu/Documents/drone-localisation/data/raw/satloc/part_1/Satellite Data/sat_image_ref/04672.jpg,/Users/harishprabhu/Documents/drone-localisation/data/raw/satloc/part_1/UAV Data/traj01/1016@142134@112.816333@28.294665.png,/Users/harishprabhu/Documents/drone-localisation/data/raw/satloc/part_1/UAV Data/traj01/1016@142134@112.816333@28.294665.png,,,False,False,False,False,False,False,False,False,True,True,False,False,False,False,near_miss_multitile,35.0
1026,mixed_urban_natural,center,False,1168.445475932448,72.86613641966358,46,True,False,1168.445475932448,72.86613641966358,46,True,False,290.1400303504972,41.992244833266525,80,False,False,,resize,41.992244833266525,80,4045,near_pool_miss_40_100m,,,,,,,,,,,,,7906,1168.445475932448,1,/Users/harishprabhu/Documents/drone-localisation/data/raw/satloc/part_1/Satellite Data/sat_image_ref/07906.jpg,3920,72.86613641966358,46,/Users/harishprabhu/Documents/drone-localisation/data/raw/satloc/part_1/Satellite Data/sat_image_ref/03920.jpg,4538,290.1400303504972,1,/Users/harishprabhu/Documents/drone-localisation/data/raw/satloc/part_1/Satellite Data/sat_image_ref/04538.jpg,4045,41.992244833266525,80,/Users/harishprabhu/Documents/drone-localisation/data/raw/satloc/part_1/Satellite Data/sat_image_ref/04045.jpg,/Users/harishprabhu/Documents/drone-localisation/data/raw/satloc/part_1/UAV Data/traj01/1026@152143@112.816320@28.295640.png,/Users/harishprabhu/Documents/drone-localisation/data/raw/satloc/part_1/UAV Data/traj01/1026@152143@112.816320@28.295640.png,,,False,False,False,False,False,False,False,False,True,True,False,False,False,False,near_miss_multitile,35.0
