token,variant,status,satellite_candidates,runtime_s,uav_image_path,uav_lon,uav_lat,top1_tile_id,top1_error_m,top1_hit_le_threshold,oracle_topk_error_m,oracle_topk_hit_le_threshold,first_correct_rank,best_correct_error_m
1,v3_green_suppressed,ok,8625,0.3516221046447754,data/raw/satloc/part_1/UAV Data/traj01/1@0@112.816130@28.297316.png,112.81613,28.297316,03545,15.072437260721763,True,15.072437260721763,True,1,15.072437260721763
1,v5_edge_magnitude,ok,8625,0.11667132377624512,data/raw/satloc/part_1/UAV Data/traj01/1@0@112.816130@28.297316.png,112.81613,28.297316,03545,15.072437260721763,True,15.072437260721763,True,1,15.072437260721763
1,v8_lab_logchroma_fused,ok,8625,0.14570999145507812,data/raw/satloc/part_1/UAV Data/traj01/1@0@112.816130@28.297316.png,112.81613,28.297316,03545,15.072437260721763,True,15.072437260721763,True,1,15.072437260721763
1,v9_canny_structure,ok,8625,0.10798406600952148,data/raw/satloc/part_1/UAV Data/traj01/1@0@112.816130@28.297316.png,112.81613,28.297316,00024,1215.5846800731242,False,15.072437260721763,True,10,15.072437260721763
6,v3_green_suppressed,ok,8625,0.1260361671447754,data/raw/satloc/part_1/UAV Data/traj01/6@5004@112.816123@28.297415.png,112.816123,28.297415,03545,25.173257925336667,True,12.262600285628166,True,1,12.262600285628166
6,v5_edge_magnitude,ok,8625,0.10434699058532715,data/raw/satloc/part_1/UAV Data/traj01/6@5004@112.816123@28.297415.png,112.816123,28.297415,03545,25.173257925336667,True,25.173257925336667,True,1,12.262600285628166
6,v8_lab_logchroma_fused,ok,8625,0.11355805397033691,data/raw/satloc/part_1/UAV Data/traj01/6@5004@112.816123@28.297415.png,112.816123,28.297415,03545,25.173257925336667,True,25.173257925336667,True,1,12.262600285628166
6,v9_canny_structure,ok,8625,0.10107016563415527,data/raw/satloc/part_1/UAV Data/traj01/6@5004@112.816123@28.297415.png,112.816123,28.297415,00779,933.974382494438,False,25.173257925336667,True,12,12.262600285628166
11,v3_green_suppressed,ok,8625,0.12743401527404785,data/raw/satloc/part_1/UAV Data/traj01/11@10009@112.816112@28.297802.png,112.816112,28.297802,05187,786.0766109262555,False,32.90649485062182,True,25,5.73108410987509
11,v5_edge_magnitude,ok,8625,0.16526317596435547,data/raw/satloc/part_1/UAV Data/traj01/11@10009@112.816112@28.297802.png,112.816112,28.297802,04507,1376.2452089584413,False,78.4398031686764,False,78,5.73108410987509
11,v8_lab_logchroma_fused,ok,8625,0.13472795486450195,data/raw/satloc/part_1/UAV Data/traj01/11@10009@112.816112@28.297802.png,112.816112,28.297802,05187,786.0766109262555,False,32.90649485062182,True,13,5.73108410987509
11,v9_canny_structure,ok,8625,0.10331106185913086,data/raw/satloc/part_1/UAV Data/traj01/11@10009@112.816112@28.297802.png,112.816112,28.297802,00779,899.4034582351185,False,100.85553614117926,False,62,5.73108410987509
16,v3_green_suppressed,ok,8625,0.10650515556335449,data/raw/satloc/part_1/UAV Data/traj01/16@15014@112.816116@28.298266.png,112.816116,28.298266,05062,796.9439481997352,False,112.94767658882404,False,701,15.30738192676323
16,v5_edge_magnitude,ok,8625,0.10439205169677734,data/raw/satloc/part_1/UAV Data/traj01/16@15014@112.816116@28.298266.png,112.816116,28.298266,05962,1657.0987333780097,False,140.88616473216425,False,570,15.30738192676323
16,v8_lab_logchroma_fused,ok,8625,0.11783385276794434,data/raw/satloc/part_1/UAV Data/traj01/16@15014@112.816116@28.298266.png,112.816116,28.298266,04786,566.9809404968285,False,112.94767658882404,False,410,15.30738192676323
16,v9_canny_structure,ok,8625,0.12911105155944824,data/raw/satloc/part_1/UAV Data/traj01/16@15014@112.816116@28.298266.png,112.816116,28.298266,00779,860.0670907998533,False,189.3758043673776,False,288,15.30738192676323
21,v3_green_suppressed,ok,8625,0.10841703414916992,data/raw/satloc/part_1/UAV Data/traj01/21@20018@112.816154@28.298764.png,112.816154,28.298764,05187,857.9458375932353,False,191.49474629961097,False,1289,9.307541358150512
21,v5_edge_magnitude,ok,8625,0.10553503036499023,data/raw/satloc/part_1/UAV Data/traj01/21@20018@112.816154@28.298764.png,112.816154,28.298764,01834,1388.2935039381573,False,191.49474629961097,False,1517,9.307541358150512
21,v8_lab_logchroma_fused,ok,8625,0.1608572006225586,data/raw/satloc/part_1/UAV Data/traj01/21@20018@112.816154@28.298764.png,112.816154,28.298764,03794,248.18868936607458,False,191.49474629961097,False,401,9.307541358150512
21,v9_canny_structure,ok,8625,0.20479679107666016,data/raw/satloc/part_1/UAV Data/traj01/21@20018@112.816154@28.298764.png,112.816154,28.298764,00654,847.2201322914553,False,191.49474629961097,False,933,9.307541358150512
26,v3_green_suppressed,ok,8625,0.14951515197753906,data/raw/satloc/part_1/UAV Data/traj01/26@25023@112.816233@28.299291.png,112.816233,28.299291,02925,167.98952555187336,False,57.766020465971025,False,75,20.526886969408306
26,v5_edge_magnitude,ok,8625,0.12610292434692383,data/raw/satloc/part_1/UAV Data/traj01/26@25023@112.816233@28.299291.png,112.816233,28.299291,05243,2623.0686236314627,False,69.63083649342863,False,51,20.526886969408306
26,v8_lab_logchroma_fused,ok,8625,0.3142571449279785,data/raw/satloc/part_1/UAV Data/traj01/26@25023@112.816233@28.299291.png,112.816233,28.299291,02798,90.78011993050184,False,20.526886969408306,True,3,20.526886969408306
26,v9_canny_structure,ok,8625,0.17365002632141113,data/raw/satloc/part_1/UAV Data/traj01/26@25023@112.816233@28.299291.png,112.816233,28.299291,01639,1137.074885383116,False,21.222233130034205,True,31,20.526886969408306
31,v3_green_suppressed,ok,8625,0.1253960132598877,data/raw/satloc/part_1/UAV Data/traj01/31@30028@112.816340@28.299790.png,112.81634,28.29979,02674,120.46654044637393,False,11.743486859912798,True,2,11.743486859912798
31,v5_edge_magnitude,ok,8625,0.1044619083404541,data/raw/satloc/part_1/UAV Data/traj01/31@30028@112.816340@28.299790.png,112.81634,28.29979,02419,67.54577009078642,False,11.743486859912798,True,2,11.743486859912798
31,v8_lab_logchroma_fused,ok,8625,0.28235578536987305,data/raw/satloc/part_1/UAV Data/traj01/31@30028@112.816340@28.299790.png,112.81634,28.29979,02546,11.743486859912798,True,11.743486859912798,True,1,11.743486859912798
31,v9_canny_structure,ok,8625,0.10202193260192871,data/raw/satloc/part_1/UAV Data/traj01/31@30028@112.816340@28.299790.png,112.81634,28.29979,02419,67.54577009078642,False,11.743486859912798,True,6,11.743486859912798
36,v3_green_suppressed,ok,8625,0.15168499946594238,data/raw/satloc/part_1/UAV Data/traj01/36@35033@112.816364@28.300320.png,112.816364,28.30032,02422,51.909479338488076,False,5.3505473202788245,True,3,5.3505473202788245
36,v5_edge_magnitude,ok,8625,0.14126896858215332,data/raw/satloc/part_1/UAV Data/traj01/36@35033@112.816364@28.300320.png,112.816364,28.30032,02422,51.909479338488076,False,5.3505473202788245,True,2,5.3505473202788245
36,v8_lab_logchroma_fused,ok,8625,0.1255640983581543,data/raw/satloc/part_1/UAV Data/traj01/36@35033@112.816364@28.300320.png,112.816364,28.30032,02422,51.909479338488076,False,5.3505473202788245,True,4,5.3505473202788245
36,v9_canny_structure,ok,8625,0.12391114234924316,data/raw/satloc/part_1/UAV Data/traj01/36@35033@112.816364@28.300320.png,112.816364,28.30032,02422,51.909479338488076,False,5.3505473202788245,True,3,5.3505473202788245
40,v3_green_suppressed,ok,8625,0.11527180671691895,data/raw/satloc/part_1/UAV Data/traj01/40@39036@112.816366@28.300753.png,112.816366,28.300753,02297,61.07991040825948,False,12.433470076196253,True,9,12.433470076196253
40,v5_edge_magnitude,ok,8625,0.10429120063781738,data/raw/satloc/part_1/UAV Data/traj01/40@39036@112.816366@28.300753.png,112.816366,28.300753,02297,61.07991040825948,False,12.433470076196253,True,9,12.433470076196253
40,v8_lab_logchroma_fused,ok,8625,0.12105512619018555,data/raw/satloc/part_1/UAV Data/traj01/40@39036@112.816366@28.300753.png,112.816366,28.300753,05121,2746.7800821316087,False,12.433470076196253,True,10,12.433470076196253
40,v9_canny_structure,ok,8625,0.10605788230895996,data/raw/satloc/part_1/UAV Data/traj01/40@39036@112.816366@28.300753.png,112.816366,28.300753,02297,61.07991040825948,False,12.433470076196253,True,21,12.433470076196253
41,v3_green_suppressed,ok,8625,0.11641407012939453,data/raw/satloc/part_1/UAV Data/traj01/41@40037@112.816367@28.300861.png,112.816367,28.300861,00363,2396.503341036608,False,23.93413529514438,True,12,12.406561766823499
41,v5_edge_magnitude,ok,8625,0.10882091522216797,data/raw/satloc/part_1/UAV Data/traj01/41@40037@112.816367@28.300861.png,112.816367,28.300861,05123,2816.9439391025594,False,23.93413529514438,True,4,12.406561766823499
41,v8_lab_logchroma_fused,ok,8625,0.11170196533203125,data/raw/satloc/part_1/UAV Data/traj01/41@40037@112.816367@28.300861.png,112.816367,28.300861,05122,2783.587995996202,False,23.93413529514438,True,4,12.406561766823499
41,v9_canny_structure,ok,8625,0.11519598960876465,data/raw/satloc/part_1/UAV Data/traj01/41@40037@112.816367@28.300861.png,112.816367,28.300861,02297,70.57505276496806,False,23.93413529514438,True,14,12.406561766823499
46,v3_green_suppressed,ok,8625,0.1387629508972168,data/raw/satloc/part_1/UAV Data/traj01/46@45042@112.816366@28.301430.png,112.816366,28.30143,00955,1220.3391122683208,False,17.573676838494016,True,5,17.573676838494016
46,v5_edge_magnitude,ok,8625,0.11706209182739258,data/raw/satloc/part_1/UAV Data/traj01/46@45042@112.816366@28.301430.png,112.816366,28.30143,04110,2320.892496688245,False,17.573676838494016,True,29,17.573676838494016
46,v8_lab_logchroma_fused,ok,8625,0.11956119537353516,data/raw/satloc/part_1/UAV Data/traj01/46@45042@112.816366@28.301430.png,112.816366,28.30143,04089,1625.0615446305549,False,17.573676838494016,True,19,17.573676838494016
46,v9_canny_structure,ok,8625,0.10307979583740234,data/raw/satloc/part_1/UAV Data/traj01/46@45042@112.816366@28.301430.png,112.816366,28.30143,01975,1890.075979194709,False,17.573676838494016,True,24,17.573676838494016
50,v3_green_suppressed,ok,8625,0.11569690704345703,data/raw/satloc/part_1/UAV Data/traj01/50@49046@112.816363@28.301883.png,112.816363,28.301883,01239,2383.259702865441,False,32.750780158481554,True,25,5.751434003205323
50,v5_edge_magnitude,ok,8625,0.1074838638305664,data/raw/satloc/part_1/UAV Data/traj01/50@49046@112.816363@28.301883.png,112.816363,28.301883,04110,2334.9254212183573,False,32.750780158481554,True,38,5.751434003205323
50,v8_lab_logchroma_fused,ok,8625,0.11888313293457031,data/raw/satloc/part_1/UAV Data/traj01/50@49046@112.816363@28.301883.png,112.816363,28.301883,03985,2325.2802744102473,False,602.3826248936285,False,102,5.751434003205323
50,v9_canny_structure,ok,8625,0.10086703300476074,data/raw/satloc/part_1/UAV Data/traj01/50@49046@112.816363@28.301883.png,112.816363,28.301883,02362,2315.619941588161,False,179.71194579958694,False,72,5.751434003205323
51,v3_green_suppressed,ok,8625,0.11584782600402832,data/raw/satloc/part_1/UAV Data/traj01/51@50047@112.816362@28.301997.png,112.816362,28.301997,01083,1307.291436324554,False,31.341520653742542,True,42,11.38113958136881
51,v5_edge_magnitude,ok,8625,0.10401105880737305,data/raw/satloc/part_1/UAV Data/traj01/51@50047@112.816362@28.301997.png,112.816362,28.301997,04110,2338.637479625763,False,214.93886993474965,False,238,11.38113958136881
51,v8_lab_logchroma_fused,ok,8625,0.11904406547546387,data/raw/satloc/part_1/UAV Data/traj01/51@50047@112.816362@28.301997.png,112.816362,28.301997,02612,2323.309947476642,False,609.6315199018866,False,73,11.38113958136881
51,v9_canny_structure,ok,8625,0.1099698543548584,data/raw/satloc/part_1/UAV Data/traj01/51@50047@112.816362@28.301997.png,112.816362,28.301997,02362,2316.692450795537,False,180.07492362515453,False,123,11.38113958136881
56,v3_green_suppressed,ok,8625,0.11684703826904297,data/raw/satloc/part_1/UAV Data/traj01/56@55051@112.816354@28.302561.png,112.816354,28.302561,05095,1994.6034259683747,False,38.374052136590706,True,11,6.7212378615347745
56,v5_edge_magnitude,ok,8625,0.10373401641845703,data/raw/satloc/part_1/UAV Data/traj01/56@55051@112.816354@28.302561.png,112.816354,28.302561,01083,1301.666508881869,False,38.374052136590706,True,26,6.7212378615347745
56,v8_lab_logchroma_fused,ok,8625,0.16167402267456055,data/raw/satloc/part_1/UAV Data/traj01/56@55051@112.816354@28.302561.png,112.816354,28.302561,00958,1304.8592135950698,False,38.374052136590706,True,8,6.7212378615347745
56,v9_canny_structure,ok,8625,0.13764309883117676,data/raw/satloc/part_1/UAV Data/traj01/56@55051@112.816354@28.302561.png,112.816354,28.302561,02112,2316.9035357501702,False,29.038630676503416,True,27,6.7212378615347745
58,v3_green_suppressed,ok,8625,0.11658811569213867,data/raw/satloc/part_1/UAV Data/traj01/58@57053@112.816352@28.302780.png,112.816352,28.30278,05095,2007.2781549603965,False,39.62460037553323,True,12,9.810517283471562
58,v5_edge_magnitude,ok,8625,0.11474084854125977,data/raw/satloc/part_1/UAV Data/traj01/58@57053@112.816352@28.302780.png,112.816352,28.30278,00458,1322.1075726099841,False,747.5725112001765,False,373,9.810517283471562
58,v8_lab_logchroma_fused,ok,8625,0.15334105491638184,data/raw/satloc/part_1/UAV Data/traj01/58@57053@112.816352@28.302780.png,112.816352,28.30278,00958,1302.7271121944514,False,68.5429576945674,False,247,9.810517283471562
58,v9_canny_structure,ok,8625,0.14019513130187988,data/raw/satloc/part_1/UAV Data/traj01/58@57053@112.816352@28.302780.png,112.816352,28.30278,00458,1322.1075726099841,False,178.70473732923912,False,61,9.810517283471562
60,v3_green_suppressed,ok,8625,0.1486220359802246,data/raw/satloc/part_1/UAV Data/traj01/60@59055@112.816350@28.302998.png,112.81635,28.302998,04970,2001.9312138964376,False,44.55530867620633,False,185,17.847210672763627
60,v5_edge_magnitude,ok,8625,0.10683012008666992,data/raw/satloc/part_1/UAV Data/traj01/60@59055@112.816350@28.302998.png,112.81635,28.302998,00458,1317.8933945287363,False,44.55530867620633,False,626,17.847210672763627
60,v8_lab_logchroma_fused,ok,8625,0.12326502799987793,data/raw/satloc/part_1/UAV Data/traj01/60@59055@112.816350@28.302998.png,112.81635,28.302998,01850,1897.9990254630313,False,91.06303381108609,False,817,17.847210672763627
60,v9_canny_structure,ok,8625,0.10975098609924316,data/raw/satloc/part_1/UAV Data/traj01/60@59055@112.816350@28.302998.png,112.81635,28.302998,04970,2001.9312138964376,False,33.00367442897657,True,13,17.847210672763627
61,v3_green_suppressed,ok,8625,0.11295890808105469,data/raw/satloc/part_1/UAV Data/traj01/61@60056@112.816349@28.303108.png,112.816349,28.303108,04970,2008.3302913377072,False,50.500385904747795,False,91,8.878354333765888
61,v5_edge_magnitude,ok,8625,0.10871410369873047,data/raw/satloc/part_1/UAV Data/traj01/61@60056@112.816349@28.303108.png,112.816349,28.303108,05344,2035.6615636955066,False,50.500385904747795,False,621,8.878354333765888
61,v8_lab_logchroma_fused,ok,8625,0.12158823013305664,data/raw/satloc/part_1/UAV Data/traj01/61@60056@112.816349@28.303108.png,112.816349,28.303108,05617,2766.812346947861,False,102.72447594949111,False,831,8.878354333765888
61,v9_canny_structure,ok,8625,0.10470819473266602,data/raw/satloc/part_1/UAV Data/traj01/61@60056@112.816349@28.303108.png,112.816349,28.303108,08491,3175.169071312193,False,40.50538248444492,False,174,8.878354333765888
66,v3_green_suppressed,ok,8625,0.1119227409362793,data/raw/satloc/part_1/UAV Data/traj01/66@65061@112.816345@28.303640.png,112.816345,28.30364,04845,2021.3329903035083,False,67.60587992390117,False,1108,18.08375291513422
66,v5_edge_magnitude,ok,8625,0.10561490058898926,data/raw/satloc/part_1/UAV Data/traj01/66@65061@112.816345@28.303640.png,112.816345,28.30364,02119,2572.5929989945985,False,229.42937681725,False,2002,18.08375291513422
66,v8_lab_logchroma_fused,ok,8625,0.11831402778625488,data/raw/satloc/part_1/UAV Data/traj01/66@65061@112.816345@28.303640.png,112.816345,28.30364,00708,1301.431543457043,False,229.42937681725,False,4254,18.08375291513422
66,v9_canny_structure,ok,8625,0.1018369197845459,data/raw/satloc/part_1/UAV Data/traj01/66@65061@112.816345@28.303640.png,112.816345,28.30364,05705,1772.553136365281,False,124.65412437272377,False,914,18.08375291513422
67,v3_green_suppressed,ok,8625,0.1111600399017334,data/raw/satloc/part_1/UAV Data/traj01/67@66062@112.816345@28.303746.png,112.816345,28.303746,05580,1755.523086855793,False,51.45856767862398,False,852,8.482836839216564
67,v5_edge_magnitude,ok,8625,0.10735678672790527,data/raw/satloc/part_1/UAV Data/traj01/67@66062@112.816345@28.303746.png,112.816345,28.303746,05867,2831.857738003952,False,247.62606107806602,False,1016,8.482836839216564
67,v8_lab_logchroma_fused,ok,8625,0.12228989601135254,data/raw/satloc/part_1/UAV Data/traj01/67@66062@112.816345@28.303746.png,112.816345,28.303746,00708,1300.700212939108,False,206.4901244022221,False,2513,8.482836839216564
67,v9_canny_structure,ok,8625,0.10333800315856934,data/raw/satloc/part_1/UAV Data/traj01/67@66062@112.816345@28.303746.png,112.816345,28.303746,04845,2027.5715313738926,False,51.45856767862398,False,345,8.482836839216564
71,v3_green_suppressed,ok,8625,0.12530088424682617,data/raw/satloc/part_1/UAV Data/traj01/71@70066@112.816345@28.304183.png,112.816345,28.304183,08616,3275.847867666548,False,60.457906715407994,False,263,11.14459054971955
71,v5_edge_magnitude,ok,8625,0.1049649715423584,data/raw/satloc/part_1/UAV Data/traj01/71@70066@112.816345@28.304183.png,112.816345,28.304183,02969,1787.1635375676985,False,133.88670830304892,False,482,11.14459054971955
71,v8_lab_logchroma_fused,ok,8625,0.12155485153198242,data/raw/satloc/part_1/UAV Data/traj01/71@70066@112.816345@28.304183.png,112.816345,28.304183,02969,1787.1635375676985,False,567.1383541365813,False,909,11.14459054971955
71,v9_canny_structure,ok,8625,0.10369682312011719,data/raw/satloc/part_1/UAV Data/traj01/71@70066@112.816345@28.304183.png,112.816345,28.304183,04454,1544.7968294820837,False,133.88670830304892,False,129,11.14459054971955
74,v3_green_suppressed,ok,8625,0.11464595794677734,data/raw/satloc/part_1/UAV Data/traj01/74@73068@112.816343@28.304490.png,112.816343,28.30449,03188,927.1417150945961,False,153.49946021266172,False,239,10.671716536756255
74,v5_edge_magnitude,ok,8625,0.10929203033447266,data/raw/satloc/part_1/UAV Data/traj01/74@73068@112.816343@28.304490.png,112.816343,28.30449,00708,1298.765472026796,False,328.2764408317118,False,346,10.671716536756255
74,v8_lab_logchroma_fused,ok,8625,0.11521673202514648,data/raw/satloc/part_1/UAV Data/traj01/74@73068@112.816343@28.304490.png,112.816343,28.30449,00708,1298.765472026796,False,927.1417150945961,False,697,10.671716536756255
74,v9_canny_structure,ok,8625,0.126115083694458,data/raw/satloc/part_1/UAV Data/traj01/74@73068@112.816343@28.304490.png,112.816343,28.30449,00708,1298.765472026796,False,134.61025389191167,False,54,10.671716536756255
76,v3_green_suppressed,ok,8625,0.11858987808227539,data/raw/satloc/part_1/UAV Data/traj01/76@75070@112.816344@28.304684.png,112.816344,28.304684,00708,1298.9778352303485,False,310.7419582758434,False,165,8.83150055546767
76,v5_edge_magnitude,ok,8625,0.11031198501586914,data/raw/satloc/part_1/UAV Data/traj01/76@75070@112.816344@28.304684.png,112.816344,28.304684,00708,1298.9778352303485,False,916.9496863847338,False,299,8.83150055546767
76,v8_lab_logchroma_fused,ok,8625,0.11543512344360352,data/raw/satloc/part_1/UAV Data/traj01/76@75070@112.816344@28.304684.png,112.816344,28.304684,01969,1724.7603388045327,False,916.9496863847338,False,463,8.83150055546767
76,v9_canny_structure,ok,8625,0.1083991527557373,data/raw/satloc/part_1/UAV Data/traj01/76@75070@112.816344@28.304684.png,112.816344,28.304684,00708,1298.9778352303485,False,28.419672919990465,True,23,8.83150055546767
79,v3_green_suppressed,ok,8625,0.13278627395629883,data/raw/satloc/part_1/UAV Data/traj01/79@78073@112.816345@28.304912.png,112.816345,28.304912,01963,1527.523209778229,False,34.39601604526073,True,33,16.464222510263145
79,v5_edge_magnitude,ok,8625,0.13181090354919434,data/raw/satloc/part_1/UAV Data/traj01/79@78073@112.816345@28.304912.png,112.816345,28.304912,00583,1298.6943295305837,False,364.9500064718852,False,84,16.464222510263145
79,v8_lab_logchroma_fused,ok,8625,0.1463930606842041,data/raw/satloc/part_1/UAV Data/traj01/79@78073@112.816345@28.304912.png,112.816345,28.304912,03979,2248.280612090955,False,333.26555070029127,False,108,16.464222510263145
79,v9_canny_structure,ok,8625,0.11287379264831543,data/raw/satloc/part_1/UAV Data/traj01/79@78073@112.816345@28.304912.png,112.816345,28.304912,01230,2075.694047599547,False,34.39601604526073,True,7,16.464222510263145
81,v3_green_suppressed,ok,8625,0.12127900123596191,data/raw/satloc/part_1/UAV Data/traj01/81@80075@112.816324@28.304919.png,112.816324,28.304919,01963,1529.711776583763,False,33.224451813680055,True,48,16.763951041708967
81,v5_edge_magnitude,ok,8625,0.1174159049987793,data/raw/satloc/part_1/UAV Data/traj01/81@80075@112.816324@28.304919.png,112.816324,28.304919,03360,2377.9091337034247,False,366.4917735618496,False,97,16.763951041708967
81,v8_lab_logchroma_fused,ok,8625,0.14621496200561523,data/raw/satloc/part_1/UAV Data/traj01/81@80075@112.816324@28.304919.png,112.816324,28.304919,03979,2250.4718113116037,False,334.8720356002303,False,120,16.763951041708967
81,v9_canny_structure,ok,8625,0.11571693420410156,data/raw/satloc/part_1/UAV Data/traj01/81@80075@112.816324@28.304919.png,112.816324,28.304919,05469,2179.371724609894,False,33.224451813680055,True,10,16.763951041708967
86,v3_green_suppressed,ok,8625,0.11594915390014648,data/raw/satloc/part_1/UAV Data/traj01/86@85080@112.815922@28.304917.png,112.815922,28.304917,01070,900.5044479268593,False,305.98100344093547,False,1199,19.668600279272905
86,v5_edge_magnitude,ok,8625,0.12068772315979004,data/raw/satloc/part_1/UAV Data/traj01/86@85080@112.815922@28.304917.png,112.815922,28.304917,03955,1566.4884613005079,False,353.90878423764065,False,524,19.668600279272905
86,v8_lab_logchroma_fused,ok,8625,0.12805700302124023,data/raw/satloc/part_1/UAV Data/traj01/86@85080@112.815922@28.304917.png,112.815922,28.304917,03853,2239.695370554515,False,383.94384435928123,False,705,19.668600279272905
86,v9_canny_structure,ok,8625,0.13086175918579102,data/raw/satloc/part_1/UAV Data/traj01/86@85080@112.815922@28.304917.png,112.815922,28.304917,01079,1210.9667171832934,False,353.90878423764065,False,58,19.668600279272905
90,v3_green_suppressed,ok,8625,0.15206193923950195,data/raw/satloc/part_1/UAV Data/traj01/90@89084@112.815448@28.304921.png,112.815448,28.304921,01549,360.51618277749424,False,348.36176749810335,False,2869,17.163248249598112
90,v5_edge_magnitude,ok,8625,0.16527199745178223,data/raw/satloc/part_1/UAV Data/traj01/90@89084@112.815448@28.304921.png,112.815448,28.304921,00582,1351.6108162770745,False,360.51618277749424,False,1397,17.163248249598112
90,v8_lab_logchroma_fused,ok,8625,0.16816377639770508,data/raw/satloc/part_1/UAV Data/traj01/90@89084@112.815448@28.304921.png,112.815448,28.304921,00582,1351.6108162770745,False,360.51618277749424,False,1785,17.163248249598112
90,v9_canny_structure,ok,8625,0.1338210105895996,data/raw/satloc/part_1/UAV Data/traj01/90@89084@112.815448@28.304921.png,112.815448,28.304921,04616,2782.0336149427962,False,451.5142960176982,False,56,17.163248249598112
91,v3_green_suppressed,ok,8625,0.12938499450683594,data/raw/satloc/part_1/UAV Data/traj01/91@90084@112.815325@28.304921.png,112.815325,28.304921,01549,367.31520376658756,False,108.80411409481648,False,2534,14.093235429432532
91,v5_edge_magnitude,ok,8625,0.1163797378540039,data/raw/satloc/part_1/UAV Data/traj01/91@90084@112.815325@28.304921.png,112.815325,28.304921,04616,2793.025989699136,False,107.6703927176341,False,1146,14.093235429432532
91,v8_lab_logchroma_fused,ok,8625,0.1442718505859375,data/raw/satloc/part_1/UAV Data/traj01/91@90084@112.815325@28.304921.png,112.815325,28.304921,00582,1363.6511006376036,False,348.38612175101264,False,1091,14.093235429432532
91,v9_canny_structure,ok,8625,0.10324621200561523,data/raw/satloc/part_1/UAV Data/traj01/91@90084@112.815325@28.304921.png,112.815325,28.304921,04616,2793.025989699136,False,21.07148376712067,True,11,14.093235429432532
96,v3_green_suppressed,ok,8625,0.12718701362609863,data/raw/satloc/part_1/UAV Data/traj01/96@95089@112.814710@28.304918.png,112.81471,28.304918,01467,1792.5139224115892,False,168.24301261480844,False,519,16.16286746158852
96,v5_edge_magnitude,ok,8625,0.10793113708496094,data/raw/satloc/part_1/UAV Data/traj01/96@95089@112.814710@28.304918.png,112.81471,28.304918,01467,1792.5139224115892,False,237.22015465843538,False,126,16.16286746158852
96,v8_lab_logchroma_fused,ok,8625,0.14790821075439453,data/raw/satloc/part_1/UAV Data/traj01/96@95089@112.814710@28.304918.png,112.81471,28.304918,01467,1792.5139224115892,False,382.1803071303502,False,278,16.16286746158852
96,v9_canny_structure,ok,8625,0.12121081352233887,data/raw/satloc/part_1/UAV Data/traj01/96@95089@112.814710@28.304918.png,112.81471,28.304918,04577,1689.8586313449596,False,34.25253789465175,True,18,16.16286746158852
100,v3_green_suppressed,ok,8625,0.12346816062927246,data/raw/satloc/part_1/UAV Data/traj01/100@99093@112.814213@28.304910.png,112.814213,28.30491,00116,2661.949973053717,False,45.58389044898862,False,149,16.376935752942018
100,v5_edge_magnitude,ok,8625,0.1228642463684082,data/raw/satloc/part_1/UAV Data/traj01/100@99093@112.814213@28.304910.png,112.814213,28.30491,00116,2661.949973053717,False,45.58389044898862,False,135,16.376935752942018
100,v8_lab_logchroma_fused,ok,8625,0.12801098823547363,data/raw/satloc/part_1/UAV Data/traj01/100@99093@112.814213@28.304910.png,112.814213,28.30491,00116,2661.949973053717,False,45.58389044898862,False,90,16.376935752942018
100,v9_canny_structure,ok,8625,0.11708211898803711,data/raw/satloc/part_1/UAV Data/traj01/100@99093@112.814213@28.304910.png,112.814213,28.30491,00541,45.58389044898862,False,45.58389044898862,False,4220,16.376935752942018
101,v3_green_suppressed,ok,8625,0.12199211120605469,data/raw/satloc/part_1/UAV Data/traj01/101@100094@112.814089@28.304909.png,112.814089,28.304909,00116,2674.082255606318,False,26.85274048842789,True,33,22.558079742913055
101,v5_edge_magnitude,ok,8625,0.11159205436706543,data/raw/satloc/part_1/UAV Data/traj01/101@100094@112.814089@28.304909.png,112.814089,28.304909,00116,2674.082255606318,False,131.30443451740496,False,58,22.558079742913055
101,v8_lab_logchroma_fused,ok,8625,0.13299894332885742,data/raw/satloc/part_1/UAV Data/traj01/101@100094@112.814089@28.304909.png,112.814089,28.304909,00116,2674.082255606318,False,26.85274048842789,True,29,22.558079742913055
101,v9_canny_structure,ok,8625,0.11139106750488281,data/raw/satloc/part_1/UAV Data/traj01/101@100094@112.814089@28.304909.png,112.814089,28.304909,06576,2121.648571771517,False,56.730539049404946,False,3291,22.558079742913055
106,v3_green_suppressed,ok,8625,0.12264299392700195,data/raw/satloc/part_1/UAV Data/traj01/106@105099@112.813473@28.304900.png,112.813473,28.3049,01962,1765.9121274780337,False,454.254427564752,False,265,18.507619631773593
106,v5_edge_magnitude,ok,8625,0.11497807502746582,data/raw/satloc/part_1/UAV Data/traj01/106@105099@112.813473@28.304900.png,112.813473,28.3049,03062,1109.4584841616975,False,909.9287441207988,False,81,18.507619631773593
106,v8_lab_logchroma_fused,ok,8625,0.15230417251586914,data/raw/satloc/part_1/UAV Data/traj01/106@105099@112.813473@28.304900.png,112.813473,28.3049,01194,1107.9708155629164,False,1025.8860158706295,False,268,18.507619631773593
106,v9_canny_structure,ok,8625,0.11926794052124023,data/raw/satloc/part_1/UAV Data/traj01/106@105099@112.813473@28.304900.png,112.813473,28.3049,08537,2253.5520244329336,False,555.4781891432476,False,1318,18.507619631773593
107,v3_green_suppressed,ok,8625,0.13095712661743164,data/raw/satloc/part_1/UAV Data/traj01/107@106100@112.813351@28.304899.png,112.813351,28.304899,01962,1777.5182830542774,False,464.5667864772691,False,222,21.662730808215674
107,v5_edge_magnitude,ok,8625,0.11328411102294922,data/raw/satloc/part_1/UAV Data/traj01/107@106100@112.813351@28.304899.png,112.813351,28.304899,02087,1785.753995219273,False,23.320008385820547,True,42,21.662730808215674
107,v8_lab_logchroma_fused,ok,8625,0.13006210327148438,data/raw/satloc/part_1/UAV Data/traj01/107@106100@112.813351@28.304899.png,112.813351,28.304899,04922,1285.0804575084564,False,1017.996197906552,False,268,21.662730808215674
107,v9_canny_structure,ok,8625,0.11744403839111328,data/raw/satloc/part_1/UAV Data/traj01/107@106100@112.813351@28.304899.png,112.813351,28.304899,01268,714.7914201448798,False,544.6653813261108,False,554,21.662730808215674
111,v3_green_suppressed,ok,8625,0.13227105140686035,data/raw/satloc/part_1/UAV Data/traj01/111@110103@112.812866@28.304894.png,112.812866,28.304894,05195,1766.658474236281,False,975.1836123964956,False,112,17.022052339170763
111,v5_edge_magnitude,ok,8625,0.11778593063354492,data/raw/satloc/part_1/UAV Data/traj01/111@110103@112.812866@28.304894.png,112.812866,28.304894,05195,1766.658474236281,False,37.855949002529584,True,8,17.022052339170763
111,v8_lab_logchroma_fused,ok,8625,0.12769818305969238,data/raw/satloc/part_1/UAV Data/traj01/111@110103@112.812866@28.304894.png,112.812866,28.304894,05195,1766.658474236281,False,890.6430800949581,False,193,17.022052339170763
111,v9_canny_structure,ok,8625,0.11532711982727051,data/raw/satloc/part_1/UAV Data/traj01/111@110103@112.812866@28.304894.png,112.812866,28.304894,03030,746.7777339128907,False,526.7775179959453,False,66,17.022052339170763
116,v3_green_suppressed,ok,8625,0.11594295501708984,data/raw/satloc/part_1/UAV Data/traj01/116@115108@112.812263@28.304887.png,112.812263,28.304887,03004,1278.646697896388,False,652.2420933751201,False,2796,21.182702742292456
116,v5_edge_magnitude,ok,8625,0.11787700653076172,data/raw/satloc/part_1/UAV Data/traj01/116@115108@112.812263@28.304887.png,112.812263,28.304887,02754,1240.9126811036401,False,1031.4202012377796,False,3630,21.182702742292456
116,v8_lab_logchroma_fused,ok,8625,0.12412405014038086,data/raw/satloc/part_1/UAV Data/traj01/116@115108@112.812263@28.304887.png,112.812263,28.304887,04913,1245.84576142452,False,964.6119119195262,False,2569,21.182702742292456
116,v9_canny_structure,ok,8625,0.10848593711853027,data/raw/satloc/part_1/UAV Data/traj01/116@115108@112.812263@28.304887.png,112.812263,28.304887,07496,3592.356977827761,False,169.06801745953894,False,1628,21.182702742292456
117,v3_green_suppressed,ok,8625,0.12032723426818848,data/raw/satloc/part_1/UAV Data/traj01/117@116109@112.812141@28.304886.png,112.812141,28.304886,02753,1260.5240215842623,False,640.4915645124073,False,2940,17.08645835660041
117,v5_edge_magnitude,ok,8625,0.1129910945892334,data/raw/satloc/part_1/UAV Data/traj01/117@116109@112.812141@28.304886.png,112.812141,28.304886,02753,1260.5240215842623,False,1032.0434071512996,False,3662,17.08645835660041
117,v8_lab_logchroma_fused,ok,8625,0.1223301887512207,data/raw/satloc/part_1/UAV Data/traj01/117@116109@112.812141@28.304886.png,112.812141,28.304886,04913,1247.0120373767772,False,969.1742676474161,False,2758,17.08645835660041
117,v9_canny_structure,ok,8625,0.12293314933776855,data/raw/satloc/part_1/UAV Data/traj01/117@116109@112.812141@28.304886.png,112.812141,28.304886,07621,3621.2657400013327,False,160.9416935033749,False,1599,17.08645835660041
121,v3_green_suppressed,ok,8625,0.1120450496673584,data/raw/satloc/part_1/UAV Data/traj01/121@120113@112.811652@28.304885.png,112.811652,28.304885,08413,2224.6959757213613,False,1053.7118388854342,False,3107,21.096352359725277
121,v5_edge_magnitude,ok,8625,0.12967181205749512,data/raw/satloc/part_1/UAV Data/traj01/121@120113@112.811652@28.304885.png,112.811652,28.304885,04277,1082.5772785026777,False,915.3061283887215,False,3774,21.096352359725277
121,v8_lab_logchroma_fused,ok,8625,0.12658190727233887,data/raw/satloc/part_1/UAV Data/traj01/121@120113@112.811652@28.304885.png,112.811652,28.304885,05038,1287.6875838131468,False,960.5969111027601,False,2937,21.096352359725277
121,v9_canny_structure,ok,8625,0.10734796524047852,data/raw/satloc/part_1/UAV Data/traj01/121@120113@112.811652@28.304885.png,112.811652,28.304885,05037,1283.0803656622265,False,105.79283422870641,False,1589,21.096352359725277
126,v3_green_suppressed,ok,8625,0.11333823204040527,data/raw/satloc/part_1/UAV Data/traj01/126@125118@112.811037@28.304880.png,112.811037,28.30488,08412,2226.4131381400352,False,114.96894393132322,False,140,16.672207552144627
126,v5_edge_magnitude,ok,8625,0.11967325210571289,data/raw/satloc/part_1/UAV Data/traj01/126@125118@112.811037@28.304880.png,112.811037,28.30488,05037,1291.0577527852804,False,69.40651608797349,False,51,16.672207552144627
126,v8_lab_logchroma_fused,ok,8625,0.12932109832763672,data/raw/satloc/part_1/UAV Data/traj01/126@125118@112.811037@28.304880.png,112.811037,28.30488,05162,1325.5126880668324,False,238.34101607711753,False,114,16.672207552144627
126,v9_canny_structure,ok,8625,0.10589909553527832,data/raw/satloc/part_1/UAV Data/traj01/126@125118@112.811037@28.304880.png,112.811037,28.30488,05162,1325.5126880668324,False,35.95107135992416,True,46,16.672207552144627
129,v3_green_suppressed,ok,8625,0.11712312698364258,data/raw/satloc/part_1/UAV Data/traj01/129@128120@112.810670@28.304878.png,112.81067,28.304878,00277,114.1707940176092,False,34.942808561132146,True,7,16.66488872621587
129,v5_edge_magnitude,ok,8625,0.10688281059265137,data/raw/satloc/part_1/UAV Data/traj01/129@128120@112.810670@28.304878.png,112.81067,28.304878,05162,1331.5239171865264,False,34.942808561132146,True,4,16.66488872621587
129,v8_lab_logchroma_fused,ok,8625,0.12115979194641113,data/raw/satloc/part_1/UAV Data/traj01/129@128120@112.810670@28.304878.png,112.81067,28.304878,05162,1331.5239171865264,False,114.1707940176092,False,53,16.66488872621587
129,v9_canny_structure,ok,8625,0.1064291000366211,data/raw/satloc/part_1/UAV Data/traj01/129@128120@112.810670@28.304878.png,112.81067,28.304878,00025,210.59936057798143,False,34.942808561132146,True,19,16.66488872621587
131,v3_green_suppressed,ok,8625,0.11190414428710938,data/raw/satloc/part_1/UAV Data/traj01/131@130122@112.810432@28.304876.png,112.810432,28.304876,00780,90.02678661403877,False,17.713301616081825,True,6,17.713301616081825
131,v5_edge_magnitude,ok,8625,0.1083228588104248,data/raw/satloc/part_1/UAV Data/traj01/131@130122@112.810432@28.304876.png,112.810432,28.304876,00780,90.02678661403877,False,17.713301616081825,True,4,17.713301616081825
131,v8_lab_logchroma_fused,ok,8625,0.12201809883117676,data/raw/satloc/part_1/UAV Data/traj01/131@130122@112.810432@28.304876.png,112.810432,28.304876,08537,2267.06409935163,False,17.713301616081825,True,35,17.713301616081825
131,v9_canny_structure,ok,8625,0.10689091682434082,data/raw/satloc/part_1/UAV Data/traj01/131@130122@112.810432@28.304876.png,112.810432,28.304876,00151,143.2295835879459,False,17.713301616081825,True,34,17.713301616081825
136,v3_green_suppressed,ok,8625,0.11257314682006836,data/raw/satloc/part_1/UAV Data/traj01/136@135127@112.809883@28.304873.png,112.809883,28.304873,00528,19.217471287595927,True,19.217471287595927,True,1,19.217471287595927
136,v5_edge_magnitude,ok,8625,0.10796737670898438,data/raw/satloc/part_1/UAV Data/traj01/136@135127@112.809883@28.304873.png,112.809883,28.304873,00402,30.581150928753193,True,19.217471287595927,True,1,19.217471287595927
136,v8_lab_logchroma_fused,ok,8625,0.1271510124206543,data/raw/satloc/part_1/UAV Data/traj01/136@135127@112.809883@28.304873.png,112.809883,28.304873,00402,30.581150928753193,True,19.217471287595927,True,1,19.217471287595927
136,v9_canny_structure,ok,8625,0.10769510269165039,data/raw/satloc/part_1/UAV Data/traj01/136@135127@112.809883@28.304873.png,112.809883,28.304873,00150,129.2070283890185,False,19.217471287595927,True,9,19.217471287595927
139,v3_green_suppressed,ok,8625,0.11472582817077637,data/raw/satloc/part_1/UAV Data/traj01/139@138130@112.809519@28.304871.png,112.809519,28.304871,01157,266.20264517644387,False,19.472323333436055,True,6,19.472323333436055
139,v5_edge_magnitude,ok,8625,0.10524201393127441,data/raw/satloc/part_1/UAV Data/traj01/139@138130@112.809519@28.304871.png,112.809519,28.304871,01157,266.20264517644387,False,19.472323333436055,True,7,19.472323333436055
139,v8_lab_logchroma_fused,ok,8625,0.12060117721557617,data/raw/satloc/part_1/UAV Data/traj01/139@138130@112.809519@28.304871.png,112.809519,28.304871,05535,1441.849765454766,False,19.472323333436055,True,4,19.472323333436055
139,v9_canny_structure,ok,8625,0.10515284538269043,data/raw/satloc/part_1/UAV Data/traj01/139@138130@112.809519@28.304871.png,112.809519,28.304871,00150,106.47244095173151,False,19.472323333436055,True,21,19.472323333436055
141,v3_green_suppressed,ok,8625,0.12600302696228027,data/raw/satloc/part_1/UAV Data/traj01/141@140132@112.809276@28.304870.png,112.809276,28.30487,00023,162.08906355937162,False,19.63179225203028,True,3,15.321801247105896
141,v5_edge_magnitude,ok,8625,0.12875914573669434,data/raw/satloc/part_1/UAV Data/traj01/141@140132@112.809276@28.304870.png,112.809276,28.30487,00023,162.08906355937162,False,19.63179225203028,True,5,15.321801247105896
141,v8_lab_logchroma_fused,ok,8625,0.12315177917480469,data/raw/satloc/part_1/UAV Data/traj01/141@140132@112.809276@28.304870.png,112.809276,28.30487,05535,1446.733633616054,False,15.321801247105896,True,5,15.321801247105896
141,v9_canny_structure,ok,8625,0.10524892807006836,data/raw/satloc/part_1/UAV Data/traj01/141@140132@112.809276@28.304870.png,112.809276,28.30487,00150,95.74190784460674,False,19.63179225203028,True,13,15.321801247105896
146,v3_green_suppressed,ok,8625,0.11266422271728516,data/raw/satloc/part_1/UAV Data/traj01/146@145136@112.808733@28.304868.png,112.808733,28.304868,00903,172.26869810260268,False,56.008549633801636,False,164,21.897364806965104
146,v5_edge_magnitude,ok,8625,0.10512518882751465,data/raw/satloc/part_1/UAV Data/traj01/146@145136@112.808733@28.304868.png,112.808733,28.304868,00903,172.26869810260268,False,56.008549633801636,False,56,21.897364806965104
146,v8_lab_logchroma_fused,ok,8625,0.1262047290802002,data/raw/satloc/part_1/UAV Data/traj01/146@145136@112.808733@28.304868.png,112.808733,28.304868,00903,172.26869810260268,False,56.008549633801636,False,71,21.897364806965104
146,v9_canny_structure,ok,8625,0.10902881622314453,data/raw/satloc/part_1/UAV Data/traj01/146@145136@112.808733@28.304868.png,112.808733,28.304868,00149,91.06978942669946,False,25.41012418520025,True,19,21.897364806965104
151,v3_green_suppressed,ok,8625,0.11513090133666992,data/raw/satloc/part_1/UAV Data/traj01/151@150141@112.808469@28.304738.png,112.808469,28.304738,05062,1835.2690791162358,False,120.10475055765951,False,1230,9.987435419996135
151,v5_edge_magnitude,ok,8625,0.11018013954162598,data/raw/satloc/part_1/UAV Data/traj01/151@150141@112.808469@28.304738.png,112.808469,28.304738,01155,280.7974935891327,False,120.10475055765951,False,861,9.987435419996135
151,v8_lab_logchroma_fused,ok,8625,0.12338709831237793,data/raw/satloc/part_1/UAV Data/traj01/151@150141@112.808469@28.304738.png,112.808469,28.304738,05283,1366.521185539653,False,155.75548134786845,False,1568,9.987435419996135
151,v9_canny_structure,ok,8625,0.1062920093536377,data/raw/satloc/part_1/UAV Data/traj01/151@150141@112.808469@28.304738.png,112.808469,28.304738,00903,182.99263720689504,False,35.71326471701321,True,23,9.987435419996135
156,v3_green_suppressed,ok,8625,0.11889410018920898,data/raw/satloc/part_1/UAV Data/traj01/156@155146@112.808418@28.304331.png,112.808418,28.304331,03672,1164.0793210001398,False,237.15187706264481,False,1779,17.837863911063316
156,v5_edge_magnitude,ok,8625,0.1060481071472168,data/raw/satloc/part_1/UAV Data/traj01/156@155146@112.808418@28.304331.png,112.808418,28.304331,04508,1202.6239812321164,False,237.15187706264481,False,1402,17.837863911063316
156,v8_lab_logchroma_fused,ok,8625,0.12137699127197266,data/raw/satloc/part_1/UAV Data/traj01/156@155146@112.808418@28.304331.png,112.808418,28.304331,08537,2239.747590364427,False,781.8029875066212,False,1648,17.837863911063316
156,v9_canny_structure,ok,8625,0.10431098937988281,data/raw/satloc/part_1/UAV Data/traj01/156@155146@112.808418@28.304331.png,112.808418,28.304331,00779,191.17591176751256,False,122.31365670840175,False,442,17.837863911063316
161,v3_green_suppressed,ok,8625,0.12395596504211426,data/raw/satloc/part_1/UAV Data/traj01/161@160151@112.808417@28.303846.png,112.808417,28.303846,08347,3292.7580467222756,False,797.6867457884596,False,308,16.282508903987004
161,v5_edge_magnitude,ok,8625,0.1411139965057373,data/raw/satloc/part_1/UAV Data/traj01/161@160151@112.808417@28.303846.png,112.808417,28.303846,05960,2562.760792196505,False,797.6867457884596,False,333,16.282508903987004
161,v8_lab_logchroma_fused,ok,8625,0.6843118667602539,data/raw/satloc/part_1/UAV Data/traj01/161@160151@112.808417@28.303846.png,112.808417,28.303846,05833,2485.2278314097207,False,797.6867457884596,False,311,16.282508903987004
161,v9_canny_structure,ok,8625,0.14756488800048828,data/raw/satloc/part_1/UAV Data/traj01/161@160151@112.808417@28.303846.png,112.808417,28.303846,05438,1868.372477928893,False,135.64419008476693,False,705,16.282508903987004
166,v3_green_suppressed,ok,8625,0.13036179542541504,data/raw/satloc/part_1/UAV Data/traj01/166@165155@112.808417@28.303350.png,112.808417,28.30335,02755,803.5274087282285,False,211.72145631075927,False,550,20.58980474009461
166,v5_edge_magnitude,ok,8625,0.10534882545471191,data/raw/satloc/part_1/UAV Data/traj01/166@165155@112.808417@28.303350.png,112.808417,28.30335,05835,2514.5852838881033,False,688.7016769436682,False,411,20.58980474009461
166,v8_lab_logchroma_fused,ok,8625,0.13459420204162598,data/raw/satloc/part_1/UAV Data/traj01/166@165155@112.808417@28.303350.png,112.808417,28.30335,03793,1014.3615159962452,False,733.5605950343709,False,819,20.58980474009461
166,v9_canny_structure,ok,8625,0.11031222343444824,data/raw/satloc/part_1/UAV Data/traj01/166@165155@112.808417@28.303350.png,112.808417,28.30335,02755,803.5274087282285,False,190.12576538584813,False,172,20.58980474009461
171,v3_green_suppressed,ok,8625,0.11575984954833984,data/raw/satloc/part_1/UAV Data/traj01/171@170160@112.808418@28.302847.png,112.808418,28.302847,06746,3718.0217910829674,False,383.7988346364993,False,1473,14.961712491226171
171,v5_edge_magnitude,ok,8625,0.10575675964355469,data/raw/satloc/part_1/UAV Data/traj01/171@170160@112.808418@28.302847.png,112.808418,28.302847,06735,3370.261768819934,False,383.7988346364993,False,495,14.961712491226171
171,v8_lab_logchroma_fused,ok,8625,0.12197184562683105,data/raw/satloc/part_1/UAV Data/traj01/171@170160@112.808418@28.302847.png,112.808418,28.302847,06733,3307.8948803255025,False,383.7988346364993,False,2114,14.961712491226171
171,v9_canny_structure,ok,8625,0.1023719310760498,data/raw/satloc/part_1/UAV Data/traj01/171@170160@112.808418@28.302847.png,112.808418,28.302847,07484,3438.362952076306,False,215.23020371627135,False,438,14.961712491226171
176,v3_green_suppressed,ok,8625,0.11320376396179199,data/raw/satloc/part_1/UAV Data/traj01/176@175165@112.808427@28.302397.png,112.808427,28.302397,05187,1692.079385594683,False,195.18788742717217,False,1411,20.760319904880163
176,v5_edge_magnitude,ok,8625,0.10633420944213867,data/raw/satloc/part_1/UAV Data/traj01/176@175165@112.808427@28.302397.png,112.808427,28.302397,06085,2495.083480711831,False,195.18788742717217,False,168,20.760319904880163
176,v8_lab_logchroma_fused,ok,8625,0.11844825744628906,data/raw/satloc/part_1/UAV Data/traj01/176@175165@112.808427@28.302397.png,112.808427,28.302397,08222,3172.6265349501655,False,698.8166792141026,False,1071,20.760319904880163
176,v9_canny_structure,ok,8625,0.10296797752380371,data/raw/satloc/part_1/UAV Data/traj01/176@175165@112.808427@28.302397.png,112.808427,28.302397,05187,1692.079385594683,False,59.106011549582114,False,136,20.760319904880163
181,v3_green_suppressed,ok,8625,0.11138200759887695,data/raw/satloc/part_1/UAV Data/traj01/181@180169@112.808450@28.302022.png,112.80845,28.302022,02878,807.0644043326653,False,615.9749127384501,False,112,17.488939459871013
181,v5_edge_magnitude,ok,8625,0.10628819465637207,data/raw/satloc/part_1/UAV Data/traj01/181@180169@112.808450@28.302022.png,112.80845,28.302022,01648,26.433263564853846,True,26.433263564853846,True,1,17.488939459871013
181,v8_lab_logchroma_fused,ok,8625,0.13135409355163574,data/raw/satloc/part_1/UAV Data/traj01/181@180169@112.808450@28.302022.png,112.80845,28.302022,02878,807.0644043326653,False,26.433263564853846,True,46,17.488939459871013
181,v9_canny_structure,ok,8625,0.10603809356689453,data/raw/satloc/part_1/UAV Data/traj01/181@180169@112.808450@28.302022.png,112.80845,28.302022,05162,1094.5895859492696,False,26.433263564853846,True,2,17.488939459871013
186,v3_green_suppressed,ok,8625,0.11147618293762207,data/raw/satloc/part_1/UAV Data/traj01/186@185174@112.808450@28.301969.png,112.80845,28.301969,02501,830.0994993546872,False,628.860158877795,False,201,13.738816242617894
186,v5_edge_magnitude,ok,8625,0.10617208480834961,data/raw/satloc/part_1/UAV Data/traj01/186@185174@112.808450@28.301969.png,112.80845,28.301969,01648,24.116585303341026,True,24.116585303341026,True,1,13.738816242617894
186,v8_lab_logchroma_fused,ok,8625,0.12266898155212402,data/raw/satloc/part_1/UAV Data/traj01/186@185174@112.808450@28.301969.png,112.80845,28.301969,02878,804.4379509158407,False,24.116585303341026,True,43,13.738816242617894
186,v9_canny_structure,ok,8625,0.21527671813964844,data/raw/satloc/part_1/UAV Data/traj01/186@185174@112.808450@28.301969.png,112.80845,28.301969,05162,1089.2591234660274,False,24.116585303341026,True,2,13.738816242617894
191,v3_green_suppressed,ok,8625,0.14208006858825684,data/raw/satloc/part_1/UAV Data/traj01/191@190179@112.808451@28.301919.png,112.808451,28.301919,02501,828.5262086701741,False,624.2277763034368,False,441,11.817175061695728
191,v5_edge_magnitude,ok,8625,0.1072683334350586,data/raw/satloc/part_1/UAV Data/traj01/191@190179@112.808451@28.301919.png,112.808451,28.301919,02501,828.5262086701741,False,23.223608820880912,True,6,11.817175061695728
191,v8_lab_logchroma_fused,ok,8625,0.12025785446166992,data/raw/satloc/part_1/UAV Data/traj01/191@190179@112.808451@28.301919.png,112.808451,28.301919,02878,802.0800331675027,False,606.071671551505,False,101,11.817175061695728
191,v9_canny_structure,ok,8625,0.1030881404876709,data/raw/satloc/part_1/UAV Data/traj01/191@190179@112.808451@28.301919.png,112.808451,28.301919,05162,1084.1936793291202,False,23.223608820880912,True,8,11.817175061695728
196,v3_green_suppressed,ok,8625,0.11061906814575195,data/raw/satloc/part_1/UAV Data/traj01/196@195184@112.808450@28.301756.png,112.80845,28.301756,02501,823.2363242105469,False,29.408003084881145,True,20,20.46096122726336
196,v5_edge_magnitude,ok,8625,0.10557103157043457,data/raw/satloc/part_1/UAV Data/traj01/196@195184@112.808450@28.301756.png,112.80845,28.301756,02501,823.2363242105469,False,29.408003084881145,True,3,20.46096122726336
196,v8_lab_logchroma_fused,ok,8625,0.12061214447021484,data/raw/satloc/part_1/UAV Data/traj01/196@195184@112.808450@28.301756.png,112.80845,28.301756,01959,2107.1073522088336,False,29.408003084881145,True,12,20.46096122726336
196,v9_canny_structure,ok,8625,0.10147809982299805,data/raw/satloc/part_1/UAV Data/traj01/196@195184@112.808450@28.301756.png,112.80845,28.301756,01773,29.408003084881145,True,29.408003084881145,True,1,20.46096122726336
201,v3_green_suppressed,ok,8625,0.20090007781982422,data/raw/satloc/part_1/UAV Data/traj01/201@200188@112.808454@28.301620.png,112.808454,28.30162,02501,819.5605922020729,False,23.67719489349913,True,19,11.849473206801854
201,v5_edge_magnitude,ok,8625,0.3260619640350342,data/raw/satloc/part_1/UAV Data/traj01/201@200188@112.808454@28.301620.png,112.808454,28.30162,01773,23.67719489349913,True,23.67719489349913,True,1,11.849473206801854
201,v8_lab_logchroma_fused,ok,8625,0.21189141273498535,data/raw/satloc/part_1/UAV Data/traj01/201@200188@112.808454@28.301620.png,112.808454,28.30162,01959,2106.3900033775108,False,23.67719489349913,True,18,11.849473206801854
201,v9_canny_structure,ok,8625,0.17831683158874512,data/raw/satloc/part_1/UAV Data/traj01/201@200188@112.808454@28.301620.png,112.808454,28.30162,01773,23.67719489349913,True,23.67719489349913,True,1,11.849473206801854
206,v3_green_suppressed,ok,8625,0.2084827423095703,data/raw/satloc/part_1/UAV Data/traj01/206@205193@112.808454@28.301539.png,112.808454,28.301539,02626,826.6627389226917,False,24.20512488938083,True,45,12.871993174483451
206,v5_edge_magnitude,ok,8625,0.18929004669189453,data/raw/satloc/part_1/UAV Data/traj01/206@205193@112.808454@28.301539.png,112.808454,28.301539,02626,826.6627389226917,False,24.20512488938083,True,7,12.871993174483451
206,v8_lab_logchroma_fused,ok,8625,0.29449892044067383,data/raw/satloc/part_1/UAV Data/traj01/206@205193@112.808454@28.301539.png,112.808454,28.301539,02626,826.6627389226917,False,24.20512488938083,True,46,12.871993174483451
206,v9_canny_structure,ok,8625,0.1020197868347168,data/raw/satloc/part_1/UAV Data/traj01/206@205193@112.808454@28.301539.png,112.808454,28.301539,04127,1002.4029351064502,False,24.20512488938083,True,2,12.871993174483451
211,v3_green_suppressed,ok,8625,0.11352086067199707,data/raw/satloc/part_1/UAV Data/traj01/211@210198@112.808449@28.301405.png,112.808449,28.301405,02626,822.0166908360501,False,26.97018565271046,True,26,18.476134657437335
211,v5_edge_magnitude,ok,8625,0.1083676815032959,data/raw/satloc/part_1/UAV Data/traj01/211@210198@112.808449@28.301405.png,112.808449,28.301405,02626,822.0166908360501,False,26.97018565271046,True,14,18.476134657437335
211,v8_lab_logchroma_fused,ok,8625,0.12005496025085449,data/raw/satloc/part_1/UAV Data/traj01/211@210198@112.808449@28.301405.png,112.808449,28.301405,02752,799.0860251894397,False,557.1683141325433,False,51,18.476134657437335
211,v9_canny_structure,ok,8625,0.1055600643157959,data/raw/satloc/part_1/UAV Data/traj01/211@210198@112.808449@28.301405.png,112.808449,28.301405,01898,26.97018565271046,True,26.97018565271046,True,1,18.476134657437335
216,v3_green_suppressed,ok,8625,0.11053800582885742,data/raw/satloc/part_1/UAV Data/traj01/216@215203@112.808442@28.301039.png,112.808442,28.301039,02626,811.2241404292598,False,432.05553993685317,False,72,15.115544166843888
216,v5_edge_magnitude,ok,8625,0.10403990745544434,data/raw/satloc/part_1/UAV Data/traj01/216@215203@112.808442@28.301039.png,112.808442,28.301039,08161,1772.6590522852166,False,571.7717927025757,False,189,15.115544166843888
216,v8_lab_logchroma_fused,ok,8625,0.12191581726074219,data/raw/satloc/part_1/UAV Data/traj01/216@215203@112.808442@28.301039.png,112.808442,28.301039,02626,811.2241404292598,False,543.9290296318248,False,108,15.115544166843888
216,v9_canny_structure,ok,8625,0.10472607612609863,data/raw/satloc/part_1/UAV Data/traj01/216@215203@112.808442@28.301039.png,112.808442,28.301039,08036,1738.8121338759693,False,23.8045294338649,True,4,15.115544166843888
221,v3_green_suppressed,ok,8625,0.12058091163635254,data/raw/satloc/part_1/UAV Data/traj01/221@220207@112.808439@28.300612.png,112.808439,28.300612,02751,808.199728422076,False,522.6813881269836,False,396,13.580923357891242
221,v5_edge_magnitude,ok,8625,0.11185312271118164,data/raw/satloc/part_1/UAV Data/traj01/221@220207@112.808439@28.300612.png,112.808439,28.300612,01834,2110.3383239331033,False,566.8032661289853,False,384,13.580923357891242
221,v8_lab_logchroma_fused,ok,8625,0.11394405364990234,data/raw/satloc/part_1/UAV Data/traj01/221@220207@112.808439@28.300612.png,112.808439,28.300612,02751,808.199728422076,False,491.49955842321884,False,531,13.580923357891242
221,v9_canny_structure,ok,8625,0.10392999649047852,data/raw/satloc/part_1/UAV Data/traj01/221@220207@112.808439@28.300612.png,112.808439,28.300612,06573,2110.4768372652848,False,275.0789842366083,False,102,13.580923357891242
226,v3_green_suppressed,ok,8625,0.10925102233886719,data/raw/satloc/part_1/UAV Data/traj01/226@225212@112.808496@28.300129.png,112.808496,28.300129,08412,1749.8427201435022,False,473.8690806887694,False,573,13.973146646531344
226,v5_edge_magnitude,ok,8625,0.10407090187072754,data/raw/satloc/part_1/UAV Data/traj01/226@225212@112.808496@28.300129.png,112.808496,28.300129,08412,1749.8427201435022,False,473.8690806887694,False,338,13.973146646531344
226,v8_lab_logchroma_fused,ok,8625,0.11897492408752441,data/raw/satloc/part_1/UAV Data/traj01/226@225212@112.808496@28.300129.png,112.808496,28.300129,02751,804.1292314714531,False,447.83292103046216,False,718,13.973146646531344
226,v9_canny_structure,ok,8625,0.10015416145324707,data/raw/satloc/part_1/UAV Data/traj01/226@225212@112.808496@28.300129.png,112.808496,28.300129,01152,355.40928138964125,False,277.4660762991523,False,100,13.973146646531344
231,v3_green_suppressed,ok,8625,0.11122393608093262,data/raw/satloc/part_1/UAV Data/traj01/231@230217@112.808515@28.299594.png,112.808515,28.299594,08537,1725.6569193954747,False,489.99803259109245,False,1024,13.79990832407496
231,v5_edge_magnitude,ok,8625,0.11569428443908691,data/raw/satloc/part_1/UAV Data/traj01/231@230217@112.808515@28.299594.png,112.808515,28.299594,03669,765.5953204170027,False,413.26206400920375,False,1175,13.79990832407496
231,v8_lab_logchroma_fused,ok,8625,0.11866998672485352,data/raw/satloc/part_1/UAV Data/traj01/231@230217@112.808515@28.299594.png,112.808515,28.299594,03672,862.8471768146444,False,387.4308059548157,False,1372,13.79990832407496
231,v9_canny_structure,ok,8625,0.12736797332763672,data/raw/satloc/part_1/UAV Data/traj01/231@230217@112.808515@28.299594.png,112.808515,28.299594,00654,565.842550985738,False,303.59772747518133,False,288,13.79990832407496
236,v3_green_suppressed,ok,8625,0.15128087997436523,data/raw/satloc/part_1/UAV Data/traj01/236@235221@112.808525@28.299055.png,112.808525,28.299055,05062,1470.8836718515581,False,365.9454500380948,False,983,5.271805750425046
236,v5_edge_magnitude,ok,8625,0.1043541431427002,data/raw/satloc/part_1/UAV Data/traj01/236@235221@112.808525@28.299055.png,112.808525,28.299055,05835,2291.763070427261,False,383.3601731653338,False,1168,5.271805750425046
236,v8_lab_logchroma_fused,ok,8625,0.11494874954223633,data/raw/satloc/part_1/UAV Data/traj01/236@235221@112.808525@28.299055.png,112.808525,28.299055,05186,1454.8874457642476,False,365.9454500380948,False,1344,5.271805750425046
236,v9_canny_structure,ok,8625,0.10009288787841797,data/raw/satloc/part_1/UAV Data/traj01/236@235221@112.808525@28.299055.png,112.808525,28.299055,00150,737.1046329257833,False,396.6635348544066,False,752,5.271805750425046
241,v3_green_suppressed,ok,8625,0.1105949878692627,data/raw/satloc/part_1/UAV Data/traj01/241@240226@112.808525@28.298539.png,112.808525,28.298539,02878,729.0836540212524,False,330.87387904786203,False,764,10.67817064603504
241,v5_edge_magnitude,ok,8625,0.10576891899108887,data/raw/satloc/part_1/UAV Data/traj01/241@240226@112.808525@28.298539.png,112.808525,28.298539,05960,2283.681315319477,False,330.87387904786203,False,807,10.67817064603504
241,v8_lab_logchroma_fused,ok,8625,0.11959505081176758,data/raw/satloc/part_1/UAV Data/traj01/241@240226@112.808525@28.298539.png,112.808525,28.298539,06086,2328.8261699957316,False,308.9833543313693,False,876,10.67817064603504
241,v9_canny_structure,ok,8625,0.15460586547851562,data/raw/satloc/part_1/UAV Data/traj01/241@240226@112.808525@28.298539.png,112.808525,28.298539,00904,610.7497303506433,False,298.4349482750478,False,368,10.67817064603504
246,v3_green_suppressed,ok,8625,0.49253320693969727,data/raw/satloc/part_1/UAV Data/traj01/246@245231@112.808543@28.298060.png,112.808543,28.29806,02878,734.616195674601,False,306.03258857656294,False,222,9.072362612257278
246,v5_edge_magnitude,ok,8625,0.17838096618652344,data/raw/satloc/part_1/UAV Data/traj01/246@245231@112.808543@28.298060.png,112.808543,28.29806,02877,769.3365595017168,False,280.2443674368063,False,302,9.072362612257278
246,v8_lab_logchroma_fused,ok,8625,0.18478798866271973,data/raw/satloc/part_1/UAV Data/traj01/246@245231@112.808543@28.298060.png,112.808543,28.29806,03639,370.34148886867246,False,291.24078689772756,False,451,9.072362612257278
246,v9_canny_structure,ok,8625,0.12822890281677246,data/raw/satloc/part_1/UAV Data/traj01/246@245231@112.808543@28.298060.png,112.808543,28.29806,04151,280.2443674368063,False,144.1613291950904,False,98,9.072362612257278
251,v3_green_suppressed,ok,8625,0.25303196907043457,data/raw/satloc/part_1/UAV Data/traj01/251@250236@112.808556@28.297555.png,112.808556,28.297555,03398,33.83656940906231,True,5.234032282158039,True,1,5.234032282158039
251,v5_edge_magnitude,ok,8625,0.1770319938659668,data/raw/satloc/part_1/UAV Data/traj01/251@250236@112.808556@28.297555.png,112.808556,28.297555,03398,33.83656940906231,True,5.234032282158039,True,1,5.234032282158039
251,v8_lab_logchroma_fused,ok,8625,0.2980179786682129,data/raw/satloc/part_1/UAV Data/traj01/251@250236@112.808556@28.297555.png,112.808556,28.297555,03793,673.7753522687353,False,5.234032282158039,True,2,5.234032282158039
251,v9_canny_structure,ok,8625,0.11045384407043457,data/raw/satloc/part_1/UAV Data/traj01/251@250236@112.808556@28.297555.png,112.808556,28.297555,03525,54.018366022810696,False,5.234032282158039,True,5,5.234032282158039
256,v3_green_suppressed,ok,8625,0.11206912994384766,data/raw/satloc/part_1/UAV Data/traj01/256@255240@112.808559@28.297050.png,112.808559,28.29705,03649,18.74761651796645,True,16.2475356965014,True,1,16.2475356965014
256,v5_edge_magnitude,ok,8625,0.20149707794189453,data/raw/satloc/part_1/UAV Data/traj01/256@255240@112.808559@28.297050.png,112.808559,28.29705,03648,38.5941965456148,True,16.2475356965014,True,1,16.2475356965014
256,v8_lab_logchroma_fused,ok,8625,0.24927592277526855,data/raw/satloc/part_1/UAV Data/traj01/256@255240@112.808559@28.297050.png,112.808559,28.29705,03649,18.74761651796645,True,16.2475356965014,True,1,16.2475356965014
256,v9_canny_structure,ok,8625,0.17709898948669434,data/raw/satloc/part_1/UAV Data/traj01/256@255240@112.808559@28.297050.png,112.808559,28.29705,03649,18.74761651796645,True,16.2475356965014,True,1,16.2475356965014
259,v3_green_suppressed,ok,8625,0.16733384132385254,data/raw/satloc/part_1/UAV Data/traj01/259@258243@112.808561@28.296746.png,112.808561,28.296746,03774,19.85008059085271,True,19.85008059085271,True,1,15.12195229954549
259,v5_edge_magnitude,ok,8625,0.18505501747131348,data/raw/satloc/part_1/UAV Data/traj01/259@258243@112.808561@28.296746.png,112.808561,28.296746,03773,39.315947168991876,True,15.12195229954549,True,1,15.12195229954549
259,v8_lab_logchroma_fused,ok,8625,0.18384790420532227,data/raw/satloc/part_1/UAV Data/traj01/259@258243@112.808561@28.296746.png,112.808561,28.296746,03774,19.85008059085271,True,19.85008059085271,True,1,15.12195229954549
259,v9_canny_structure,ok,8625,0.11290502548217773,data/raw/satloc/part_1/UAV Data/traj01/259@258243@112.808561@28.296746.png,112.808561,28.296746,03773,39.315947168991876,True,19.85008059085271,True,1,15.12195229954549
261,v3_green_suppressed,ok,8625,0.11792206764221191,data/raw/satloc/part_1/UAV Data/traj01/261@260245@112.808563@28.296540.png,112.808563,28.29654,00905,833.1568211876532,False,3.1730430861974237,True,3,3.1730430861974237
261,v5_edge_magnitude,ok,8625,0.1668872833251953,data/raw/satloc/part_1/UAV Data/traj01/261@260245@112.808563@28.296540.png,112.808563,28.29654,03774,3.1730430861974237,True,3.1730430861974237,True,1,3.1730430861974237
261,v8_lab_logchroma_fused,ok,8625,0.12243318557739258,data/raw/satloc/part_1/UAV Data/traj01/261@260245@112.808563@28.296540.png,112.808563,28.29654,01030,799.4171779389142,False,3.1730430861974237,True,3,3.1730430861974237
261,v9_canny_structure,ok,8625,0.10661792755126953,data/raw/satloc/part_1/UAV Data/traj01/261@260245@112.808563@28.296540.png,112.808563,28.29654,03898,46.68717214122272,False,3.1730430861974237,True,2,3.1730430861974237
266,v3_green_suppressed,ok,8625,0.11302781105041504,data/raw/satloc/part_1/UAV Data/traj01/266@265250@112.808565@28.296018.png,112.808565,28.296018,04024,8.73182821171255,True,8.73182821171255,True,1,8.73182821171255
266,v5_edge_magnitude,ok,8625,0.10473132133483887,data/raw/satloc/part_1/UAV Data/traj01/266@265250@112.808565@28.296018.png,112.808565,28.296018,04024,8.73182821171255,True,8.73182821171255,True,1,8.73182821171255
266,v8_lab_logchroma_fused,ok,8625,0.1670060157775879,data/raw/satloc/part_1/UAV Data/traj01/266@265250@112.808565@28.296018.png,112.808565,28.296018,04024,8.73182821171255,True,8.73182821171255,True,1,8.73182821171255
266,v9_canny_structure,ok,8625,0.12956809997558594,data/raw/satloc/part_1/UAV Data/traj01/266@265250@112.808565@28.296018.png,112.808565,28.296018,04024,8.73182821171255,True,8.73182821171255,True,1,8.73182821171255
269,v3_green_suppressed,ok,8625,0.1330430507659912,data/raw/satloc/part_1/UAV Data/traj01/269@268253@112.808563@28.295693.png,112.808563,28.295693,03543,684.7896510216616,False,7.532041265804385,True,34,7.532041265804385
269,v5_edge_magnitude,ok,8625,0.10540914535522461,data/raw/satloc/part_1/UAV Data/traj01/269@268253@112.808563@28.295693.png,112.808563,28.295693,01755,932.3302358437103,False,7.532041265804385,True,4,7.532041265804385
269,v8_lab_logchroma_fused,ok,8625,0.11678528785705566,data/raw/satloc/part_1/UAV Data/traj01/269@268253@112.808563@28.295693.png,112.808563,28.295693,03543,684.7896510216616,False,7.532041265804385,True,16,7.532041265804385
269,v9_canny_structure,ok,8625,0.10088968276977539,data/raw/satloc/part_1/UAV Data/traj01/269@268253@112.808563@28.295693.png,112.808563,28.295693,00275,1075.5621173838877,False,7.532041265804385,True,24,7.532041265804385
271,v3_green_suppressed,ok,8625,0.10778474807739258,data/raw/satloc/part_1/UAV Data/traj01/271@270255@112.808564@28.295482.png,112.808564,28.295482,01283,877.5214910673426,False,334.6104528956926,False,201,15.983016288323393
271,v5_edge_magnitude,ok,8625,0.10503888130187988,data/raw/satloc/part_1/UAV Data/traj01/271@270255@112.808564@28.295482.png,112.808564,28.295482,00527,1033.98204486311,False,18.960849223413444,True,36,15.983016288323393
271,v8_lab_logchroma_fused,ok,8625,0.12114095687866211,data/raw/satloc/part_1/UAV Data/traj01/271@270255@112.808564@28.295482.png,112.808564,28.295482,03542,657.3093286720513,False,18.960849223413444,True,49,15.983016288323393
271,v9_canny_structure,ok,8625,0.10170221328735352,data/raw/satloc/part_1/UAV Data/traj01/271@270255@112.808564@28.295482.png,112.808564,28.295482,01661,828.4535906714736,False,18.960849223413444,True,22,15.983016288323393
276,v3_green_suppressed,ok,8625,0.11850810050964355,data/raw/satloc/part_1/UAV Data/traj01/276@275259@112.808559@28.294982.png,112.808559,28.294982,08567,1892.4036727463822,False,392.1521281508405,False,174,2.081395031634583
276,v5_edge_magnitude,ok,8625,0.10648608207702637,data/raw/satloc/part_1/UAV Data/traj01/276@275259@112.808559@28.294982.png,112.808559,28.294982,00034,1273.0011143974114,False,2.081395031634583,True,48,2.081395031634583
276,v8_lab_logchroma_fused,ok,8625,0.11691904067993164,data/raw/satloc/part_1/UAV Data/traj01/276@275259@112.808559@28.294982.png,112.808559,28.294982,03667,664.0660109064698,False,98.37103668064854,False,83,2.081395031634583
276,v9_canny_structure,ok,8625,0.1023259162902832,data/raw/satloc/part_1/UAV Data/traj01/276@275259@112.808559@28.294982.png,112.808559,28.294982,01786,846.5926811944189,False,2.081395031634583,True,15,2.081395031634583
281,v3_green_suppressed,ok,8625,0.10511517524719238,data/raw/satloc/part_1/UAV Data/traj01/281@280264@112.808557@28.294462.png,112.808557,28.294462,03669,749.550183705232,False,45.223200513654824,False,245,10.373380214977477
281,v5_edge_magnitude,ok,8625,0.10336089134216309,data/raw/satloc/part_1/UAV Data/traj01/281@280264@112.808557@28.294462.png,112.808557,28.294462,00679,1524.9222337367064,False,10.373380214977477,True,14,10.373380214977477
281,v8_lab_logchroma_fused,ok,8625,0.11677098274230957,data/raw/satloc/part_1/UAV Data/traj01/281@280264@112.808557@28.294462.png,112.808557,28.294462,00679,1524.9222337367064,False,56.29885890665556,False,57,10.373380214977477
281,v9_canny_structure,ok,8625,0.09792304039001465,data/raw/satloc/part_1/UAV Data/traj01/281@280264@112.808557@28.294462.png,112.808557,28.294462,01523,863.3219903150424,False,56.29885890665556,False,70,10.373380214977477
286,v3_green_suppressed,ok,8625,0.1377110481262207,data/raw/satloc/part_1/UAV Data/traj01/286@285269@112.808566@28.293905.png,112.808566,28.293905,06450,1833.925779183216,False,237.14676349337176,False,636,16.739258124651368
286,v5_edge_magnitude,ok,8625,0.1488969326019287,data/raw/satloc/part_1/UAV Data/traj01/286@285269@112.808566@28.293905.png,112.808566,28.293905,05964,2289.2392809193198,False,62.08044324373353,False,69,16.739258124651368
286,v8_lab_logchroma_fused,ok,8625,0.15282607078552246,data/raw/satloc/part_1/UAV Data/traj01/286@285269@112.808566@28.293905.png,112.808566,28.293905,02877,938.7964228563748,False,140.36210752606559,False,76,16.739258124651368
286,v9_canny_structure,ok,8625,0.1134028434753418,data/raw/satloc/part_1/UAV Data/traj01/286@285269@112.808566@28.293905.png,112.808566,28.293905,05964,2289.2392809193198,False,62.08044324373353,False,246,16.739258124651368
288,v3_green_suppressed,ok,8625,0.11069989204406738,data/raw/satloc/part_1/UAV Data/traj01/288@287271@112.808574@28.293678.png,112.808574,28.293678,06088,2255.1539348938527,False,257.5176553133976,False,887,7.06256806217148
288,v5_edge_magnitude,ok,8625,0.10956859588623047,data/raw/satloc/part_1/UAV Data/traj01/288@287271@112.808574@28.293678.png,112.808574,28.293678,06088,2255.1539348938527,False,84.57619397491365,False,743,7.06256806217148
288,v8_lab_logchroma_fused,ok,8625,0.1201009750366211,data/raw/satloc/part_1/UAV Data/traj01/288@287271@112.808574@28.293678.png,112.808574,28.293678,06088,2255.1539348938527,False,44.911878175638485,False,126,7.06256806217148
288,v9_canny_structure,ok,8625,0.1060028076171875,data/raw/satloc/part_1/UAV Data/traj01/288@287271@112.808574@28.293678.png,112.808574,28.293678,06088,2255.1539348938527,False,216.56494596509535,False,1399,7.06256806217148
291,v3_green_suppressed,ok,8625,0.11234402656555176,data/raw/satloc/part_1/UAV Data/traj01/291@290273@112.808586@28.293347.png,112.808586,28.293347,04812,1327.5359621326686,False,419.76438593584817,False,1711,9.065750154816083
291,v5_edge_magnitude,ok,8625,0.10823202133178711,data/raw/satloc/part_1/UAV Data/traj01/291@290273@112.808586@28.293347.png,112.808586,28.293347,03919,768.0739575672052,False,163.5750733874768,False,1180,9.065750154816083
291,v8_lab_logchroma_fused,ok,8625,0.12134408950805664,data/raw/satloc/part_1/UAV Data/traj01/291@290273@112.808586@28.293347.png,112.808586,28.293347,04786,424.8340979670081,False,195.84393943339256,False,215,9.065750154816083
291,v9_canny_structure,ok,8625,0.10388612747192383,data/raw/satloc/part_1/UAV Data/traj01/291@290273@112.808586@28.293347.png,112.808586,28.293347,01261,1150.432726131448,False,258.47716899103364,False,788,9.065750154816083
296,v3_green_suppressed,ok,8625,0.110015869140625,data/raw/satloc/part_1/UAV Data/traj01/296@4003@112.808605@28.292852.png,112.808605,28.292852,03419,866.6745032772563,False,538.7653024677124,False,2238,6.741327784724255
296,v5_edge_magnitude,ok,8625,0.10476398468017578,data/raw/satloc/part_1/UAV Data/traj01/296@4003@112.808605@28.292852.png,112.808605,28.292852,04383,610.4956621302017,False,214.23270813404844,False,2046,6.741327784724255
296,v8_lab_logchroma_fused,ok,8625,0.11954689025878906,data/raw/satloc/part_1/UAV Data/traj01/296@4003@112.808605@28.292852.png,112.808605,28.292852,05962,2203.5884096305376,False,214.23270813404844,False,501,6.741327784724255
296,v9_canny_structure,ok,8625,0.10577392578125,data/raw/satloc/part_1/UAV Data/traj01/296@4003@112.808605@28.292852.png,112.808605,28.292852,00025,1461.0524035730925,False,315.49508545185785,False,1025,6.741327784724255
300,v3_green_suppressed,ok,8625,0.11055493354797363,data/raw/satloc/part_1/UAV Data/traj01/300@8007@112.808617@28.292415.png,112.808617,28.292415,05062,1326.9549189725512,False,357.4760063074158,False,235,9.03514269662788
300,v5_edge_magnitude,ok,8625,0.10587215423583984,data/raw/satloc/part_1/UAV Data/traj01/300@8007@112.808617@28.292415.png,112.808617,28.292415,05062,1326.9549189725512,False,226.93049558039985,False,170,9.03514269662788
300,v8_lab_logchroma_fused,ok,8625,0.11798620223999023,data/raw/satloc/part_1/UAV Data/traj01/300@8007@112.808617@28.292415.png,112.808617,28.292415,05062,1326.9549189725512,False,226.93049558039985,False,186,9.03514269662788
300,v9_canny_structure,ok,8625,0.10796594619750977,data/raw/satloc/part_1/UAV Data/traj01/300@8007@112.808617@28.292415.png,112.808617,28.292415,00904,1276.2539285554456,False,647.4983554747749,False,118,9.03514269662788
301,v3_green_suppressed,ok,8625,0.11147785186767578,data/raw/satloc/part_1/UAV Data/traj01/301@9008@112.808620@28.292305.png,112.80862,28.292305,05062,1327.7567837155416,False,483.1676339771479,False,279,15.625121196425674
301,v5_edge_magnitude,ok,8625,0.10843110084533691,data/raw/satloc/part_1/UAV Data/traj01/301@9008@112.808620@28.292305.png,112.80862,28.292305,01143,1226.1410750542486,False,272.35347855089844,False,364,15.625121196425674
301,v8_lab_logchroma_fused,ok,8625,0.12809491157531738,data/raw/satloc/part_1/UAV Data/traj01/301@9008@112.808620@28.292305.png,112.80862,28.292305,05062,1327.7567837155416,False,409.34866222745586,False,200,15.625121196425674
301,v9_canny_structure,ok,8625,0.10339498519897461,data/raw/satloc/part_1/UAV Data/traj01/301@9008@112.808620@28.292305.png,112.80862,28.292305,00904,1288.3386409345455,False,670.4256383284059,False,192,15.625121196425674
306,v3_green_suppressed,ok,8625,0.11037302017211914,data/raw/satloc/part_1/UAV Data/traj01/306@14013@112.808628@28.291759.png,112.808628,28.291759,06086,2161.0748736861606,False,24.63318312855205,True,42,12.28033223787282
306,v5_edge_magnitude,ok,8625,0.13055205345153809,data/raw/satloc/part_1/UAV Data/traj01/306@14013@112.808628@28.291759.png,112.808628,28.291759,06086,2161.0748736861606,False,24.63318312855205,True,48,12.28033223787282
306,v8_lab_logchroma_fused,ok,8625,0.11440110206604004,data/raw/satloc/part_1/UAV Data/traj01/306@14013@112.808628@28.291759.png,112.808628,28.291759,06086,2161.0748736861606,False,24.63318312855205,True,26,12.28033223787282
306,v9_canny_structure,ok,8625,0.1035308837890625,data/raw/satloc/part_1/UAV Data/traj01/306@14013@112.808628@28.291759.png,112.808628,28.291759,00779,1383.097112837233,False,669.3327078295885,False,327,12.28033223787282
310,v3_green_suppressed,ok,8625,0.11218619346618652,data/raw/satloc/part_1/UAV Data/traj01/310@18017@112.808637@28.291352.png,112.808637,28.291352,02752,1156.8616725506736,False,490.64360794792304,False,79,15.110351948295593
310,v5_edge_magnitude,ok,8625,0.10521602630615234,data/raw/satloc/part_1/UAV Data/traj01/310@18017@112.808637@28.291352.png,112.808637,28.291352,04508,675.6894414908701,False,417.10644876478756,False,126,15.110351948295593
310,v8_lab_logchroma_fused,ok,8625,0.13058900833129883,data/raw/satloc/part_1/UAV Data/traj01/310@18017@112.808637@28.291352.png,112.808637,28.291352,02752,1156.8616725506736,False,15.110351948295593,True,44,15.110351948295593
310,v9_canny_structure,ok,8625,0.10689496994018555,data/raw/satloc/part_1/UAV Data/traj01/310@18017@112.808637@28.291352.png,112.808637,28.291352,00904,1393.2519150051507,False,417.10644876478756,False,354,15.110351948295593
311,v3_green_suppressed,ok,8625,0.11312675476074219,data/raw/satloc/part_1/UAV Data/traj01/311@19017@112.808639@28.291252.png,112.808639,28.291252,02753,1142.3612796731963,False,496.59061148665876,False,102,7.139580891718417
311,v5_edge_magnitude,ok,8625,0.1005561351776123,data/raw/satloc/part_1/UAV Data/traj01/311@19017@112.808639@28.291252.png,112.808639,28.291252,04508,682.0116856349375,False,427.8761103224427,False,176,7.139580891718417
311,v8_lab_logchroma_fused,ok,8625,0.11760568618774414,data/raw/satloc/part_1/UAV Data/traj01/311@19017@112.808639@28.291252.png,112.808639,28.291252,02752,1165.2753173994338,False,468.0097381208865,False,52,7.139580891718417
311,v9_canny_structure,ok,8625,0.09948086738586426,data/raw/satloc/part_1/UAV Data/traj01/311@19017@112.808639@28.291252.png,112.808639,28.291252,00904,1404.2674257547926,False,461.3208390978249,False,642,7.139580891718417
316,v3_green_suppressed,ok,8625,0.11121797561645508,data/raw/satloc/part_1/UAV Data/traj01/316@24022@112.808650@28.290763.png,112.80865,28.290763,02878,1157.9451242733749,False,584.0184403098389,False,194,18.616584592509607
316,v5_edge_magnitude,ok,8625,0.10359501838684082,data/raw/satloc/part_1/UAV Data/traj01/316@24022@112.808650@28.290763.png,112.80865,28.290763,05835,2123.746262409644,False,474.9354698020681,False,273,18.616584592509607
316,v8_lab_logchroma_fused,ok,8625,0.1185910701751709,data/raw/satloc/part_1/UAV Data/traj01/316@24022@112.808650@28.290763.png,112.80865,28.290763,02878,1157.9451242733749,False,52.42003808401264,False,60,18.616584592509607
316,v9_canny_structure,ok,8625,0.10032486915588379,data/raw/satloc/part_1/UAV Data/traj01/316@24022@112.808650@28.290763.png,112.80865,28.290763,00905,1462.5477207419235,False,353.57313906495835,False,1075,18.616584592509607
321,v3_green_suppressed,ok,8625,0.11081790924072266,data/raw/satloc/part_1/UAV Data/traj01/321@29027@112.808657@28.290283.png,112.808657,28.290283,02878,1199.8734471319121,False,105.55492800856419,False,602,8.451150831804522
321,v5_edge_magnitude,ok,8625,0.11440110206604004,data/raw/satloc/part_1/UAV Data/traj01/321@29027@112.808657@28.290283.png,112.808657,28.290283,03795,1006.7731687907739,False,567.385471651486,False,552,8.451150831804522
321,v8_lab_logchroma_fused,ok,8625,0.12768197059631348,data/raw/satloc/part_1/UAV Data/traj01/321@29027@112.808657@28.290283.png,112.808657,28.290283,05185,1287.5022633350416,False,105.55492800856419,False,301,8.451150831804522
321,v9_canny_structure,ok,8625,0.10349178314208984,data/raw/satloc/part_1/UAV Data/traj01/321@29027@112.808657@28.290283.png,112.808657,28.290283,00906,1520.3634343208814,False,508.3157207846215,False,218,8.451150831804522
326,v3_green_suppressed,ok,8625,0.1131892204284668,data/raw/satloc/part_1/UAV Data/traj01/326@34032@112.808663@28.289758.png,112.808663,28.289758,02878,1246.6386014055959,False,76.19087062077784,False,417,14.226402275032617
326,v5_edge_magnitude,ok,8625,0.11115288734436035,data/raw/satloc/part_1/UAV Data/traj01/326@34032@112.808663@28.289758.png,112.808663,28.289758,05961,2161.826138106501,False,590.4222349771599,False,299,14.226402275032617
326,v8_lab_logchroma_fused,ok,8625,0.12266397476196289,data/raw/satloc/part_1/UAV Data/traj01/326@34032@112.808663@28.289758.png,112.808663,28.289758,04535,663.7835354580045,False,213.60033289026126,False,108,14.226402275032617
326,v9_canny_structure,ok,8625,0.10267901420593262,data/raw/satloc/part_1/UAV Data/traj01/326@34032@112.808663@28.289758.png,112.808663,28.289758,05060,1312.8700521033638,False,531.1828442800938,False,491,14.226402275032617
331,v3_green_suppressed,ok,8625,0.11311197280883789,data/raw/satloc/part_1/UAV Data/traj01/331@39036@112.808687@28.289289.png,112.808687,28.289289,05187,1382.3732683975722,False,605.1523713701581,False,811,12.97299267573611
331,v5_edge_magnitude,ok,8625,0.10933089256286621,data/raw/satloc/part_1/UAV Data/traj01/331@39036@112.808687@28.289289.png,112.808687,28.289289,04544,911.9381750172522,False,565.4166992143903,False,1243,12.97299267573611
331,v8_lab_logchroma_fused,ok,8625,0.15524578094482422,data/raw/satloc/part_1/UAV Data/traj01/331@39036@112.808687@28.289289.png,112.808687,28.289289,03640,904.878518922376,False,263.48804184654074,False,447,12.97299267573611
331,v9_canny_structure,ok,8625,0.10380220413208008,data/raw/satloc/part_1/UAV Data/traj01/331@39036@112.808687@28.289289.png,112.808687,28.289289,00653,1687.1911695585243,False,565.4432387906145,False,1977,12.97299267573611
336,v3_green_suppressed,ok,8625,0.1123661994934082,data/raw/satloc/part_1/UAV Data/traj01/336@44041@112.809076@28.289222.png,112.809076,28.289222,02626,1416.3278828866985,False,633.0938242332284,False,536,19.975536609477928
336,v5_edge_magnitude,ok,8625,0.10479211807250977,data/raw/satloc/part_1/UAV Data/traj01/336@44041@112.809076@28.289222.png,112.809076,28.289222,04507,884.4445840855004,False,572.7387349930472,False,822,19.975536609477928
336,v8_lab_logchroma_fused,ok,8625,0.1181797981262207,data/raw/satloc/part_1/UAV Data/traj01/336@44041@112.809076@28.289222.png,112.809076,28.289222,04785,633.0938242332284,False,284.34643806948355,False,315,19.975536609477928
336,v9_canny_structure,ok,8625,0.10176587104797363,data/raw/satloc/part_1/UAV Data/traj01/336@44041@112.809076@28.289222.png,112.809076,28.289222,00778,1657.2956154551523,False,519.7894156763977,False,1490,19.975536609477928
341,v3_green_suppressed,ok,8625,0.11002087593078613,data/raw/satloc/part_1/UAV Data/traj01/341@49046@112.809665@28.289216.png,112.809665,28.289216,06087,2100.953644947774,False,38.47722484597054,True,42,14.5513028999152
341,v5_edge_magnitude,ok,8625,0.10805010795593262,data/raw/satloc/part_1/UAV Data/traj01/341@49046@112.809665@28.289216.png,112.809665,28.289216,06087,2100.953644947774,False,609.1055523927289,False,95,14.5513028999152
341,v8_lab_logchroma_fused,ok,8625,0.11640620231628418,data/raw/satloc/part_1/UAV Data/traj01/341@49046@112.809665@28.289216.png,112.809665,28.289216,06087,2100.953644947774,False,202.27646010168178,False,218,14.5513028999152
341,v9_canny_structure,ok,8625,0.11614298820495605,data/raw/satloc/part_1/UAV Data/traj01/341@49046@112.809665@28.289216.png,112.809665,28.289216,00779,1656.8797907884193,False,642.8845968332058,False,579,14.5513028999152
346,v3_green_suppressed,ok,8625,0.12848711013793945,data/raw/satloc/part_1/UAV Data/traj01/346@54051@112.810273@28.289216.png,112.810273,28.289216,02750,1487.3303266477358,False,554.6601032038253,False,265,16.38470167615006
346,v5_edge_magnitude,ok,8625,0.10508489608764648,data/raw/satloc/part_1/UAV Data/traj01/346@54051@112.810273@28.289216.png,112.810273,28.289216,05835,1980.0583928582448,False,554.6601032038253,False,276,16.38470167615006
346,v8_lab_logchroma_fused,ok,8625,0.1191110610961914,data/raw/satloc/part_1/UAV Data/traj01/346@54051@112.810273@28.289216.png,112.810273,28.289216,06087,2041.6703323527777,False,350.56631052032606,False,421,16.38470167615006
346,v9_canny_structure,ok,8625,0.10399007797241211,data/raw/satloc/part_1/UAV Data/traj01/346@54051@112.810273@28.289216.png,112.810273,28.289216,01030,1586.2486778603952,False,564.1896640777685,False,628,16.38470167615006
350,v3_green_suppressed,ok,8625,0.10957098007202148,data/raw/satloc/part_1/UAV Data/traj01/350@58054@112.810763@28.289216.png,112.810763,28.289216,02751,1496.1844869657207,False,384.5665590022211,False,458,15.252892606015108
350,v5_edge_magnitude,ok,8625,0.10378694534301758,data/raw/satloc/part_1/UAV Data/traj01/350@58054@112.810763@28.289216.png,112.810763,28.289216,04402,652.2063439582713,False,531.4024450746268,False,416,15.252892606015108
350,v8_lab_logchroma_fused,ok,8625,0.12008500099182129,data/raw/satloc/part_1/UAV Data/traj01/350@58054@112.810763@28.289216.png,112.810763,28.289216,05186,1161.0688013379618,False,384.5665590022211,False,321,15.252892606015108
350,v9_canny_structure,ok,8625,0.10467815399169922,data/raw/satloc/part_1/UAV Data/traj01/350@58054@112.810763@28.289216.png,112.810763,28.289216,00150,1838.9011408085696,False,438.6961521685775,False,866,15.252892606015108
351,v3_green_suppressed,ok,8625,0.10975480079650879,data/raw/satloc/part_1/UAV Data/traj01/351@59055@112.810886@28.289216.png,112.810886,28.289216,02751,1504.4013554762294,False,393.5587273608841,False,434,22.405818002273833
351,v5_edge_magnitude,ok,8625,0.11311697959899902,data/raw/satloc/part_1/UAV Data/traj01/351@59055@112.810886@28.289216.png,112.810886,28.289216,04402,654.3433844865912,False,526.0901676550022,False,426,22.405818002273833
351,v8_lab_logchroma_fused,ok,8625,0.12787199020385742,data/raw/satloc/part_1/UAV Data/traj01/351@59055@112.810886@28.289216.png,112.810886,28.289216,05186,1149.9046866120314,False,393.5587273608841,False,318,22.405818002273833
351,v9_canny_structure,ok,8625,0.10167813301086426,data/raw/satloc/part_1/UAV Data/traj01/351@59055@112.810886@28.289216.png,112.810886,28.289216,00903,1622.9240107429084,False,434.1873610558586,False,626,22.405818002273833
356,v3_green_suppressed,ok,8625,0.11529874801635742,data/raw/satloc/part_1/UAV Data/traj01/356@64060@112.811487@28.289216.png,112.811487,28.289216,02751,1545.271977921328,False,411.89044523211135,False,443,15.644123120879174
356,v5_edge_magnitude,ok,8625,0.10159111022949219,data/raw/satloc/part_1/UAV Data/traj01/356@64060@112.811487@28.289216.png,112.811487,28.289216,04151,744.6422447711398,False,470.71793339714156,False,632,15.644123120879174
356,v8_lab_logchroma_fused,ok,8625,0.11501502990722656,data/raw/satloc/part_1/UAV Data/traj01/356@64060@112.811487@28.289216.png,112.811487,28.289216,04786,554.4212023113366,False,390.8977540984801,False,285,15.644123120879174
356,v9_canny_structure,ok,8625,0.10399413108825684,data/raw/satloc/part_1/UAV Data/traj01/356@64060@112.811487@28.289216.png,112.811487,28.289216,00275,1812.587297707166,False,439.1686589098703,False,339,15.644123120879174
361,v3_green_suppressed,ok,8625,0.10952067375183105,data/raw/satloc/part_1/UAV Data/traj01/361@69065@112.812090@28.289219.png,112.81209,28.289219,02753,1537.4557055204434,False,453.29333010163214,False,334,14.743231794989285
361,v5_edge_magnitude,ok,8625,0.10230612754821777,data/raw/satloc/part_1/UAV Data/traj01/361@69065@112.812090@28.289219.png,112.81209,28.289219,03514,1126.0262689649117,False,429.9113998416338,False,805,14.743231794989285
361,v8_lab_logchroma_fused,ok,8625,0.11544489860534668,data/raw/satloc/part_1/UAV Data/traj01/361@69065@112.812090@28.289219.png,112.81209,28.289219,03514,1126.0262689649117,False,410.72805855044487,False,499,14.743231794989285
361,v9_canny_structure,ok,8625,0.10364007949829102,data/raw/satloc/part_1/UAV Data/traj01/361@69065@112.812090@28.289219.png,112.81209,28.289219,00150,1855.7789103692407,False,419.49005563059643,False,584,14.743231794989285
366,v3_green_suppressed,ok,8625,0.12551188468933105,data/raw/satloc/part_1/UAV Data/traj01/366@74069@112.812712@28.289223.png,112.812712,28.289223,03003,1532.830388751366,False,443.013746107891,False,99,19.136413677343455
366,v5_edge_magnitude,ok,8625,0.10473895072937012,data/raw/satloc/part_1/UAV Data/traj01/366@74069@112.812712@28.289223.png,112.812712,28.289223,05706,1611.4528502390053,False,448.17430388885873,False,217,19.136413677343455
366,v8_lab_logchroma_fused,ok,8625,0.11594581604003906,data/raw/satloc/part_1/UAV Data/traj01/366@74069@112.812712@28.289223.png,112.812712,28.289223,03640,1114.9823303511762,False,448.17430388885873,False,169,19.136413677343455
366,v9_canny_structure,ok,8625,0.1043851375579834,data/raw/satloc/part_1/UAV Data/traj01/366@74069@112.812712@28.289223.png,112.812712,28.289223,01639,1599.4810658568995,False,512.4888206827807,False,210,19.136413677343455
371,v3_green_suppressed,ok,8625,0.11670184135437012,data/raw/satloc/part_1/UAV Data/traj01/371@79074@112.813328@28.289228.png,112.813328,28.289228,05707,1586.3792878501977,False,441.5170975870403,False,224,17.646700834951496
371,v5_edge_magnitude,ok,8625,0.1004037857055664,data/raw/satloc/part_1/UAV Data/traj01/371@79074@112.813328@28.289228.png,112.813328,28.289228,05707,1586.3792878501977,False,1024.8332247957624,False,327,17.646700834951496
371,v8_lab_logchroma_fused,ok,8625,0.11588001251220703,data/raw/satloc/part_1/UAV Data/traj01/371@79074@112.813328@28.289228.png,112.813328,28.289228,03514,1203.7541955446716,False,441.5170975870403,False,230,17.646700834951496
371,v9_canny_structure,ok,8625,0.09921622276306152,data/raw/satloc/part_1/UAV Data/traj01/371@79074@112.813328@28.289228.png,112.813328,28.289228,06735,2536.853952747933,False,510.89279905621555,False,1351,17.646700834951496
376,v3_green_suppressed,ok,8625,0.10981988906860352,data/raw/satloc/part_1/UAV Data/traj01/376@84079@112.813958@28.289235.png,112.813958,28.289235,05706,1491.3886565084845,False,33.46243989006533,True,14,12.807995745749013
376,v5_edge_magnitude,ok,8625,0.10661911964416504,data/raw/satloc/part_1/UAV Data/traj01/376@84079@112.813958@28.289235.png,112.813958,28.289235,05707,1525.643876534966,False,33.46243989006533,True,48,12.807995745749013
376,v8_lab_logchroma_fused,ok,8625,0.1208810806274414,data/raw/satloc/part_1/UAV Data/traj01/376@84079@112.813958@28.289235.png,112.813958,28.289235,06665,33.46243989006533,True,12.807995745749013,True,1,12.807995745749013
376,v9_canny_structure,ok,8625,0.09983110427856445,data/raw/satloc/part_1/UAV Data/traj01/376@84079@112.813958@28.289235.png,112.813958,28.289235,03055,1165.4147647181148,False,33.46243989006533,True,48,12.807995745749013
381,v3_green_suppressed,ok,8625,0.1088399887084961,data/raw/satloc/part_1/UAV Data/traj01/381@89084@112.814573@28.289242.png,112.814573,28.289242,05069,1087.9824121519537,False,12.864052687397322,True,32,12.864052687397322
381,v5_edge_magnitude,ok,8625,0.10053706169128418,data/raw/satloc/part_1/UAV Data/traj01/381@89084@112.814573@28.289242.png,112.814573,28.289242,05069,1087.9824121519537,False,12.864052687397322,True,12,12.864052687397322
381,v8_lab_logchroma_fused,ok,8625,0.12014269828796387,data/raw/satloc/part_1/UAV Data/traj01/381@89084@112.814573@28.289242.png,112.814573,28.289242,03641,1213.7984571385366,False,12.864052687397322,True,5,12.864052687397322
381,v9_canny_structure,ok,8625,0.10117316246032715,data/raw/satloc/part_1/UAV Data/traj01/381@89084@112.814573@28.289242.png,112.814573,28.289242,01640,1672.2361856702032,False,42.33542247938391,False,106,12.864052687397322
386,v3_green_suppressed,ok,8625,0.1090090274810791,data/raw/satloc/part_1/UAV Data/traj01/386@94088@112.815187@28.289246.png,112.815187,28.289246,02878,1739.9983143190402,False,437.896731514097,False,54,19.056455134915648
386,v5_edge_magnitude,ok,8625,0.10220718383789062,data/raw/satloc/part_1/UAV Data/traj01/386@94088@112.815187@28.289246.png,112.815187,28.289246,05069,1033.7617045909224,False,437.896731514097,False,60,19.056455134915648
386,v8_lab_logchroma_fused,ok,8625,0.12103104591369629,data/raw/satloc/part_1/UAV Data/traj01/386@94088@112.815187@28.289246.png,112.815187,28.289246,03515,1306.47332019684,False,22.27980282500239,True,17,19.056455134915648
386,v9_canny_structure,ok,8625,0.13934993743896484,data/raw/satloc/part_1/UAV Data/traj01/386@94088@112.815187@28.289246.png,112.815187,28.289246,01640,1705.0423342491567,False,19.056455134915648,True,36,19.056455134915648
387,v3_green_suppressed,ok,8625,0.18164682388305664,data/raw/satloc/part_1/UAV Data/traj01/387@95089@112.815310@28.289247.png,112.81531,28.289247,02878,1749.5043032384563,False,11.455529190090122,True,32,11.455529190090122
387,v5_edge_magnitude,ok,8625,0.12604284286499023,data/raw/satloc/part_1/UAV Data/traj01/387@95089@112.815310@28.289247.png,112.81531,28.289247,05070,1054.1892909688331,False,11.455529190090122,True,42,11.455529190090122
387,v8_lab_logchroma_fused,ok,8625,0.13469409942626953,data/raw/satloc/part_1/UAV Data/traj01/387@95089@112.815310@28.289247.png,112.81531,28.289247,05070,1054.1892909688331,False,11.455529190090122,True,32,11.455529190090122
387,v9_canny_structure,ok,8625,0.2107391357421875,data/raw/satloc/part_1/UAV Data/traj01/387@95089@112.815310@28.289247.png,112.81531,28.289247,01640,1711.7743383735951,False,11.455529190090122,True,42,11.455529190090122
391,v3_green_suppressed,ok,8625,0.2813258171081543,data/raw/satloc/part_1/UAV Data/traj01/391@99093@112.815799@28.289251.png,112.815799,28.289251,02878,1787.5973670349904,False,494.57966940539086,False,110,14.104572290919194
391,v5_edge_magnitude,ok,8625,0.1234731674194336,data/raw/satloc/part_1/UAV Data/traj01/391@99093@112.815799@28.289251.png,112.815799,28.289251,06085,1433.9995549630773,False,494.57966940539086,False,228,14.104572290919194
391,v8_lab_logchroma_fused,ok,8625,0.13343596458435059,data/raw/satloc/part_1/UAV Data/traj01/391@99093@112.815799@28.289251.png,112.815799,28.289251,03515,1350.8407472534348,False,482.06625829579025,False,379,14.104572290919194
391,v9_canny_structure,ok,8625,0.11797499656677246,data/raw/satloc/part_1/UAV Data/traj01/391@99093@112.815799@28.289251.png,112.815799,28.289251,00150,1946.1909034105952,False,498.8936590414239,False,628,14.104572290919194
396,v3_green_suppressed,ok,8625,0.1290578842163086,data/raw/satloc/part_1/UAV Data/traj01/396@104098@112.816411@28.289256.png,112.816411,28.289256,02878,1835.9183569141755,False,511.60574117354804,False,968,9.915195409729474
396,v5_edge_magnitude,ok,8625,0.10614395141601562,data/raw/satloc/part_1/UAV Data/traj01/396@104098@112.816411@28.289256.png,112.816411,28.289256,05962,1448.6248171052614,False,511.60574117354804,False,1511,9.915195409729474
396,v8_lab_logchroma_fused,ok,8625,0.1285252571105957,data/raw/satloc/part_1/UAV Data/traj01/396@104098@112.816411@28.289256.png,112.816411,28.289256,05187,704.6446259973131,False,511.60574117354804,False,874,9.915195409729474
396,v9_canny_structure,ok,8625,0.37899327278137207,data/raw/satloc/part_1/UAV Data/traj01/396@104098@112.816411@28.289256.png,112.816411,28.289256,00905,1709.8062763115327,False,531.4429960386902,False,1650,9.915195409729474
401,v3_green_suppressed,ok,8625,0.25417518615722656,data/raw/satloc/part_1/UAV Data/traj01/401@109102@112.817022@28.289260.png,112.817022,28.28926,05962,1389.449184777093,False,528.848159013756,False,873,14.093747997423229
401,v5_edge_magnitude,ok,8625,0.28453898429870605,data/raw/satloc/part_1/UAV Data/traj01/401@109102@112.817022@28.289260.png,112.817022,28.28926,05962,1389.449184777093,False,528.848159013756,False,710,14.093747997423229
401,v8_lab_logchroma_fused,ok,8625,0.17881488800048828,data/raw/satloc/part_1/UAV Data/traj01/401@109102@112.817022@28.289260.png,112.817022,28.28926,05187,657.8984952117341,False,531.4655992561612,False,460,14.093747997423229
401,v9_canny_structure,ok,8625,0.12386703491210938,data/raw/satloc/part_1/UAV Data/traj01/401@109102@112.817022@28.289260.png,112.817022,28.28926,00654,1807.5584710344385,False,603.639814757214,False,916,14.093747997423229
405,v3_green_suppressed,ok,8625,0.11519789695739746,data/raw/satloc/part_1/UAV Data/traj01/405@113106@112.817510@28.289267.png,112.81751,28.289267,08412,638.8609793116524,False,506.84255499363115,False,607,9.013439254702103
405,v5_edge_magnitude,ok,8625,0.11180377006530762,data/raw/satloc/part_1/UAV Data/traj01/405@113106@112.817510@28.289267.png,112.81751,28.289267,08412,638.8609793116524,False,506.84255499363115,False,557,9.013439254702103
405,v8_lab_logchroma_fused,ok,8625,0.12345075607299805,data/raw/satloc/part_1/UAV Data/traj01/405@113106@112.817510@28.289267.png,112.81751,28.289267,03794,830.8690868091347,False,415.8959955537675,False,683,9.013439254702103
405,v9_canny_structure,ok,8625,0.10529303550720215,data/raw/satloc/part_1/UAV Data/traj01/405@113106@112.817510@28.289267.png,112.81751,28.289267,00025,2040.4070517173348,False,588.1772358400669,False,529,9.013439254702103
406,v3_green_suppressed,ok,8625,0.11720705032348633,data/raw/satloc/part_1/UAV Data/traj01/406@114107@112.817632@28.289267.png,112.817632,28.289267,08412,646.8028912740182,False,502.08094569183567,False,588,16.786565814372743
406,v5_edge_magnitude,ok,8625,0.1037440299987793,data/raw/satloc/part_1/UAV Data/traj01/406@114107@112.817632@28.289267.png,112.817632,28.289267,08412,646.8028912740182,False,516.6511969580483,False,593,16.786565814372743
406,v8_lab_logchroma_fused,ok,8625,0.12185502052307129,data/raw/satloc/part_1/UAV Data/traj01/406@114107@112.817632@28.289267.png,112.817632,28.289267,04786,709.0537610373057,False,561.303106853075,False,676,16.786565814372743
406,v9_canny_structure,ok,8625,0.13872671127319336,data/raw/satloc/part_1/UAV Data/traj01/406@114107@112.817632@28.289267.png,112.817632,28.289267,01514,1898.1436009422182,False,596.7939592549859,False,530,16.786565814372743
411,v3_green_suppressed,ok,8625,0.15248394012451172,data/raw/satloc/part_1/UAV Data/traj01/411@119112@112.818242@28.289273.png,112.818242,28.289273,08413,664.1664737759875,False,481.3820343046496,False,1018,9.07975823782192
411,v5_edge_magnitude,ok,8625,0.12996482849121094,data/raw/satloc/part_1/UAV Data/traj01/411@119112@112.818242@28.289273.png,112.818242,28.289273,08413,664.1664737759875,False,570.7252416949391,False,1099,9.07975823782192
411,v8_lab_logchroma_fused,ok,8625,0.11285400390625,data/raw/satloc/part_1/UAV Data/traj01/411@119112@112.818242@28.289273.png,112.818242,28.289273,05038,650.6094557970679,False,571.482186844298,False,938,9.07975823782192
411,v9_canny_structure,ok,8625,0.1165170669555664,data/raw/satloc/part_1/UAV Data/traj01/411@119112@112.818242@28.289273.png,112.818242,28.289273,01514,1937.076960045404,False,571.482186844298,False,1698,9.07975823782192
416,v3_green_suppressed,ok,8625,0.1170051097869873,data/raw/satloc/part_1/UAV Data/traj01/416@124117@112.818855@28.289278.png,112.818855,28.289278,02753,2053.2500309185525,False,533.0387917312731,False,1668,9.291419661399775
416,v5_edge_magnitude,ok,8625,0.13164496421813965,data/raw/satloc/part_1/UAV Data/traj01/416@124117@112.818855@28.289278.png,112.818855,28.289278,08288,683.998883452732,False,528.3118396936975,False,1421,9.291419661399775
416,v8_lab_logchroma_fused,ok,8625,0.15555214881896973,data/raw/satloc/part_1/UAV Data/traj01/416@124117@112.818855@28.289278.png,112.818855,28.289278,04911,769.452416517874,False,671.1001104543162,False,1729,9.291419661399775
416,v9_canny_structure,ok,8625,0.11050295829772949,data/raw/satloc/part_1/UAV Data/traj01/416@124117@112.818855@28.289278.png,112.818855,28.289278,01389,2002.8859627018423,False,528.3118396936975,False,1922,9.291419661399775
421,v3_green_suppressed,ok,8625,0.18711113929748535,data/raw/satloc/part_1/UAV Data/traj01/421@129121@112.819427@28.289281.png,112.819427,28.289281,02751,2160.752353304291,False,569.0826421329824,False,1247,17.107191582538974
421,v5_edge_magnitude,ok,8625,0.11185407638549805,data/raw/satloc/part_1/UAV Data/traj01/421@129121@112.819427@28.289281.png,112.819427,28.289281,08287,755.4129331015893,False,660.7045199112673,False,2338,17.107191582538974
421,v8_lab_logchroma_fused,ok,8625,0.11885905265808105,data/raw/satloc/part_1/UAV Data/traj01/421@129121@112.819427@28.289281.png,112.819427,28.289281,04911,812.8494798380948,False,436.65283879122023,False,1307,17.107191582538974
421,v9_canny_structure,ok,8625,0.10448479652404785,data/raw/satloc/part_1/UAV Data/traj01/421@129121@112.819427@28.289281.png,112.819427,28.289281,00904,1841.7636817878742,False,514.135303750352,False,1192,17.107191582538974
426,v3_green_suppressed,ok,8625,0.1173250675201416,data/raw/satloc/part_1/UAV Data/traj01/426@134126@112.820017@28.289284.png,112.820017,28.289284,02752,2180.351965591429,False,557.4625979151972,False,936,7.6377714434539214
426,v5_edge_magnitude,ok,8625,0.12122702598571777,data/raw/satloc/part_1/UAV Data/traj01/426@134126@112.820017@28.289284.png,112.820017,28.289284,08412,822.8660962538137,False,507.3338449905406,False,1708,7.6377714434539214
426,v8_lab_logchroma_fused,ok,8625,0.12879681587219238,data/raw/satloc/part_1/UAV Data/traj01/426@134126@112.820017@28.289284.png,112.820017,28.289284,03766,1617.4017281547488,False,441.8452518854802,False,792,7.6377714434539214
426,v9_canny_structure,ok,8625,0.1296989917755127,data/raw/satloc/part_1/UAV Data/traj01/426@134126@112.820017@28.289284.png,112.820017,28.289284,01640,2007.1801151006955,False,489.2313088475815,False,702,7.6377714434539214
431,v3_green_suppressed,ok,8625,0.12067198753356934,data/raw/satloc/part_1/UAV Data/traj01/431@139131@112.820621@28.289288.png,112.820621,28.289288,02878,2184.091442804079,False,446.5389574675687,False,721,9.593720762621205
431,v5_edge_magnitude,ok,8625,0.11427998542785645,data/raw/satloc/part_1/UAV Data/traj01/431@139131@112.820621@28.289288.png,112.820621,28.289288,02878,2184.091442804079,False,602.1168187020166,False,1316,9.593720762621205
431,v8_lab_logchroma_fused,ok,8625,0.12816476821899414,data/raw/satloc/part_1/UAV Data/traj01/431@139131@112.820621@28.289288.png,112.820621,28.289288,03766,1668.6383957276478,False,417.14890206637193,False,728,9.593720762621205
431,v9_canny_structure,ok,8625,0.10436081886291504,data/raw/satloc/part_1/UAV Data/traj01/431@139131@112.820621@28.289288.png,112.820621,28.289288,00904,1900.2492500838962,False,477.37151669000116,False,775,9.593720762621205
434,v3_green_suppressed,ok,8625,0.12248992919921875,data/raw/satloc/part_1/UAV Data/traj01/434@142134@112.820985@28.289289.png,112.820985,28.289289,02878,2215.320977326775,False,430.2739852825138,False,433,8.984008888728942
434,v5_edge_magnitude,ok,8625,0.10851287841796875,data/raw/satloc/part_1/UAV Data/traj01/434@142134@112.820985@28.289289.png,112.820985,28.289289,02878,2215.320977326775,False,577.3592356742269,False,780,8.984008888728942
434,v8_lab_logchroma_fused,ok,8625,0.158721923828125,data/raw/satloc/part_1/UAV Data/traj01/434@142134@112.820985@28.289289.png,112.820985,28.289289,03766,1699.838664161366,False,405.86843648499433,False,675,8.984008888728942
434,v9_canny_structure,ok,8625,0.14784908294677734,data/raw/satloc/part_1/UAV Data/traj01/434@142134@112.820985@28.289289.png,112.820985,28.289289,00904,1919.2471514122633,False,439.5543751532128,False,496,8.984008888728942
436,v3_green_suppressed,ok,8625,0.12531495094299316,data/raw/satloc/part_1/UAV Data/traj01/436@144136@112.821227@28.289290.png,112.821227,28.28929,02878,2236.1388877053864,False,420.7506760774466,False,1459,18.284195426582187
436,v5_edge_magnitude,ok,8625,0.11326003074645996,data/raw/satloc/part_1/UAV Data/traj01/436@144136@112.821227@28.289290.png,112.821227,28.28929,06085,908.6846365941868,False,561.5194672888637,False,1778,18.284195426582187
436,v8_lab_logchroma_fused,ok,8625,0.12685537338256836,data/raw/satloc/part_1/UAV Data/traj01/436@144136@112.821227@28.289290.png,112.821227,28.28929,03766,1720.6596122420099,False,390.6250905483795,False,676,18.284195426582187
436,v9_canny_structure,ok,8625,0.10842204093933105,data/raw/satloc/part_1/UAV Data/traj01/436@144136@112.821227@28.289290.png,112.821227,28.28929,07347,1320.311273310964,False,434.0562441801287,False,789,18.284195426582187
441,v3_green_suppressed,ok,8625,0.11925983428955078,data/raw/satloc/part_1/UAV Data/traj01/441@149140@112.821834@28.289296.png,112.821834,28.289296,02753,2304.696419293574,False,411.57778650502377,False,1459,8.745450518943914
441,v5_edge_magnitude,ok,8625,0.11033511161804199,data/raw/satloc/part_1/UAV Data/traj01/441@149140@112.821834@28.289296.png,112.821834,28.289296,04151,1416.0844029928412,False,507.7740478163093,False,1401,8.745450518943914
441,v8_lab_logchroma_fused,ok,8625,0.12173914909362793,data/raw/satloc/part_1/UAV Data/traj01/441@149140@112.821834@28.289296.png,112.821834,28.289296,04151,1416.0844029928412,False,389.6172730246813,False,1347,8.745450518943914
441,v9_canny_structure,ok,8625,0.1329200267791748,data/raw/satloc/part_1/UAV Data/traj01/441@149140@112.821834@28.289296.png,112.821834,28.289296,07732,1622.5197154248413,False,460.25106230849275,False,1453,8.745450518943914
446,v3_green_suppressed,ok,8625,0.11392378807067871,data/raw/satloc/part_1/UAV Data/traj01/446@154145@112.822441@28.289301.png,112.822441,28.289301,02751,2419.1650798464393,False,518.2016890670518,False,791,6.0582132152041765
446,v5_edge_magnitude,ok,8625,0.10738372802734375,data/raw/satloc/part_1/UAV Data/traj01/446@154145@112.822441@28.289301.png,112.822441,28.289301,08347,1272.522617267821,False,402.826752415142,False,734,6.0582132152041765
446,v8_lab_logchroma_fused,ok,8625,0.11916375160217285,data/raw/satloc/part_1/UAV Data/traj01/446@154145@112.822441@28.289301.png,112.822441,28.289301,04669,867.7341459538661,False,712.0044475311521,False,895,6.0582132152041765
446,v9_canny_structure,ok,8625,0.10386919975280762,data/raw/satloc/part_1/UAV Data/traj01/446@154145@112.822441@28.289301.png,112.822441,28.289301,07732,1564.0674659100455,False,735.1948254062895,False,620,6.0582132152041765
450,v3_green_suppressed,ok,8625,0.1125938892364502,data/raw/satloc/part_1/UAV Data/traj01/450@158149@112.822853@28.289306.png,112.822853,28.289306,02626,2470.6735517745165,False,469.6863784015748,False,993,4.729217626508991
450,v5_edge_magnitude,ok,8625,0.1038820743560791,data/raw/satloc/part_1/UAV Data/traj01/450@158149@112.822853@28.289306.png,112.822853,28.289306,01837,1583.7170494784773,False,545.7967539691618,False,898,4.729217626508991
450,v8_lab_logchroma_fused,ok,8625,0.13094401359558105,data/raw/satloc/part_1/UAV Data/traj01/450@158149@112.822853@28.289306.png,112.822853,28.289306,03639,1939.9492497440888,False,538.0444115616112,False,1041,4.729217626508991
450,v9_canny_structure,ok,8625,0.10216712951660156,data/raw/satloc/part_1/UAV Data/traj01/450@158149@112.822853@28.289306.png,112.822853,28.289306,07732,1524.4687264679173,False,684.8364525900827,False,1094,4.729217626508991
451,v3_green_suppressed,ok,8625,0.11465215682983398,data/raw/satloc/part_1/UAV Data/traj01/451@159150@112.822955@28.289308.png,112.822955,28.289308,02626,2479.4752520594852,False,458.21268028362033,False,901,12.549952385648814
451,v5_edge_magnitude,ok,8625,0.10408401489257812,data/raw/satloc/part_1/UAV Data/traj01/451@159150@112.822955@28.289308.png,112.822955,28.289308,08287,1055.2271392191176,False,304.8835460880553,False,1451,12.549952385648814
451,v8_lab_logchroma_fused,ok,8625,0.23877191543579102,data/raw/satloc/part_1/UAV Data/traj01/451@159150@112.822955@28.289308.png,112.822955,28.289308,03639,1948.8541907935098,False,543.1452931635603,False,948,12.549952385648814
451,v9_canny_structure,ok,8625,0.1897897720336914,data/raw/satloc/part_1/UAV Data/traj01/451@159150@112.822955@28.289308.png,112.822955,28.289308,07732,1514.6866297353051,False,564.7535185808357,False,1423,12.549952385648814
456,v3_green_suppressed,ok,8625,0.11352896690368652,data/raw/satloc/part_1/UAV Data/traj01/456@164154@112.823438@28.289323.png,112.823438,28.289323,02751,2505.688392591206,False,440.7646486659891,False,1263,10.960809179136305
456,v5_edge_magnitude,ok,8625,0.1088569164276123,data/raw/satloc/part_1/UAV Data/traj01/456@164154@112.823438@28.289323.png,112.823438,28.289323,05834,685.1557532036231,False,440.7646486659891,False,1596,10.960809179136305
456,v8_lab_logchroma_fused,ok,8625,0.11987090110778809,data/raw/satloc/part_1/UAV Data/traj01/456@164154@112.823438@28.289323.png,112.823438,28.289323,02751,2505.688392591206,False,407.50294762537186,False,975,10.960809179136305
456,v9_canny_structure,ok,8625,0.10456109046936035,data/raw/satloc/part_1/UAV Data/traj01/456@164154@112.823438@28.289323.png,112.823438,28.289323,07732,1468.5192871951872,False,666.5891588975808,False,1859,10.960809179136305
461,v3_green_suppressed,ok,8625,0.11424493789672852,data/raw/satloc/part_1/UAV Data/traj01/461@169159@112.823622@28.289668.png,112.823622,28.289668,05960,678.6090354636119,False,274.08610777396,False,1543,7.40030747271981
461,v5_edge_magnitude,ok,8625,0.10647988319396973,data/raw/satloc/part_1/UAV Data/traj01/461@169159@112.823622@28.289668.png,112.823622,28.289668,05962,746.3268418910778,False,239.47967447581703,False,1477,7.40030747271981
461,v8_lab_logchroma_fused,ok,8625,0.12277817726135254,data/raw/satloc/part_1/UAV Data/traj01/461@169159@112.823622@28.289668.png,112.823622,28.289668,08346,1149.6835682244391,False,274.08610777396,False,759,7.40030747271981
461,v9_canny_structure,ok,8625,0.10965299606323242,data/raw/satloc/part_1/UAV Data/traj01/461@169159@112.823622@28.289668.png,112.823622,28.289668,00777,2109.6619226653934,False,239.47967447581703,False,1771,7.40030747271981
466,v3_green_suppressed,ok,8625,0.26782917976379395,data/raw/satloc/part_1/UAV Data/traj01/466@174164@112.823627@28.290048.png,112.823627,28.290048,02753,2425.0408109185773,False,449.9043816786569,False,1667,11.424056557752632
466,v5_edge_magnitude,ok,8625,0.12950682640075684,data/raw/satloc/part_1/UAV Data/traj01/466@174164@112.823627@28.290048.png,112.823627,28.290048,08347,1199.0605790417972,False,271.61548717324445,False,1384,11.424056557752632
466,v8_lab_logchroma_fused,ok,8625,0.13607406616210938,data/raw/satloc/part_1/UAV Data/traj01/466@174164@112.823627@28.290048.png,112.823627,28.290048,03639,1975.2948701721998,False,449.9043816786569,False,658,11.424056557752632
466,v9_canny_structure,ok,8625,0.1105799674987793,data/raw/satloc/part_1/UAV Data/traj01/466@174164@112.823627@28.290048.png,112.823627,28.290048,04382,2139.689101778747,False,459.60853778639785,False,1399,11.424056557752632
471,v3_green_suppressed,ok,8625,0.1246042251586914,data/raw/satloc/part_1/UAV Data/traj01/471@179169@112.823619@28.290557.png,112.823619,28.290557,02878,2387.8676251362485,False,257.12423443260707,False,401,8.585123097073428
471,v5_edge_magnitude,ok,8625,0.11220097541809082,data/raw/satloc/part_1/UAV Data/traj01/471@179169@112.823619@28.290557.png,112.823619,28.290557,02878,2387.8676251362485,False,123.01608302806116,False,401,8.585123097073428
471,v8_lab_logchroma_fused,ok,8625,0.12006807327270508,data/raw/satloc/part_1/UAV Data/traj01/471@179169@112.823619@28.290557.png,112.823619,28.290557,03515,1934.0094740147078,False,77.02447183220215,False,179,8.585123097073428
471,v9_canny_structure,ok,8625,0.11258101463317871,data/raw/satloc/part_1/UAV Data/traj01/471@179169@112.823619@28.290557.png,112.823619,28.290557,03376,2404.0620033551745,False,183.44797436466632,False,604,8.585123097073428
474,v3_green_suppressed,ok,8625,0.12770318984985352,data/raw/satloc/part_1/UAV Data/traj01/474@182171@112.823615@28.290875.png,112.823615,28.290875,05958,588.202763501036,False,251.083695639209,False,271,8.012273284500402
474,v5_edge_magnitude,ok,8625,0.11505889892578125,data/raw/satloc/part_1/UAV Data/traj01/474@182171@112.823615@28.290875.png,112.823615,28.290875,05958,588.202763501036,False,248.83412851135463,False,259,8.012273284500402
474,v8_lab_logchroma_fused,ok,8625,0.15024209022521973,data/raw/satloc/part_1/UAV Data/traj01/474@182171@112.823615@28.290875.png,112.823615,28.290875,03927,776.6260356520385,False,76.6063358441765,False,204,8.012273284500402
474,v9_canny_structure,ok,8625,0.11436986923217773,data/raw/satloc/part_1/UAV Data/traj01/474@182171@112.823615@28.290875.png,112.823615,28.290875,02752,2419.6298930266357,False,183.62601903353425,False,1830,8.012273284500402
476,v3_green_suppressed,ok,8625,0.11964297294616699,data/raw/satloc/part_1/UAV Data/traj01/476@184173@112.823612@28.291091.png,112.823612,28.291091,05834,624.117569906261,False,20.5536231608308,True,44,16.633339334231525
476,v5_edge_magnitude,ok,8625,0.11527109146118164,data/raw/satloc/part_1/UAV Data/traj01/476@184173@112.823612@28.291091.png,112.823612,28.291091,04269,1712.8088794656942,False,20.5536231608308,True,43,16.633339334231525
476,v8_lab_logchroma_fused,ok,8625,0.12794995307922363,data/raw/satloc/part_1/UAV Data/traj01/476@184173@112.823612@28.291091.png,112.823612,28.291091,03927,758.0922737065351,False,20.5536231608308,True,22,16.633339334231525
476,v9_canny_structure,ok,8625,0.12088394165039062,data/raw/satloc/part_1/UAV Data/traj01/476@184173@112.823612@28.291091.png,112.823612,28.291091,00156,2034.256033890627,False,120.29406719442501,False,841,16.633339334231525
481,v3_green_suppressed,ok,8625,0.11644196510314941,data/raw/satloc/part_1/UAV Data/traj01/481@189178@112.823605@28.291643.png,112.823605,28.291643,05817,31.27622673898626,True,31.27622673898626,True,1,12.454937528965178
481,v5_edge_magnitude,ok,8625,0.11924505233764648,data/raw/satloc/part_1/UAV Data/traj01/481@189178@112.823605@28.291643.png,112.823605,28.291643,05817,31.27622673898626,True,31.27622673898626,True,1,12.454937528965178
481,v8_lab_logchroma_fused,ok,8625,0.12836408615112305,data/raw/satloc/part_1/UAV Data/traj01/481@189178@112.823605@28.291643.png,112.823605,28.291643,05817,31.27622673898626,True,31.27622673898626,True,1,12.454937528965178
481,v9_canny_structure,ok,8625,0.11757397651672363,data/raw/satloc/part_1/UAV Data/traj01/481@189178@112.823605@28.291643.png,112.823605,28.291643,01750,2561.106020560064,False,125.06533252012768,False,106,12.454937528965178
482,v3_green_suppressed,ok,8625,0.13016128540039062,data/raw/satloc/part_1/UAV Data/traj01/482@190179@112.823603@28.291750.png,112.823603,28.29175,05692,31.76542721799197,True,31.76542721799197,True,1,13.126117977139643
482,v5_edge_magnitude,ok,8625,0.11100006103515625,data/raw/satloc/part_1/UAV Data/traj01/482@190179@112.823603@28.291750.png,112.823603,28.29175,05692,31.76542721799197,True,31.76542721799197,True,1,13.126117977139643
482,v8_lab_logchroma_fused,ok,8625,0.12879300117492676,data/raw/satloc/part_1/UAV Data/traj01/482@190179@112.823603@28.291750.png,112.823603,28.29175,05692,31.76542721799197,True,13.126117977139643,True,1,13.126117977139643
482,v9_canny_structure,ok,8625,0.12040185928344727,data/raw/satloc/part_1/UAV Data/traj01/482@190179@112.823603@28.291750.png,112.823603,28.29175,05837,728.0705902750519,False,119.75711237596364,False,69,13.126117977139643
486,v3_green_suppressed,ok,8625,0.19396662712097168,data/raw/satloc/part_1/UAV Data/traj01/486@194183@112.823598@28.292186.png,112.823598,28.292186,05567,29.97380956798691,True,29.97380956798691,True,1,5.244388160514019
486,v5_edge_magnitude,ok,8625,0.12220001220703125,data/raw/satloc/part_1/UAV Data/traj01/486@194183@112.823598@28.292186.png,112.823598,28.292186,05567,29.97380956798691,True,29.97380956798691,True,1,5.244388160514019
486,v8_lab_logchroma_fused,ok,8625,0.12227010726928711,data/raw/satloc/part_1/UAV Data/traj01/486@194183@112.823598@28.292186.png,112.823598,28.292186,03923,778.3228240796283,False,29.97380956798691,True,2,5.244388160514019
486,v9_canny_structure,ok,8625,0.10680198669433594,data/raw/satloc/part_1/UAV Data/traj01/486@194183@112.823598@28.292186.png,112.823598,28.292186,01764,2099.465206050839,False,29.97380956798691,True,35,5.244388160514019
491,v3_green_suppressed,ok,8625,0.11798310279846191,data/raw/satloc/part_1/UAV Data/traj01/491@199188@112.823593@28.292731.png,112.823593,28.292731,05442,40.88315772816771,False,40.88315772816771,False,77,8.831805241274601
491,v5_edge_magnitude,ok,8625,0.1069948673248291,data/raw/satloc/part_1/UAV Data/traj01/491@199188@112.823593@28.292731.png,112.823593,28.292731,05442,40.88315772816771,False,40.88315772816771,False,54,8.831805241274601
491,v8_lab_logchroma_fused,ok,8625,0.13328003883361816,data/raw/satloc/part_1/UAV Data/traj01/491@199188@112.823593@28.292731.png,112.823593,28.292731,03641,1809.9471947823038,False,40.88315772816771,False,198,8.831805241274601
491,v9_canny_structure,ok,8625,0.10623693466186523,data/raw/satloc/part_1/UAV Data/traj01/491@199188@112.823593@28.292731.png,112.823593,28.292731,01639,2086.355791719231,False,109.49760986283495,False,342,8.831805241274601
494,v3_green_suppressed,ok,8625,0.11498808860778809,data/raw/satloc/part_1/UAV Data/traj01/494@202190@112.823589@28.293056.png,112.823589,28.293056,02878,2293.2022221937696,False,48.337328372419194,False,54,7.587429844757188
494,v5_edge_magnitude,ok,8625,0.10815191268920898,data/raw/satloc/part_1/UAV Data/traj01/494@202190@112.823589@28.293056.png,112.823589,28.293056,08413,1332.8250103029377,False,48.337328372419194,False,93,7.587429844757188
494,v8_lab_logchroma_fused,ok,8625,0.15521621704101562,data/raw/satloc/part_1/UAV Data/traj01/494@202190@112.823589@28.293056.png,112.823589,28.293056,03640,1834.6303320388636,False,79.2446434258067,False,162,7.587429844757188
494,v9_canny_structure,ok,8625,0.12531828880310059,data/raw/satloc/part_1/UAV Data/traj01/494@202190@112.823589@28.293056.png,112.823589,28.293056,01514,2085.4129287631054,False,109.02835770757699,False,316,7.587429844757188
496,v3_green_suppressed,ok,8625,0.1224980354309082,data/raw/satloc/part_1/UAV Data/traj01/496@204192@112.823588@28.293272.png,112.823588,28.293272,08538,1373.3046119636097,False,17.740574900845523,True,21,17.740574900845523
496,v5_edge_magnitude,ok,8625,0.11237001419067383,data/raw/satloc/part_1/UAV Data/traj01/496@204192@112.823588@28.293272.png,112.823588,28.293272,08413,1349.1142804564702,False,68.05207831090016,False,89,17.740574900845523
496,v8_lab_logchroma_fused,ok,8625,0.12228679656982422,data/raw/satloc/part_1/UAV Data/traj01/496@204192@112.823588@28.293272.png,112.823588,28.293272,04912,1017.814656831714,False,75.90751596349425,False,56,17.740574900845523
496,v9_canny_structure,ok,8625,0.10706686973571777,data/raw/satloc/part_1/UAV Data/traj01/496@204192@112.823588@28.293272.png,112.823588,28.293272,01514,2073.695157367479,False,75.90751596349425,False,551,17.740574900845523
501,v3_green_suppressed,ok,8625,0.11648893356323242,data/raw/satloc/part_1/UAV Data/traj01/501@209197@112.823585@28.293812.png,112.823585,28.293812,08413,1390.78324453099,False,8.677926862151223,True,20,8.677926862151223
501,v5_edge_magnitude,ok,8625,0.10821390151977539,data/raw/satloc/part_1/UAV Data/traj01/501@209197@112.823585@28.293812.png,112.823585,28.293812,08472,1461.0787231182246,False,41.31018655130612,False,78,8.677926862151223
501,v8_lab_logchroma_fused,ok,8625,0.1431570053100586,data/raw/satloc/part_1/UAV Data/traj01/501@209197@112.823585@28.293812.png,112.823585,28.293812,05907,1224.8994327877674,False,8.677926862151223,True,33,8.677926862151223
501,v9_canny_structure,ok,8625,0.10812211036682129,data/raw/satloc/part_1/UAV Data/traj01/501@209197@112.823585@28.293812.png,112.823585,28.293812,01514,2045.2976566087284,False,85.06615009253768,False,110,8.677926862151223
503,v3_green_suppressed,ok,8625,0.11548519134521484,data/raw/satloc/part_1/UAV Data/traj01/503@211199@112.823586@28.294028.png,112.823586,28.294028,04818,66.08700348066233,False,31.253458854917834,True,34,4.883075297628875
503,v5_edge_magnitude,ok,8625,0.12012696266174316,data/raw/satloc/part_1/UAV Data/traj01/503@211199@112.823586@28.294028.png,112.823586,28.294028,08288,1383.1482321856613,False,66.08700348066233,False,59,4.883075297628875
503,v8_lab_logchroma_fused,ok,8625,0.12202787399291992,data/raw/satloc/part_1/UAV Data/traj01/503@211199@112.823586@28.294028.png,112.823586,28.294028,04818,66.08700348066233,False,31.253458854917834,True,7,4.883075297628875
503,v9_canny_structure,ok,8625,0.10751008987426758,data/raw/satloc/part_1/UAV Data/traj01/503@211199@112.823586@28.294028.png,112.823586,28.294028,01389,2050.386061046506,False,127.44454322590998,False,218,4.883075297628875
506,v3_green_suppressed,ok,8625,0.11698412895202637,data/raw/satloc/part_1/UAV Data/traj01/506@214202@112.823585@28.294347.png,112.823585,28.294347,08287,1432.8460308382905,False,44.99229645606101,False,97,4.4759694374226235
506,v5_edge_magnitude,ok,8625,0.1096339225769043,data/raw/satloc/part_1/UAV Data/traj01/506@214202@112.823585@28.294347.png,112.823585,28.294347,08288,1408.2991069263044,False,44.99229645606101,False,102,4.4759694374226235
506,v8_lab_logchroma_fused,ok,8625,0.1477358341217041,data/raw/satloc/part_1/UAV Data/traj01/506@214202@112.823585@28.294347.png,112.823585,28.294347,04818,73.63318876774095,False,31.301748387090395,True,17,4.4759694374226235
506,v9_canny_structure,ok,8625,0.11472892761230469,data/raw/satloc/part_1/UAV Data/traj01/506@214202@112.823585@28.294347.png,112.823585,28.294347,01389,2034.1766157521486,False,149.05239390065424,False,214,4.4759694374226235
511,v3_green_suppressed,ok,8625,0.11451315879821777,data/raw/satloc/part_1/UAV Data/traj01/511@219206@112.823582@28.294888.png,112.823582,28.294888,04440,40.218959951817254,False,12.652706327353478,True,10,12.652706327353478
511,v5_edge_magnitude,ok,8625,0.10705804824829102,data/raw/satloc/part_1/UAV Data/traj01/511@219206@112.823582@28.294888.png,112.823582,28.294888,06584,853.6431198706499,False,33.76914291407869,True,15,12.652706327353478
511,v8_lab_logchroma_fused,ok,8625,0.12562108039855957,data/raw/satloc/part_1/UAV Data/traj01/511@219206@112.823582@28.294888.png,112.823582,28.294888,04440,40.218959951817254,False,12.652706327353478,True,4,12.652706327353478
511,v9_canny_structure,ok,8625,0.11585474014282227,data/raw/satloc/part_1/UAV Data/traj01/511@219206@112.823582@28.294888.png,112.823582,28.294888,06620,1969.6657090049325,False,38.843973710506496,True,36,12.652706327353478
516,v3_green_suppressed,ok,8625,0.12106895446777344,data/raw/satloc/part_1/UAV Data/traj01/516@224211@112.823576@28.295411.png,112.823576,28.295411,04315,39.32744336246605,True,39.32744336246605,True,1,11.410698265897162
516,v5_edge_magnitude,ok,8625,0.10673093795776367,data/raw/satloc/part_1/UAV Data/traj01/516@224211@112.823576@28.295411.png,112.823576,28.295411,04495,1882.9912683128114,False,33.93344802551496,True,4,11.410698265897162
516,v8_lab_logchroma_fused,ok,8625,0.12330389022827148,data/raw/satloc/part_1/UAV Data/traj01/516@224211@112.823576@28.295411.png,112.823576,28.295411,04495,1882.9912683128114,False,33.93344802551496,True,2,11.410698265897162
516,v9_canny_structure,ok,8625,0.10700297355651855,data/raw/satloc/part_1/UAV Data/traj01/516@224211@112.823576@28.295411.png,112.823576,28.295411,02938,388.24369307145497,False,39.32744336246605,True,2,11.410698265897162
521,v3_green_suppressed,ok,8625,0.11751985549926758,data/raw/satloc/part_1/UAV Data/traj01/521@229216@112.823573@28.295910.png,112.823573,28.29591,04374,2023.4592301404148,False,37.59273079332692,True,11,4.158568414543317
521,v5_edge_magnitude,ok,8625,0.10969901084899902,data/raw/satloc/part_1/UAV Data/traj01/521@229216@112.823573@28.295910.png,112.823573,28.29591,02120,1964.7549831164824,False,37.59273079332692,True,46,4.158568414543317
521,v8_lab_logchroma_fused,ok,8625,0.12298226356506348,data/raw/satloc/part_1/UAV Data/traj01/521@229216@112.823573@28.295910.png,112.823573,28.29591,04355,1360.6632553775837,False,45.2568312141196,False,66,4.158568414543317
521,v9_canny_structure,ok,8625,0.1066131591796875,data/raw/satloc/part_1/UAV Data/traj01/521@229216@112.823573@28.295910.png,112.823573,28.29591,02832,658.3534235814041,False,37.59273079332692,True,44,4.158568414543317
526,v3_green_suppressed,ok,8625,0.11796784400939941,data/raw/satloc/part_1/UAV Data/traj01/526@234221@112.823566@28.296405.png,112.823566,28.296405,05098,1163.448322647887,False,37.09728850001139,True,38,16.928956063141605
526,v5_edge_magnitude,ok,8625,0.10807394981384277,data/raw/satloc/part_1/UAV Data/traj01/526@234221@112.823566@28.296405.png,112.823566,28.296405,02938,283.3301626235904,False,40.430737986077,False,112,16.928956063141605
526,v8_lab_logchroma_fused,ok,8625,0.12193584442138672,data/raw/satloc/part_1/UAV Data/traj01/526@234221@112.823566@28.296405.png,112.823566,28.296405,00610,1791.9840233814364,False,40.430737986077,False,228,16.928956063141605
526,v9_canny_structure,ok,8625,0.1058199405670166,data/raw/satloc/part_1/UAV Data/traj01/526@234221@112.823566@28.296405.png,112.823566,28.296405,02938,283.3301626235904,False,40.430737986077,False,630,16.928956063141605
531,v3_green_suppressed,ok,8625,0.1415417194366455,data/raw/satloc/part_1/UAV Data/traj01/531@239225@112.823561@28.296906.png,112.823561,28.296906,03815,52.25733266847331,False,36.3730824977982,True,3,3.0234976051526563
531,v5_edge_magnitude,ok,8625,0.1410989761352539,data/raw/satloc/part_1/UAV Data/traj01/531@239225@112.823561@28.296906.png,112.823561,28.296906,03815,52.25733266847331,False,52.25733266847331,False,56,3.0234976051526563
531,v8_lab_logchroma_fused,ok,8625,0.15143275260925293,data/raw/satloc/part_1/UAV Data/traj01/531@239225@112.823561@28.296906.png,112.823561,28.296906,00836,1061.2573100528405,False,36.3730824977982,True,34,3.0234976051526563
531,v9_canny_structure,ok,8625,0.11019778251647949,data/raw/satloc/part_1/UAV Data/traj01/531@239225@112.823561@28.296906.png,112.823561,28.296906,02084,772.5215129776537,False,36.3730824977982,True,19,3.0234976051526563
533,v3_green_suppressed,ok,8625,0.1197509765625,data/raw/satloc/part_1/UAV Data/traj01/533@241227@112.823559@28.297117.png,112.823559,28.297117,04845,1067.046221434742,False,44.564443668523495,False,326,8.83342544068745
533,v5_edge_magnitude,ok,8625,0.1173698902130127,data/raw/satloc/part_1/UAV Data/traj01/533@241227@112.823559@28.297117.png,112.823559,28.297117,04249,2030.5044405476458,False,70.93889371073242,False,613,8.83342544068745
533,v8_lab_logchroma_fused,ok,8625,0.12387871742248535,data/raw/satloc/part_1/UAV Data/traj01/533@241227@112.823559@28.297117.png,112.823559,28.297117,00362,1848.0499386712856,False,70.93889371073242,False,165,8.83342544068745
533,v9_canny_structure,ok,8625,0.10625910758972168,data/raw/satloc/part_1/UAV Data/traj01/533@241227@112.823559@28.297117.png,112.823559,28.297117,05832,833.5763002535389,False,70.93889371073242,False,4991,8.83342544068745
536,v3_green_suppressed,ok,8625,0.11646604537963867,data/raw/satloc/part_1/UAV Data/traj01/536@244230@112.823559@28.297448.png,112.823559,28.297448,05098,1202.2383444797913,False,72.57024024045764,False,288,6.967019875213822
536,v5_edge_magnitude,ok,8625,0.11060285568237305,data/raw/satloc/part_1/UAV Data/traj01/536@244230@112.823559@28.297448.png,112.823559,28.297448,05098,1202.2383444797913,False,72.57024024045764,False,419,6.967019875213822
536,v8_lab_logchroma_fused,ok,8625,0.12265682220458984,data/raw/satloc/part_1/UAV Data/traj01/536@244230@112.823559@28.297448.png,112.823559,28.297448,04124,2030.653342861162,False,45.69789101857531,False,126,6.967019875213822
536,v9_canny_structure,ok,8625,0.10741782188415527,data/raw/satloc/part_1/UAV Data/traj01/536@244230@112.823559@28.297448.png,112.823559,28.297448,04647,1574.9434351268724,False,383.42830728123084,False,5019,6.967019875213822
541,v3_green_suppressed,ok,8625,0.11532306671142578,data/raw/satloc/part_1/UAV Data/traj01/541@249235@112.823560@28.297979.png,112.82356,28.297979,02463,799.7217953231267,False,195.2290677089874,False,974,17.30361969206943
541,v5_edge_magnitude,ok,8625,0.10869669914245605,data/raw/satloc/part_1/UAV Data/traj01/541@249235@112.823560@28.297979.png,112.82356,28.297979,03748,1992.4309620315896,False,127.26164541150614,False,1543,17.30361969206943
541,v8_lab_logchroma_fused,ok,8625,0.12515783309936523,data/raw/satloc/part_1/UAV Data/traj01/541@249235@112.823560@28.297979.png,112.82356,28.297979,03748,1992.4309620315896,False,40.25532705462775,False,946,17.30361969206943
541,v9_canny_structure,ok,8625,0.10720705986022949,data/raw/satloc/part_1/UAV Data/traj01/541@249235@112.823560@28.297979.png,112.82356,28.297979,01487,1682.6679115693355,False,441.157208238328,False,4088,17.30361969206943
546,v3_green_suppressed,ok,8625,0.11360001564025879,data/raw/satloc/part_1/UAV Data/traj01/546@254239@112.823588@28.298467.png,112.823588,28.298467,03065,38.952104710276856,True,4.344291767816918,True,1,4.344291767816918
546,v5_edge_magnitude,ok,8625,0.10748958587646484,data/raw/satloc/part_1/UAV Data/traj01/546@254239@112.823588@28.298467.png,112.823588,28.298467,05597,1285.5890618686487,False,4.344291767816918,True,6,4.344291767816918
546,v8_lab_logchroma_fused,ok,8625,0.12228918075561523,data/raw/satloc/part_1/UAV Data/traj01/546@254239@112.823588@28.298467.png,112.823588,28.298467,03065,38.952104710276856,True,4.344291767816918,True,1,4.344291767816918
546,v9_canny_structure,ok,8625,0.10508179664611816,data/raw/satloc/part_1/UAV Data/traj01/546@254239@112.823588@28.298467.png,112.823588,28.298467,01356,1475.1772305882473,False,4.344291767816918,True,19,4.344291767816918
551,v3_green_suppressed,ok,8625,0.11447429656982422,data/raw/satloc/part_1/UAV Data/traj01/551@259244@112.823611@28.298930.png,112.823611,28.29893,02977,1250.6735961045024,False,19.291946101372673,True,22,17.804286681114306
551,v5_edge_magnitude,ok,8625,0.12272977828979492,data/raw/satloc/part_1/UAV Data/traj01/551@259244@112.823611@28.298930.png,112.823611,28.29893,02977,1250.6735961045024,False,19.291946101372673,True,21,17.804286681114306
551,v8_lab_logchroma_fused,ok,8625,0.1134037971496582,data/raw/satloc/part_1/UAV Data/traj01/551@259244@112.823611@28.298930.png,112.823611,28.29893,02977,1250.6735961045024,False,19.291946101372673,True,19,17.804286681114306
551,v9_canny_structure,ok,8625,0.11555910110473633,data/raw/satloc/part_1/UAV Data/traj01/551@259244@112.823611@28.298930.png,112.823611,28.29893,02957,552.6214154305512,False,19.291946101372673,True,26,17.804286681114306
556,v3_green_suppressed,ok,8625,0.11526894569396973,data/raw/satloc/part_1/UAV Data/traj01/556@264249@112.823612@28.299111.png,112.823612,28.299111,02974,1146.351016721857,False,56.35162596251339,False,72,7.2339504555430585
556,v5_edge_magnitude,ok,8625,0.1302320957183838,data/raw/satloc/part_1/UAV Data/traj01/556@264249@112.823612@28.299111.png,112.823612,28.299111,05473,1332.9397318610388,False,63.5617505054271,False,112,7.2339504555430585
556,v8_lab_logchroma_fused,ok,8625,0.13877296447753906,data/raw/satloc/part_1/UAV Data/traj01/556@264249@112.823612@28.299111.png,112.823612,28.299111,02974,1146.351016721857,False,28.765244690436067,True,37,7.2339504555430585
556,v9_canny_structure,ok,8625,0.10377907752990723,data/raw/satloc/part_1/UAV Data/traj01/556@264249@112.823612@28.299111.png,112.823612,28.299111,04480,1430.3047887097025,False,7.2339504555430585,True,17,7.2339504555430585
561,v3_green_suppressed,ok,8625,0.11616730690002441,data/raw/satloc/part_1/UAV Data/traj01/561@269254@112.823610@28.299110.png,112.82361,28.29911,04629,2233.769617515345,False,562.0707211237336,False,7865,7.008808334416276
561,v5_edge_magnitude,ok,8625,0.10864710807800293,data/raw/satloc/part_1/UAV Data/traj01/561@269254@112.823610@28.299110.png,112.82361,28.29911,01513,1888.349437173703,False,587.2769731974296,False,7929,7.008808334416276
561,v8_lab_logchroma_fused,ok,8625,0.1353621482849121,data/raw/satloc/part_1/UAV Data/traj01/561@269254@112.823610@28.299110.png,112.82361,28.29911,01513,1888.349437173703,False,587.2769731974296,False,8081,7.008808334416276
561,v9_canny_structure,ok,8625,0.12458205223083496,data/raw/satloc/part_1/UAV Data/traj01/561@269254@112.823610@28.299110.png,112.82361,28.29911,04629,2233.769617515345,False,611.1199444729042,False,7880,7.008808334416276
564,v3_green_suppressed,ok,8625,0.12461400032043457,data/raw/satloc/part_1/UAV Data/traj01/564@272256@112.823610@28.299110.png,112.82361,28.29911,05599,1381.470709577026,False,38.75681158318906,True,28,7.008808334416276
564,v5_edge_magnitude,ok,8625,0.13372015953063965,data/raw/satloc/part_1/UAV Data/traj01/564@272256@112.823610@28.299110.png,112.82361,28.29911,03736,1584.3444823255707,False,47.86307477668596,False,67,7.008808334416276
564,v8_lab_logchroma_fused,ok,8625,0.14470386505126953,data/raw/satloc/part_1/UAV Data/traj01/564@272256@112.823610@28.299110.png,112.82361,28.29911,03085,661.2137645249275,False,47.86307477668596,False,74,7.008808334416276
564,v9_canny_structure,ok,8625,0.11261320114135742,data/raw/satloc/part_1/UAV Data/traj01/564@272256@112.823610@28.299110.png,112.82361,28.29911,03114,1671.174806255892,False,47.86307477668596,False,105,7.008808334416276
566,v3_green_suppressed,ok,8625,0.12497806549072266,data/raw/satloc/part_1/UAV Data/traj01/566@274258@112.823610@28.299104.png,112.82361,28.299104,05599,1381.0982356595218,False,38.09826607719721,True,28,6.715914783704999
566,v5_edge_magnitude,ok,8625,0.10878109931945801,data/raw/satloc/part_1/UAV Data/traj01/566@274258@112.823610@28.299104.png,112.82361,28.299104,03736,1584.2403252269353,False,47.33139978436173,False,65,6.715914783704999
566,v8_lab_logchroma_fused,ok,8625,0.12250518798828125,data/raw/satloc/part_1/UAV Data/traj01/566@274258@112.823610@28.299104.png,112.82361,28.299104,03085,661.1402736900575,False,47.33139978436173,False,67,6.715914783704999
566,v9_canny_structure,ok,8625,0.10591006278991699,data/raw/satloc/part_1/UAV Data/traj01/566@274258@112.823610@28.299104.png,112.82361,28.299104,03114,1671.1457701169634,False,47.33139978436173,False,101,6.715914783704999
571,v3_green_suppressed,ok,8625,0.11158394813537598,data/raw/satloc/part_1/UAV Data/traj01/571@279263@112.823610@28.298927.png,112.82361,28.298927,02961,692.2938686618959,False,18.944645732436342,True,26,18.08340086672567
571,v5_edge_magnitude,ok,8625,0.11278486251831055,data/raw/satloc/part_1/UAV Data/traj01/571@279263@112.823610@28.298927.png,112.82361,28.298927,05471,1263.787738045516,False,204.01710985154185,False,66,18.08340086672567
571,v8_lab_logchroma_fused,ok,8625,0.12125086784362793,data/raw/satloc/part_1/UAV Data/traj01/571@279263@112.823610@28.298927.png,112.82361,28.298927,01971,1073.4800849511514,False,18.944645732436342,True,38,18.08340086672567
571,v9_canny_structure,ok,8625,0.16350269317626953,data/raw/satloc/part_1/UAV Data/traj01/571@279263@112.823610@28.298927.png,112.82361,28.298927,03736,1581.2912438195046,False,169.3470209370242,False,58,18.08340086672567
573,v3_green_suppressed,ok,8625,0.12157011032104492,data/raw/satloc/part_1/UAV Data/traj01/573@281265@112.823608@28.298904.png,112.823608,28.298904,05796,1079.7272137935406,False,763.068244944833,False,7798,16.475088631183265
573,v5_edge_magnitude,ok,8625,0.16762375831604004,data/raw/satloc/part_1/UAV Data/traj01/573@281265@112.823608@28.298904.png,112.823608,28.298904,04504,2220.6429085593422,False,597.2756919587115,False,7863,16.475088631183265
573,v8_lab_logchroma_fused,ok,8625,0.1393272876739502,data/raw/satloc/part_1/UAV Data/traj01/573@281265@112.823608@28.298904.png,112.823608,28.298904,04504,2220.6429085593422,False,568.1063808885397,False,8030,16.475088631183265
573,v9_canny_structure,ok,8625,0.10942387580871582,data/raw/satloc/part_1/UAV Data/traj01/573@281265@112.823608@28.298904.png,112.823608,28.298904,04629,2228.286767291819,False,630.6417330852199,False,7872,16.475088631183265
576,v3_green_suppressed,ok,8625,0.11764025688171387,data/raw/satloc/part_1/UAV Data/traj01/576@284268@112.823599@28.298901.png,112.823599,28.298901,05127,2330.081577416698,False,615.9148385559512,False,8028,15.860698283126537
576,v5_edge_magnitude,ok,8625,0.13070106506347656,data/raw/satloc/part_1/UAV Data/traj01/576@284268@112.823599@28.298901.png,112.823599,28.298901,00368,1947.52323609762,False,533.3509578907225,False,8063,15.860698283126537
576,v8_lab_logchroma_fused,ok,8625,0.16317963600158691,data/raw/satloc/part_1/UAV Data/traj01/576@284268@112.823599@28.298901.png,112.823599,28.298901,00493,1934.9199636736228,False,533.3509578907225,False,8040,15.860698283126537
576,v9_canny_structure,ok,8625,0.12190485000610352,data/raw/satloc/part_1/UAV Data/traj01/576@284268@112.823599@28.298901.png,112.823599,28.298901,00368,1947.52323609762,False,584.4667127121523,False,7870,15.860698283126537
577,v3_green_suppressed,ok,8625,0.12086296081542969,data/raw/satloc/part_1/UAV Data/traj01/577@285269@112.823580@28.298897.png,112.82358,28.298897,05127,2328.170876843154,False,544.4828956450446,False,7991,14.931491076707529
577,v5_edge_magnitude,ok,8625,0.12510085105895996,data/raw/satloc/part_1/UAV Data/traj01/577@285269@112.823580@28.298897.png,112.82358,28.298897,00368,1949.4163461478022,False,535.2635983200925,False,8047,14.931491076707529
577,v8_lab_logchroma_fused,ok,8625,0.1584458351135254,data/raw/satloc/part_1/UAV Data/traj01/577@285269@112.823580@28.298897.png,112.82358,28.298897,00493,1936.817378951831,False,535.2635983200925,False,8048,14.931491076707529
577,v9_canny_structure,ok,8625,0.1402430534362793,data/raw/satloc/part_1/UAV Data/traj01/577@285269@112.823580@28.298897.png,112.82358,28.298897,00368,1949.4163461478022,False,584.2006954013398,False,7897,14.931491076707529
581,v3_green_suppressed,ok,8625,0.12953710556030273,data/raw/satloc/part_1/UAV Data/traj01/581@289273@112.823396@28.298859.png,112.823396,28.298859,00368,1967.7214688758818,False,600.8177344292369,False,7599,18.057110853079067
581,v5_edge_magnitude,ok,8625,0.1551070213317871,data/raw/satloc/part_1/UAV Data/traj01/581@289273@112.823396@28.298859.png,112.823396,28.298859,00368,1967.7214688758818,False,553.7668739724363,False,7616,18.057110853079067
581,v8_lab_logchroma_fused,ok,8625,0.15538787841796875,data/raw/satloc/part_1/UAV Data/traj01/581@289273@112.823396@28.298859.png,112.823396,28.298859,00368,1967.7214688758818,False,553.7668739724363,False,7363,18.057110853079067
581,v9_canny_structure,ok,8625,0.11517190933227539,data/raw/satloc/part_1/UAV Data/traj01/581@289273@112.823396@28.298859.png,112.823396,28.298859,00368,1967.7214688758818,False,516.5831316860925,False,7382,18.057110853079067
586,v3_green_suppressed,ok,8625,0.12227606773376465,data/raw/satloc/part_1/UAV Data/traj01/586@3002@112.822973@28.298770.png,112.822973,28.29877,00368,2009.8836912608188,False,497.7245140307171,False,6029,13.622281537351393
586,v5_edge_magnitude,ok,8625,0.13407421112060547,data/raw/satloc/part_1/UAV Data/traj01/586@3002@112.822973@28.298770.png,112.822973,28.29877,00243,2022.8739720310684,False,532.0909637261522,False,5263,13.622281537351393
586,v8_lab_logchroma_fused,ok,8625,0.14136576652526855,data/raw/satloc/part_1/UAV Data/traj01/586@3002@112.822973@28.298770.png,112.822973,28.29877,00368,2009.8836912608188,False,511.8771464560593,False,6079,13.622281537351393
586,v9_canny_structure,ok,8625,0.145219087600708,data/raw/satloc/part_1/UAV Data/traj01/586@3002@112.822973@28.298770.png,112.822973,28.29877,00243,2022.8739720310684,False,511.8771464560593,False,7092,13.622281537351393
591,v3_green_suppressed,ok,8625,0.1397256851196289,data/raw/satloc/part_1/UAV Data/traj01/591@8007@112.822469@28.298664.png,112.822469,28.298664,05195,664.122350840448,False,278.6999860848295,False,2642,11.358096341943831
591,v5_edge_magnitude,ok,8625,0.14806461334228516,data/raw/satloc/part_1/UAV Data/traj01/591@8007@112.822469@28.298664.png,112.822469,28.298664,01331,782.5416809673015,False,278.6999860848295,False,577,11.358096341943831
591,v8_lab_logchroma_fused,ok,8625,0.16948390007019043,data/raw/satloc/part_1/UAV Data/traj01/591@8007@112.822469@28.298664.png,112.822469,28.298664,01331,782.5416809673015,False,278.6999860848295,False,1174,11.358096341943831
591,v9_canny_structure,ok,8625,0.16060185432434082,data/raw/satloc/part_1/UAV Data/traj01/591@8007@112.822469@28.298664.png,112.822469,28.298664,01393,1628.0581126685745,False,140.81553963948497,False,4082,11.358096341943831
596,v3_green_suppressed,ok,8625,0.1297290325164795,data/raw/satloc/part_1/UAV Data/traj01/596@13012@112.821971@28.298559.png,112.821971,28.298559,02805,236.90237893530468,False,203.23023398275845,False,1600,18.89463769234253
596,v5_edge_magnitude,ok,8625,0.15729475021362305,data/raw/satloc/part_1/UAV Data/traj01/596@13012@112.821971@28.298559.png,112.821971,28.298559,00944,636.7641900914416,False,203.23023398275845,False,306,18.89463769234253
596,v8_lab_logchroma_fused,ok,8625,0.16492605209350586,data/raw/satloc/part_1/UAV Data/traj01/596@13012@112.821971@28.298559.png,112.821971,28.298559,01342,1164.1594278983264,False,203.23023398275845,False,1439,18.89463769234253
596,v9_canny_structure,ok,8625,0.14225482940673828,data/raw/satloc/part_1/UAV Data/traj01/596@13012@112.821971@28.298559.png,112.821971,28.298559,06413,1260.625755106704,False,179.5782502295871,False,442,18.89463769234253
601,v3_green_suppressed,ok,8625,0.15294790267944336,data/raw/satloc/part_1/UAV Data/traj01/601@18017@112.821478@28.298454.png,112.821478,28.298454,05484,1828.5037972274613,False,363.0908847605017,False,5096,6.893828929356636
601,v5_edge_magnitude,ok,8625,0.13064980506896973,data/raw/satloc/part_1/UAV Data/traj01/601@18017@112.821478@28.298454.png,112.821478,28.298454,00461,1161.353825895991,False,323.72295393376635,False,5467,6.893828929356636
601,v8_lab_logchroma_fused,ok,8625,0.15443181991577148,data/raw/satloc/part_1/UAV Data/traj01/601@18017@112.821478@28.298454.png,112.821478,28.298454,05484,1828.5037972274613,False,363.0908847605017,False,5531,6.893828929356636
601,v9_canny_structure,ok,8625,0.13413405418395996,data/raw/satloc/part_1/UAV Data/traj01/601@18017@112.821478@28.298454.png,112.821478,28.298454,06288,1193.8325987294747,False,69.93782905627909,False,4401,6.893828929356636
606,v3_green_suppressed,ok,8625,0.137099027633667,data/raw/satloc/part_1/UAV Data/traj01/606@23021@112.820983@28.298350.png,112.820983,28.29835,07996,2557.0024602912176,False,260.35700795301256,False,394,13.139994995612343
606,v5_edge_magnitude,ok,8625,0.13341498374938965,data/raw/satloc/part_1/UAV Data/traj01/606@23021@112.820983@28.298350.png,112.820983,28.29835,05215,1234.842463538667,False,259.74084824622486,False,409,13.139994995612343
606,v8_lab_logchroma_fused,ok,8625,0.15330004692077637,data/raw/satloc/part_1/UAV Data/traj01/606@23021@112.820983@28.298350.png,112.820983,28.29835,05356,1759.3456636125495,False,259.74084824622486,False,342,13.139994995612343
606,v9_canny_structure,ok,8625,0.13179302215576172,data/raw/satloc/part_1/UAV Data/traj01/606@23021@112.820983@28.298350.png,112.820983,28.29835,03756,1854.266919243125,False,552.0322422624473,False,1956,13.139994995612343
611,v3_green_suppressed,ok,8625,0.12030792236328125,data/raw/satloc/part_1/UAV Data/traj01/611@28026@112.820486@28.298245.png,112.820486,28.298245,04378,1933.7492972580865,False,439.10789350090755,False,760,18.769109749116424
611,v5_edge_magnitude,ok,8625,0.14050579071044922,data/raw/satloc/part_1/UAV Data/traj01/611@28026@112.820486@28.298245.png,112.820486,28.298245,04378,1933.7492972580865,False,236.93884946274804,False,598,18.769109749116424
611,v8_lab_logchroma_fused,ok,8625,0.14851021766662598,data/raw/satloc/part_1/UAV Data/traj01/611@28026@112.820486@28.298245.png,112.820486,28.298245,04378,1933.7492972580865,False,189.43180621413111,False,420,18.769109749116424
611,v9_canny_structure,ok,8625,0.12718582153320312,data/raw/satloc/part_1/UAV Data/traj01/611@28026@112.820486@28.298245.png,112.820486,28.298245,04752,1989.9526269698129,False,1036.4682670365426,False,1799,18.769109749116424
614,v3_green_suppressed,ok,8625,0.12094998359680176,data/raw/satloc/part_1/UAV Data/traj01/614@31029@112.820188@28.298182.png,112.820188,28.298182,03505,1804.05349735996,False,198.8225095848538,False,950,15.475847478493524
614,v5_edge_magnitude,ok,8625,0.1289200782775879,data/raw/satloc/part_1/UAV Data/traj01/614@31029@112.820188@28.298182.png,112.820188,28.298182,04378,1903.778953869429,False,141.90573834343806,False,742,15.475847478493524
614,v8_lab_logchroma_fused,ok,8625,0.13207101821899414,data/raw/satloc/part_1/UAV Data/traj01/614@31029@112.820188@28.298182.png,112.820188,28.298182,03505,1804.05349735996,False,141.90573834343806,False,1602,15.475847478493524
614,v9_canny_structure,ok,8625,0.13426780700683594,data/raw/satloc/part_1/UAV Data/traj01/614@31029@112.820188@28.298182.png,112.820188,28.298182,04502,1944.7778207945855,False,693.7467589063283,False,808,15.475847478493524
616,v3_green_suppressed,ok,8625,0.12494492530822754,data/raw/satloc/part_1/UAV Data/traj01/616@33031@112.819989@28.298140.png,112.819989,28.29814,03505,1784.325931274716,False,144.73304604901867,False,895,0.7900792620320365
616,v5_edge_magnitude,ok,8625,0.12243008613586426,data/raw/satloc/part_1/UAV Data/traj01/616@33031@112.819989@28.298140.png,112.819989,28.29814,04762,1602.5817078834807,False,126.51100062871275,False,362,0.7900792620320365
616,v8_lab_logchroma_fused,ok,8625,0.14708209037780762,data/raw/satloc/part_1/UAV Data/traj01/616@33031@112.819989@28.298140.png,112.819989,28.29814,04762,1602.5817078834807,False,144.73304604901867,False,597,0.7900792620320365
616,v9_canny_structure,ok,8625,0.14299368858337402,data/raw/satloc/part_1/UAV Data/traj01/616@33031@112.819989@28.298140.png,112.819989,28.29814,04502,1924.7542263881717,False,698.1221848712684,False,460,0.7900792620320365
621,v3_green_suppressed,ok,8625,0.14032316207885742,data/raw/satloc/part_1/UAV Data/traj01/621@38035@112.819492@28.298035.png,112.819492,28.298035,05901,1253.6433749195157,False,92.44761537497416,False,124,17.309750416825356
621,v5_edge_magnitude,ok,8625,0.1365351676940918,data/raw/satloc/part_1/UAV Data/traj01/621@38035@112.819492@28.298035.png,112.819492,28.298035,04377,1868.1139578408938,False,24.71865113573828,True,24,17.309750416825356
621,v8_lab_logchroma_fused,ok,8625,0.14377069473266602,data/raw/satloc/part_1/UAV Data/traj01/621@38035@112.819492@28.298035.png,112.819492,28.298035,03004,1768.083949994498,False,128.80822271172164,False,66,17.309750416825356
621,v9_canny_structure,ok,8625,0.1256861686706543,data/raw/satloc/part_1/UAV Data/traj01/621@38035@112.819492@28.298035.png,112.819492,28.298035,04377,1868.1139578408938,False,57.96541863031011,False,183,17.309750416825356
626,v3_green_suppressed,ok,8625,0.12205266952514648,data/raw/satloc/part_1/UAV Data/traj01/626@43040@112.818994@28.297930.png,112.818994,28.29793,03281,776.2085238331828,False,78.78194827733044,False,251,14.30252243149445
626,v5_edge_magnitude,ok,8625,0.132080078125,data/raw/satloc/part_1/UAV Data/traj01/626@43040@112.818994@28.297930.png,112.818994,28.29793,04545,461.40263606125217,False,48.79917901986137,False,127,14.30252243149445
626,v8_lab_logchroma_fused,ok,8625,0.14864277839660645,data/raw/satloc/part_1/UAV Data/traj01/626@43040@112.818994@28.297930.png,112.818994,28.29793,03004,1719.6990931207454,False,78.78194827733044,False,377,14.30252243149445
626,v9_canny_structure,ok,8625,0.1365509033203125,data/raw/satloc/part_1/UAV Data/traj01/626@43040@112.818994@28.297930.png,112.818994,28.29793,05407,957.0510126841516,False,24.477545057639603,True,17,14.30252243149445
631,v3_green_suppressed,ok,8625,0.13958477973937988,data/raw/satloc/part_1/UAV Data/traj01/631@48045@112.818498@28.297825.png,112.818498,28.297825,03918,354.65048671295403,False,94.79163479293052,False,189,5.582714184244813
631,v5_edge_magnitude,ok,8625,0.1292107105255127,data/raw/satloc/part_1/UAV Data/traj01/631@48045@112.818498@28.297825.png,112.818498,28.297825,04402,922.445754875,False,94.79163479293052,False,120,5.582714184244813
631,v8_lab_logchroma_fused,ok,8625,0.14431095123291016,data/raw/satloc/part_1/UAV Data/traj01/631@48045@112.818498@28.297825.png,112.818498,28.297825,03252,1739.9867687668204,False,260.8192005667495,False,103,5.582714184244813
631,v9_canny_structure,ok,8625,0.14751791954040527,data/raw/satloc/part_1/UAV Data/traj01/631@48045@112.818498@28.297825.png,112.818498,28.297825,04813,572.2641277266958,False,247.21683248838966,False,390,5.582714184244813
636,v3_green_suppressed,ok,8625,0.13718295097351074,data/raw/satloc/part_1/UAV Data/traj01/636@53050@112.818412@28.297804.png,112.818412,28.297804,03918,346.1792932978889,False,91.13457232192427,False,269,14.173137208033934
636,v5_edge_magnitude,ok,8625,0.139693021774292,data/raw/satloc/part_1/UAV Data/traj01/636@53050@112.818412@28.297804.png,112.818412,28.297804,04402,913.7342854266874,False,238.96885369668203,False,160,14.173137208033934
636,v8_lab_logchroma_fused,ok,8625,0.15449309349060059,data/raw/satloc/part_1/UAV Data/traj01/636@53050@112.818412@28.297804.png,112.818412,28.297804,03252,1731.5683651979907,False,346.1792932978889,False,184,14.173137208033934
636,v9_canny_structure,ok,8625,0.13173508644104004,data/raw/satloc/part_1/UAV Data/traj01/636@53050@112.818412@28.297804.png,112.818412,28.297804,00778,1081.441527829086,False,362.215421390048,False,476,14.173137208033934
641,v3_green_suppressed,ok,8625,0.13264203071594238,data/raw/satloc/part_1/UAV Data/traj01/641@58054@112.818486@28.297818.png,112.818486,28.297818,02752,1744.4541594574855,False,197.47445916135064,False,330,6.786711821450893
641,v5_edge_magnitude,ok,8625,0.13514232635498047,data/raw/satloc/part_1/UAV Data/traj01/641@58054@112.818486@28.297818.png,112.818486,28.297818,04507,1602.636659748509,False,142.96361265432415,False,361,6.786711821450893
641,v8_lab_logchroma_fused,ok,8625,0.15791916847229004,data/raw/satloc/part_1/UAV Data/traj01/641@58054@112.818486@28.297818.png,112.818486,28.297818,05185,596.2289604857691,False,197.47445916135064,False,333,6.786711821450893
641,v9_canny_structure,ok,8625,0.13365697860717773,data/raw/satloc/part_1/UAV Data/traj01/641@58054@112.818486@28.297818.png,112.818486,28.297818,00777,1112.911896285799,False,349.28049258015454,False,666,6.786711821450893
646,v3_green_suppressed,ok,8625,0.13594293594360352,data/raw/satloc/part_1/UAV Data/traj01/646@63059@112.818486@28.297819.png,112.818486,28.297819,08412,1521.6150692988497,False,197.53310364683296,False,278,6.777049152418831
646,v5_edge_magnitude,ok,8625,0.13312506675720215,data/raw/satloc/part_1/UAV Data/traj01/646@63059@112.818486@28.297819.png,112.818486,28.297819,08412,1521.6150692988497,False,143.04460749303908,False,364,6.777049152418831
646,v8_lab_logchroma_fused,ok,8625,0.14737915992736816,data/raw/satloc/part_1/UAV Data/traj01/646@63059@112.818486@28.297819.png,112.818486,28.297819,03639,1323.9898305945173,False,197.53310364683296,False,266,6.777049152418831
646,v9_canny_structure,ok,8625,0.1405029296875,data/raw/satloc/part_1/UAV Data/traj01/646@63059@112.818486@28.297819.png,112.818486,28.297819,00777,1112.8420561073565,False,576.3868919356784,False,446,6.777049152418831
651,v3_green_suppressed,ok,8625,0.1527857780456543,data/raw/satloc/part_1/UAV Data/traj01/651@68064@112.818490@28.297680.png,112.81849,28.29768,02626,1784.3100669608484,False,132.49855233276165,False,340,17.209879936339682
651,v5_edge_magnitude,ok,8625,0.11389803886413574,data/raw/satloc/part_1/UAV Data/traj01/651@68064@112.818490@28.297680.png,112.81849,28.29768,08222,2073.555285947832,False,132.49855233276165,False,491,17.209879936339682
651,v8_lab_logchroma_fused,ok,8625,0.12048840522766113,data/raw/satloc/part_1/UAV Data/traj01/651@68064@112.818490@28.297680.png,112.81849,28.29768,08222,2073.555285947832,False,132.49855233276165,False,266,17.209879936339682
651,v9_canny_structure,ok,8625,0.12065577507019043,data/raw/satloc/part_1/UAV Data/traj01/651@68064@112.818490@28.297680.png,112.81849,28.29768,01386,1523.7732858202637,False,312.5128404548582,False,1275,17.209879936339682
653,v3_green_suppressed,ok,8625,0.12057924270629883,data/raw/satloc/part_1/UAV Data/traj01/653@70066@112.818492@28.297511.png,112.818492,28.297511,02751,1782.858626831321,False,120.87787245715178,False,437,6.170085075729636
653,v5_edge_magnitude,ok,8625,0.11145281791687012,data/raw/satloc/part_1/UAV Data/traj01/653@70066@112.818492@28.297511.png,112.818492,28.297511,08347,2083.912440714715,False,120.87787245715178,False,459,6.170085075729636
653,v8_lab_logchroma_fused,ok,8625,0.12904596328735352,data/raw/satloc/part_1/UAV Data/traj01/653@70066@112.818492@28.297511.png,112.818492,28.297511,03639,1322.323479752919,False,120.87787245715178,False,340,6.170085075729636
653,v9_canny_structure,ok,8625,0.11087894439697266,data/raw/satloc/part_1/UAV Data/traj01/653@70066@112.818492@28.297511.png,112.818492,28.297511,00902,1112.8806467269612,False,281.9447772076794,False,1255,6.170085075729636
656,v3_green_suppressed,ok,8625,0.1538088321685791,data/raw/satloc/part_1/UAV Data/traj01/656@73068@112.818497@28.297204.png,112.818497,28.297204,06085,1352.583793438051,False,662.5518804225444,False,389,5.75273330442813
656,v5_edge_magnitude,ok,8625,0.10770416259765625,data/raw/satloc/part_1/UAV Data/traj01/656@73068@112.818497@28.297204.png,112.818497,28.297204,01962,1308.483786751978,False,105.3387785762027,False,208,5.75273330442813
656,v8_lab_logchroma_fused,ok,8625,0.12150096893310547,data/raw/satloc/part_1/UAV Data/traj01/656@73068@112.818497@28.297204.png,112.818497,28.297204,03639,1321.4482666170031,False,99.05987960668429,False,104,5.75273330442813
656,v9_canny_structure,ok,8625,0.10507416725158691,data/raw/satloc/part_1/UAV Data/traj01/656@73068@112.818497@28.297204.png,112.818497,28.297204,02751,1787.0107260101247,False,598.9732181631975,False,1408,5.75273330442813
661,v3_green_suppressed,ok,8625,0.1131739616394043,data/raw/satloc/part_1/UAV Data/traj01/661@78073@112.818506@28.296664.png,112.818506,28.296664,02753,1726.880646374757,False,639.385996404092,False,63,11.734509580388222
661,v5_edge_magnitude,ok,8625,0.10901618003845215,data/raw/satloc/part_1/UAV Data/traj01/661@78073@112.818506@28.296664.png,112.818506,28.296664,02087,1316.577681533502,False,11.734509580388222,True,16,11.734509580388222
661,v8_lab_logchroma_fused,ok,8625,0.12234115600585938,data/raw/satloc/part_1/UAV Data/traj01/661@78073@112.818506@28.296664.png,112.818506,28.296664,03640,1287.1627722348364,False,11.734509580388222,True,3,11.734509580388222
661,v9_canny_structure,ok,8625,0.1105489730834961,data/raw/satloc/part_1/UAV Data/traj01/661@78073@112.818506@28.296664.png,112.818506,28.296664,01512,1522.6122944243857,False,380.00276887002286,False,408,11.734509580388222
662,v3_green_suppressed,ok,8625,0.11660504341125488,data/raw/satloc/part_1/UAV Data/traj01/662@79074@112.818508@28.296555.png,112.818508,28.296555,02753,1729.0016276775623,False,575.440260653347,False,96,4.813682876615551
662,v5_edge_magnitude,ok,8625,0.10795187950134277,data/raw/satloc/part_1/UAV Data/traj01/662@79074@112.818508@28.296555.png,112.818508,28.296555,08607,2337.086027113703,False,230.93602470538974,False,63,4.813682876615551
662,v8_lab_logchroma_fused,ok,8625,0.12163591384887695,data/raw/satloc/part_1/UAV Data/traj01/662@79074@112.818508@28.296555.png,112.818508,28.296555,08624,2845.907118625103,False,4.813682876615551,True,18,4.813682876615551
662,v9_canny_structure,ok,8625,0.10632681846618652,data/raw/satloc/part_1/UAV Data/traj01/662@79074@112.818508@28.296555.png,112.818508,28.296555,01512,1527.7494347684133,False,512.1121602766319,False,254,4.813682876615551
666,v3_green_suppressed,ok,8625,0.11193609237670898,data/raw/satloc/part_1/UAV Data/traj01/666@83078@112.818516@28.296118.png,112.818516,28.296118,02878,1732.0523860979167,False,637.0400506225287,False,132,15.56130896397967
666,v5_edge_magnitude,ok,8625,0.11815619468688965,data/raw/satloc/part_1/UAV Data/traj01/666@83078@112.818516@28.296118.png,112.818516,28.296118,02878,1732.0523860979167,False,621.4055571705047,False,94,15.56130896397967
666,v8_lab_logchroma_fused,ok,8625,0.14195680618286133,data/raw/satloc/part_1/UAV Data/traj01/666@83078@112.818516@28.296118.png,112.818516,28.296118,03766,1254.0048667133594,False,36.879761604711305,True,45,15.56130896397967
666,v9_canny_structure,ok,8625,0.10496187210083008,data/raw/satloc/part_1/UAV Data/traj01/666@83078@112.818516@28.296118.png,112.818516,28.296118,08371,2697.9408278516607,False,465.3289883880324,False,599,15.56130896397967
671,v3_green_suppressed,ok,8625,0.11269092559814453,data/raw/satloc/part_1/UAV Data/traj01/671@88083@112.818524@28.295571.png,112.818524,28.295571,02753,1751.6367827825784,False,586.3703343152168,False,478,6.789177351667665
671,v5_edge_magnitude,ok,8625,0.1028139591217041,data/raw/satloc/part_1/UAV Data/traj01/671@88083@112.818524@28.295571.png,112.818524,28.295571,01834,1305.0219436645154,False,42.99037776620499,False,410,6.789177351667665
671,v8_lab_logchroma_fused,ok,8625,0.11866497993469238,data/raw/satloc/part_1/UAV Data/traj01/671@88083@112.818524@28.295571.png,112.818524,28.295571,04818,586.3703343152168,False,42.99037776620499,False,120,6.789177351667665
671,v9_canny_structure,ok,8625,0.10135078430175781,data/raw/satloc/part_1/UAV Data/traj01/671@88083@112.818524@28.295571.png,112.818524,28.295571,01834,1305.0219436645154,False,468.46255568331316,False,799,6.789177351667665
676,v3_green_suppressed,ok,8625,0.11354279518127441,data/raw/satloc/part_1/UAV Data/traj01/676@93087@112.818530@28.295026.png,112.81853,28.295026,01265,1555.2253325786737,False,244.91671176355615,False,140,3.999277238769038
676,v5_edge_magnitude,ok,8625,0.10300755500793457,data/raw/satloc/part_1/UAV Data/traj01/676@93087@112.818530@28.295026.png,112.81853,28.295026,04426,32.61777093376354,True,32.61777093376354,True,1,3.999277238769038
676,v8_lab_logchroma_fused,ok,8625,0.11935210227966309,data/raw/satloc/part_1/UAV Data/traj01/676@93087@112.818530@28.295026.png,112.81853,28.295026,04426,32.61777093376354,True,32.61777093376354,True,1,3.999277238769038
676,v9_canny_structure,ok,8625,0.10053873062133789,data/raw/satloc/part_1/UAV Data/traj01/676@93087@112.818530@28.295026.png,112.81853,28.295026,01265,1555.2253325786737,False,403.4353874669049,False,222,3.999277238769038
679,v3_green_suppressed,ok,8625,0.11031484603881836,data/raw/satloc/part_1/UAV Data/traj01/679@96090@112.818534@28.294700.png,112.818534,28.2947,06736,2146.192225674439,False,32.906823874506344,True,17,2.7535360079915296
679,v5_edge_magnitude,ok,8625,0.10598897933959961,data/raw/satloc/part_1/UAV Data/traj01/679@96090@112.818534@28.294700.png,112.818534,28.2947,04551,32.906823874506344,True,32.906823874506344,True,1,2.7535360079915296
679,v8_lab_logchroma_fused,ok,8625,0.11708998680114746,data/raw/satloc/part_1/UAV Data/traj01/679@96090@112.818534@28.294700.png,112.818534,28.2947,04551,32.906823874506344,True,2.7535360079915296,True,1,2.7535360079915296
679,v9_canny_structure,ok,8625,0.1020810604095459,data/raw/satloc/part_1/UAV Data/traj01/679@96090@112.818534@28.294700.png,112.818534,28.2947,01390,1556.2980453066627,False,423.44556299002863,False,141,2.7535360079915296
681,v3_green_suppressed,ok,8625,0.11294078826904297,data/raw/satloc/part_1/UAV Data/traj01/681@98092@112.818534@28.294483.png,112.818534,28.294483,06088,1319.9550013688179,False,207.80184667869077,False,91,12.786353215978217
681,v5_edge_magnitude,ok,8625,0.10534405708312988,data/raw/satloc/part_1/UAV Data/traj01/681@98092@112.818534@28.294483.png,112.818534,28.294483,04819,597.4636757780025,False,35.19621130704985,True,13,12.786353215978217
681,v8_lab_logchroma_fused,ok,8625,0.11902809143066406,data/raw/satloc/part_1/UAV Data/traj01/681@98092@112.818534@28.294483.png,112.818534,28.294483,04819,597.4636757780025,False,12.786353215978217,True,2,12.786353215978217
681,v9_canny_structure,ok,8625,0.10153698921203613,data/raw/satloc/part_1/UAV Data/traj01/681@98092@112.818534@28.294483.png,112.818534,28.294483,00654,1364.5244791954324,False,403.5423740302372,False,377,12.786353215978217
686,v3_green_suppressed,ok,8625,0.11841273307800293,data/raw/satloc/part_1/UAV Data/traj01/686@103097@112.818541@28.293943.png,112.818541,28.293943,04926,40.339585633533474,False,22.45287476101973,True,28,12.5821433599163
686,v5_edge_magnitude,ok,8625,0.1109321117401123,data/raw/satloc/part_1/UAV Data/traj01/686@103097@112.818541@28.293943.png,112.818541,28.293943,04926,40.339585633533474,False,22.45287476101973,True,19,12.5821433599163
686,v8_lab_logchroma_fused,ok,8625,0.12063002586364746,data/raw/satloc/part_1/UAV Data/traj01/686@103097@112.818541@28.293943.png,112.818541,28.293943,04926,40.339585633533474,False,22.45287476101973,True,2,12.5821433599163
686,v9_canny_structure,ok,8625,0.10271501541137695,data/raw/satloc/part_1/UAV Data/traj01/686@103097@112.818541@28.293943.png,112.818541,28.293943,01641,1536.282212171011,False,40.339585633533474,False,248,12.5821433599163
691,v3_green_suppressed,ok,8625,0.11048173904418945,data/raw/satloc/part_1/UAV Data/traj01/691@108102@112.818549@28.293386.png,112.818549,28.293386,04943,560.5870823878794,False,420.6357865655236,False,99,4.6438000296141535
691,v5_edge_magnitude,ok,8625,0.10372090339660645,data/raw/satloc/part_1/UAV Data/traj01/691@108102@112.818549@28.293386.png,112.818549,28.293386,06086,1219.0012174747276,False,355.74840205485935,False,75,4.6438000296141535
691,v8_lab_logchroma_fused,ok,8625,0.11892890930175781,data/raw/satloc/part_1/UAV Data/traj01/691@108102@112.818549@28.293386.png,112.818549,28.293386,05051,34.63261527477846,True,4.6438000296141535,True,1,4.6438000296141535
691,v9_canny_structure,ok,8625,0.10850191116333008,data/raw/satloc/part_1/UAV Data/traj01/691@108102@112.818549@28.293386.png,112.818549,28.293386,01515,1622.3337121927455,False,30.317437804401855,True,19,4.6438000296141535
694,v3_green_suppressed,ok,8625,0.11152410507202148,data/raw/satloc/part_1/UAV Data/traj01/694@111104@112.818556@28.293062.png,112.818556,28.293062,05068,559.98446372946,False,112.2535118442591,False,109,5.716250267909019
694,v5_edge_magnitude,ok,8625,0.10263299942016602,data/raw/satloc/part_1/UAV Data/traj01/694@111104@112.818556@28.293062.png,112.818556,28.293062,01052,1158.015104757689,False,112.2535118442591,False,130,5.716250267909019
694,v8_lab_logchroma_fused,ok,8625,0.12025117874145508,data/raw/satloc/part_1/UAV Data/traj01/694@111104@112.818556@28.293062.png,112.818556,28.293062,01052,1158.015104757689,False,5.716250267909019,True,3,5.716250267909019
694,v9_canny_structure,ok,8625,0.1071009635925293,data/raw/satloc/part_1/UAV Data/traj01/694@111104@112.818556@28.293062.png,112.818556,28.293062,01640,1623.5537775243397,False,354.87364185971785,False,86,5.716250267909019
696,v3_green_suppressed,ok,8625,0.3121652603149414,data/raw/satloc/part_1/UAV Data/traj01/696@113106@112.818562@28.292850.png,112.818562,28.29285,08413,1005.7359964255536,False,122.26901045520029,False,416,5.670943731213109
696,v5_edge_magnitude,ok,8625,0.10396289825439453,data/raw/satloc/part_1/UAV Data/traj01/696@113106@112.818562@28.292850.png,112.818562,28.29285,08413,1005.7359964255536,False,122.26901045520029,False,846,5.670943731213109
696,v8_lab_logchroma_fused,ok,8625,0.11886215209960938,data/raw/satloc/part_1/UAV Data/traj01/696@113106@112.818562@28.292850.png,112.818562,28.29285,03764,1390.2382515553659,False,94.35563523243111,False,135,5.670943731213109
696,v9_canny_structure,ok,8625,0.10617923736572266,data/raw/satloc/part_1/UAV Data/traj01/696@113106@112.818562@28.292850.png,112.818562,28.29285,01639,1666.0816141658236,False,276.8545796534931,False,1349,5.670943731213109
701,v3_green_suppressed,ok,8625,0.10893511772155762,data/raw/satloc/part_1/UAV Data/traj01/701@118111@112.818570@28.292322.png,112.81857,28.292322,06087,1230.4840925832655,False,16.819059467666712,True,12,16.819059467666712
701,v5_edge_magnitude,ok,8625,0.10357403755187988,data/raw/satloc/part_1/UAV Data/traj01/701@118111@112.818570@28.292322.png,112.81857,28.292322,05678,61.552169608151836,False,61.552169608151836,False,85,16.819059467666712
701,v8_lab_logchroma_fused,ok,8625,0.13034510612487793,data/raw/satloc/part_1/UAV Data/traj01/701@118111@112.818570@28.292322.png,112.81857,28.292322,05165,429.53556696857834,False,16.819059467666712,True,26,16.819059467666712
701,v9_canny_structure,ok,8625,0.10441708564758301,data/raw/satloc/part_1/UAV Data/traj01/701@118111@112.818570@28.292322.png,112.81857,28.292322,01017,1742.114787840547,False,426.6618217279649,False,1493,16.819059467666712
706,v3_green_suppressed,ok,8625,0.10872101783752441,data/raw/satloc/part_1/UAV Data/traj01/706@123116@112.818248@28.292097.png,112.818248,28.292097,06088,1293.6346636519067,False,358.6875933674345,False,216,9.584028905076844
706,v5_edge_magnitude,ok,8625,0.1032400131225586,data/raw/satloc/part_1/UAV Data/traj01/706@123116@112.818248@28.292097.png,112.818248,28.292097,05963,1290.5533440715915,False,70.22746142395737,False,193,9.584028905076844
706,v8_lab_logchroma_fused,ok,8625,0.11962509155273438,data/raw/satloc/part_1/UAV Data/traj01/706@123116@112.818248@28.292097.png,112.818248,28.292097,04911,559.2845584895043,False,178.50021565374047,False,185,9.584028905076844
706,v9_canny_structure,ok,8625,0.10199689865112305,data/raw/satloc/part_1/UAV Data/traj01/706@123116@112.818248@28.292097.png,112.818248,28.292097,05837,1253.5390143862812,False,329.26055485791744,False,2067,9.584028905076844
710,v3_green_suppressed,ok,8625,0.11029481887817383,data/raw/satloc/part_1/UAV Data/traj01/710@127119@112.817787@28.292068.png,112.817787,28.292068,05962,1300.5140809518205,False,355.3082739793345,False,361,12.6818525456697
710,v5_edge_magnitude,ok,8625,0.11630725860595703,data/raw/satloc/part_1/UAV Data/traj01/710@127119@112.817787@28.292068.png,112.817787,28.292068,05962,1300.5140809518205,False,46.60160108738108,False,159,12.6818525456697
710,v8_lab_logchroma_fused,ok,8625,0.12777972221374512,data/raw/satloc/part_1/UAV Data/traj01/710@127119@112.817787@28.292068.png,112.817787,28.292068,05962,1300.5140809518205,False,148.61279819314544,False,87,12.6818525456697
710,v9_canny_structure,ok,8625,0.10124325752258301,data/raw/satloc/part_1/UAV Data/traj01/710@127119@112.817787@28.292068.png,112.817787,28.292068,00904,1492.8685824839251,False,439.9613845202235,False,1909,12.6818525456697
711,v3_green_suppressed,ok,8625,0.11074399948120117,data/raw/satloc/part_1/UAV Data/traj01/711@128120@112.817666@28.292065.png,112.817666,28.292065,05962,1312.307592332791,False,330.9630720192002,False,171,20.885696400590863
711,v5_edge_magnitude,ok,8625,0.10391902923583984,data/raw/satloc/part_1/UAV Data/traj01/711@128120@112.817666@28.292065.png,112.817666,28.292065,05962,1312.307592332791,False,57.45536287383317,False,126,20.885696400590863
711,v8_lab_logchroma_fused,ok,8625,0.11900782585144043,data/raw/satloc/part_1/UAV Data/traj01/711@128120@112.817666@28.292065.png,112.817666,28.292065,03529,915.4561019119578,False,205.7338276852291,False,117,20.885696400590863
711,v9_canny_structure,ok,8625,0.10382390022277832,data/raw/satloc/part_1/UAV Data/traj01/711@128120@112.817666@28.292065.png,112.817666,28.292065,00779,1518.121682405767,False,451.48454757991703,False,1643,20.885696400590863
716,v3_green_suppressed,ok,8625,0.11128711700439453,data/raw/satloc/part_1/UAV Data/traj01/716@133125@112.817055@28.292056.png,112.817055,28.292056,05038,374.380529278546,False,35.43124384411129,True,2,14.71360560078141
716,v5_edge_magnitude,ok,8625,0.1046760082244873,data/raw/satloc/part_1/UAV Data/traj01/716@133125@112.817055@28.292056.png,112.817055,28.292056,05672,35.43124384411129,True,35.43124384411129,True,1,14.71360560078141
716,v8_lab_logchroma_fused,ok,8625,0.11955785751342773,data/raw/satloc/part_1/UAV Data/traj01/716@133125@112.817055@28.292056.png,112.817055,28.292056,05038,374.380529278546,False,112.96716495293931,False,106,14.71360560078141
716,v9_canny_structure,ok,8625,0.10178613662719727,data/raw/satloc/part_1/UAV Data/traj01/716@133125@112.817055@28.292056.png,112.817055,28.292056,01515,1608.7520770779995,False,35.43124384411129,True,45,14.71360560078141
721,v3_green_suppressed,ok,8625,0.11135077476501465,data/raw/satloc/part_1/UAV Data/traj01/721@138130@112.816444@28.292053.png,112.816444,28.292053,05038,320.8305107402718,False,21.93932650415363,True,14,13.448531077328482
721,v5_edge_magnitude,ok,8625,0.10970115661621094,data/raw/satloc/part_1/UAV Data/traj01/721@138130@112.816444@28.292053.png,112.816444,28.292053,05062,576.4496998220663,False,21.93932650415363,True,13,13.448531077328482
721,v8_lab_logchroma_fused,ok,8625,0.12360596656799316,data/raw/satloc/part_1/UAV Data/traj01/721@138130@112.816444@28.292053.png,112.816444,28.292053,05038,320.8305107402718,False,68.07282916468533,False,121,13.448531077328482
721,v9_canny_structure,ok,8625,0.10400176048278809,data/raw/satloc/part_1/UAV Data/traj01/721@138130@112.816444@28.292053.png,112.816444,28.292053,01514,1591.3582947058821,False,68.07282916468533,False,72,13.448531077328482
726,v3_green_suppressed,ok,8625,0.10978293418884277,data/raw/satloc/part_1/UAV Data/traj01/726@143135@112.815833@28.292052.png,112.815833,28.292052,05313,655.84666635475,False,18.428240354271765,True,9,18.428240354271765
726,v5_edge_magnitude,ok,8625,0.10804891586303711,data/raw/satloc/part_1/UAV Data/traj01/726@143135@112.815833@28.292052.png,112.815833,28.292052,05542,83.67435462095257,False,18.428240354271765,True,11,18.428240354271765
726,v8_lab_logchroma_fused,ok,8625,0.12734079360961914,data/raw/satloc/part_1/UAV Data/traj01/726@143135@112.815833@28.292052.png,112.815833,28.292052,05668,52.38585107678143,False,18.428240354271765,True,2,18.428240354271765
726,v9_canny_structure,ok,8625,0.10315394401550293,data/raw/satloc/part_1/UAV Data/traj01/726@143135@112.815833@28.292052.png,112.815833,28.292052,05667,85.40564001374445,False,60.74104080292875,False,95,18.428240354271765
731,v3_green_suppressed,ok,8625,0.11147427558898926,data/raw/satloc/part_1/UAV Data/traj01/731@148139@112.815217@28.292052.png,112.815217,28.292052,05667,31.082507545775492,True,25.055578298021143,True,1,18.305079770841786
731,v5_edge_magnitude,ok,8625,0.1098029613494873,data/raw/satloc/part_1/UAV Data/traj01/731@148139@112.815217@28.292052.png,112.815217,28.292052,05792,60.806141355435265,False,25.055578298021143,True,2,18.305079770841786
731,v8_lab_logchroma_fused,ok,8625,0.12156796455383301,data/raw/satloc/part_1/UAV Data/traj01/731@148139@112.815217@28.292052.png,112.815217,28.292052,05792,60.806141355435265,False,25.055578298021143,True,2,18.305079770841786
731,v9_canny_structure,ok,8625,0.10478734970092773,data/raw/satloc/part_1/UAV Data/traj01/731@148139@112.815217@28.292052.png,112.815217,28.292052,05541,58.73348256604053,False,25.950245061619537,True,3,18.305079770841786
736,v3_green_suppressed,ok,8625,0.1107172966003418,data/raw/satloc/part_1/UAV Data/traj01/736@153144@112.814604@28.292054.png,112.814604,28.292054,05791,56.860170732731596,False,22.05187099353865,True,2,13.343481836262256
736,v5_edge_magnitude,ok,8625,0.12959885597229004,data/raw/satloc/part_1/UAV Data/traj01/736@153144@112.814604@28.292054.png,112.814604,28.292054,05791,56.860170732731596,False,13.343481836262256,True,2,13.343481836262256
736,v8_lab_logchroma_fused,ok,8625,0.1814861297607422,data/raw/satloc/part_1/UAV Data/traj01/736@153144@112.814604@28.292054.png,112.814604,28.292054,04127,1415.6386044245187,False,34.657466555307685,True,12,13.343481836262256
736,v9_canny_structure,ok,8625,0.11358499526977539,data/raw/satloc/part_1/UAV Data/traj01/736@153144@112.814604@28.292054.png,112.814604,28.292054,05791,56.860170732731596,False,13.343481836262256,True,2,13.343481836262256
741,v3_green_suppressed,ok,8625,0.11276006698608398,data/raw/satloc/part_1/UAV Data/traj01/741@158149@112.813989@28.292055.png,112.813989,28.292055,00027,1606.7629583410423,False,14.615556721619264,True,2,14.615556721619264
741,v5_edge_magnitude,ok,8625,0.1030268669128418,data/raw/satloc/part_1/UAV Data/traj01/741@158149@112.813989@28.292055.png,112.813989,28.292055,05790,63.46556491738608,False,30.940457539926985,True,2,14.615556721619264
741,v8_lab_logchroma_fused,ok,8625,0.11869168281555176,data/raw/satloc/part_1/UAV Data/traj01/741@158149@112.813989@28.292055.png,112.813989,28.292055,00278,1530.247887636849,False,90.3457810253043,False,650,14.615556721619264
741,v9_canny_structure,ok,8625,0.11250185966491699,data/raw/satloc/part_1/UAV Data/traj01/741@158149@112.813989@28.292055.png,112.813989,28.292055,05665,35.683556075872886,True,14.615556721619264,True,1,14.615556721619264
746,v3_green_suppressed,ok,8625,0.1582338809967041,data/raw/satloc/part_1/UAV Data/traj01/746@163153@112.813376@28.292052.png,112.813376,28.292052,05663,28.348883320113302,True,22.60426084187642,True,1,21.260465642050374
746,v5_edge_magnitude,ok,8625,0.1098780632019043,data/raw/satloc/part_1/UAV Data/traj01/746@163153@112.813376@28.292052.png,112.813376,28.292052,02260,1329.897417527309,False,161.93358043388486,False,182,21.260465642050374
746,v8_lab_logchroma_fused,ok,8625,0.12374520301818848,data/raw/satloc/part_1/UAV Data/traj01/746@163153@112.813376@28.292052.png,112.813376,28.292052,05663,28.348883320113302,True,22.60426084187642,True,1,21.260465642050374
746,v9_canny_structure,ok,8625,0.10641264915466309,data/raw/satloc/part_1/UAV Data/traj01/746@163153@112.813376@28.292052.png,112.813376,28.292052,05664,57.44979758492786,False,21.260465642050374,True,3,21.260465642050374
751,v3_green_suppressed,ok,8625,0.1160891056060791,data/raw/satloc/part_1/UAV Data/traj01/751@168158@112.812765@28.292046.png,112.812765,28.292046,07634,1099.587232442353,False,30.042106758080088,True,21,16.218737478281636
751,v5_edge_magnitude,ok,8625,0.10729622840881348,data/raw/satloc/part_1/UAV Data/traj01/751@168158@112.812765@28.292046.png,112.812765,28.292046,01771,1179.9803786122875,False,166.85061374644442,False,2203,16.218737478281636
751,v8_lab_logchroma_fused,ok,8625,0.12201595306396484,data/raw/satloc/part_1/UAV Data/traj01/751@168158@112.812765@28.292046.png,112.812765,28.292046,04926,564.4099342123427,False,30.042106758080088,True,29,16.218737478281636
751,v9_canny_structure,ok,8625,0.10761713981628418,data/raw/satloc/part_1/UAV Data/traj01/751@168158@112.812765@28.292046.png,112.812765,28.292046,05663,80.89387956321555,False,16.218737478281636,True,8,16.218737478281636
756,v3_green_suppressed,ok,8625,0.11338496208190918,data/raw/satloc/part_1/UAV Data/traj01/756@173163@112.812177@28.292054.png,112.812177,28.292054,05660,37.904926529476676,True,13.631969630047587,True,1,13.631969630047587
756,v5_edge_magnitude,ok,8625,0.10684895515441895,data/raw/satloc/part_1/UAV Data/traj01/756@173163@112.812177@28.292054.png,112.812177,28.292054,05920,390.9987840755208,False,61.7357355026754,False,615,13.631969630047587
756,v8_lab_logchroma_fused,ok,8625,0.12143182754516602,data/raw/satloc/part_1/UAV Data/traj01/756@173163@112.812177@28.292054.png,112.812177,28.292054,01512,1368.891926702776,False,13.631969630047587,True,8,13.631969630047587
756,v9_canny_structure,ok,8625,0.10727691650390625,data/raw/satloc/part_1/UAV Data/traj01/756@173163@112.812177@28.292054.png,112.812177,28.292054,05534,13.631969630047587,True,13.631969630047587,True,1,13.631969630047587
760,v3_green_suppressed,ok,8625,0.12007904052734375,data/raw/satloc/part_1/UAV Data/traj01/760@177167@112.811935@28.292281.png,112.811935,28.292281,05063,1040.0571766015103,False,19.467920772922326,True,3,19.467920772922326
760,v5_edge_magnitude,ok,8625,0.12375903129577637,data/raw/satloc/part_1/UAV Data/traj01/760@177167@112.811935@28.292281.png,112.811935,28.292281,05533,19.467920772922326,True,19.467920772922326,True,1,19.467920772922326
760,v8_lab_logchroma_fused,ok,8625,0.12274026870727539,data/raw/satloc/part_1/UAV Data/traj01/760@177167@112.811935@28.292281.png,112.811935,28.292281,05533,19.467920772922326,True,19.467920772922326,True,1,19.467920772922326
760,v9_canny_structure,ok,8625,0.1070089340209961,data/raw/satloc/part_1/UAV Data/traj01/760@177167@112.811935@28.292281.png,112.811935,28.292281,05411,92.40243683869626,False,19.467920772922326,True,7,19.467920772922326
761,v3_green_suppressed,ok,8625,0.11400079727172852,data/raw/satloc/part_1/UAV Data/traj01/761@178168@112.811893@28.292365.png,112.811893,28.292365,01763,1247.3141875791946,False,24.21112075435115,True,2,17.362169902700895
761,v5_edge_magnitude,ok,8625,0.10592889785766602,data/raw/satloc/part_1/UAV Data/traj01/761@178168@112.811893@28.292365.png,112.811893,28.292365,05533,24.21112075435115,True,17.362169902700895,True,1,17.362169902700895
761,v8_lab_logchroma_fused,ok,8625,0.13175678253173828,data/raw/satloc/part_1/UAV Data/traj01/761@178168@112.811893@28.292365.png,112.811893,28.292365,01763,1247.3141875791946,False,17.362169902700895,True,2,17.362169902700895
761,v9_canny_structure,ok,8625,0.10629892349243164,data/raw/satloc/part_1/UAV Data/traj01/761@178168@112.811893@28.292365.png,112.811893,28.292365,05411,94.62833664998713,False,24.21112075435115,True,12,17.362169902700895
766,v3_green_suppressed,ok,8625,0.11588692665100098,data/raw/satloc/part_1/UAV Data/traj01/766@183172@112.811716@28.292847.png,112.811716,28.292847,00023,1500.9470173209984,False,41.52041015426622,False,59,8.20593808751478
766,v5_edge_magnitude,ok,8625,0.10722708702087402,data/raw/satloc/part_1/UAV Data/traj01/766@183172@112.811716@28.292847.png,112.811716,28.292847,01638,1222.0996475240388,False,8.20593808751478,True,13,8.20593808751478
766,v8_lab_logchroma_fused,ok,8625,0.12198209762573242,data/raw/satloc/part_1/UAV Data/traj01/766@183172@112.811716@28.292847.png,112.811716,28.292847,05284,41.52041015426622,False,8.20593808751478,True,12,8.20593808751478
766,v9_canny_structure,ok,8625,0.10542511940002441,data/raw/satloc/part_1/UAV Data/traj01/766@183172@112.811716@28.292847.png,112.811716,28.292847,00275,1417.9633421531794,False,41.52041015426622,False,63,8.20593808751478
768,v3_green_suppressed,ok,8625,0.11204886436462402,data/raw/satloc/part_1/UAV Data/traj01/768@185174@112.811653@28.293041.png,112.811653,28.293041,05284,54.441350514173294,False,29.606456520819602,True,29,14.81490601588491
768,v5_edge_magnitude,ok,8625,0.11023616790771484,data/raw/satloc/part_1/UAV Data/traj01/768@185174@112.811653@28.293041.png,112.811653,28.293041,00024,1470.9803629096202,False,29.606456520819602,True,10,14.81490601588491
768,v8_lab_logchroma_fused,ok,8625,0.1210031509399414,data/raw/satloc/part_1/UAV Data/traj01/768@185174@112.811653@28.293041.png,112.811653,28.293041,05284,54.441350514173294,False,14.81490601588491,True,9,14.81490601588491
768,v9_canny_structure,ok,8625,0.10643315315246582,data/raw/satloc/part_1/UAV Data/traj01/768@185174@112.811653@28.293041.png,112.811653,28.293041,00150,1429.8982292554872,False,48.02909181180025,False,63,14.81490601588491
771,v3_green_suppressed,ok,8625,0.11250019073486328,data/raw/satloc/part_1/UAV Data/traj01/771@188177@112.811562@28.293341.png,112.811562,28.293341,05159,61.68965418800012,False,57.07422416392678,False,146,16.62530672694692
771,v5_edge_magnitude,ok,8625,0.10851883888244629,data/raw/satloc/part_1/UAV Data/traj01/771@188177@112.811562@28.293341.png,112.811562,28.293341,00024,1436.5048013645012,False,57.07422416392678,False,105,16.62530672694692
771,v8_lab_logchroma_fused,ok,8625,0.14188909530639648,data/raw/satloc/part_1/UAV Data/traj01/771@188177@112.811562@28.293341.png,112.811562,28.293341,05159,61.68965418800012,False,33.10842376515747,True,14,16.62530672694692
771,v9_canny_structure,ok,8625,0.13711786270141602,data/raw/satloc/part_1/UAV Data/traj01/771@188177@112.811562@28.293341.png,112.811562,28.293341,00150,1395.4653355513854,False,57.07422416392678,False,193,16.62530672694692
776,v3_green_suppressed,ok,8625,0.14775609970092773,data/raw/satloc/part_1/UAV Data/traj01/776@193182@112.811429@28.293801.png,112.811429,28.293801,05062,1047.6618148880611,False,80.78009779032955,False,2202,6.643612038414559
776,v5_edge_magnitude,ok,8625,0.11347103118896484,data/raw/satloc/part_1/UAV Data/traj01/776@193182@112.811429@28.293801.png,112.811429,28.293801,05062,1047.6618148880611,False,103.17790992795824,False,2121,6.643612038414559
776,v8_lab_logchroma_fused,ok,8625,0.1230318546295166,data/raw/satloc/part_1/UAV Data/traj01/776@193182@112.811429@28.293801.png,112.811429,28.293801,05034,80.78009779032955,False,53.91404439833052,False,243,6.643612038414559
776,v9_canny_structure,ok,8625,0.10746908187866211,data/raw/satloc/part_1/UAV Data/traj01/776@193182@112.811429@28.293801.png,112.811429,28.293801,00778,1154.2234135507447,False,129.2369824673387,False,847,6.643612038414559
781,v3_green_suppressed,ok,8625,0.129777193069458,data/raw/satloc/part_1/UAV Data/traj01/781@198187@112.811376@28.294287.png,112.811376,28.294287,04544,425.88310930579667,False,109.76662161726799,False,1459,10.283219029563174
781,v5_edge_magnitude,ok,8625,0.11372780799865723,data/raw/satloc/part_1/UAV Data/traj01/781@198187@112.811376@28.294287.png,112.811376,28.294287,04507,869.2852583217125,False,109.76662161726799,False,1791,10.283219029563174
781,v8_lab_logchroma_fused,ok,8625,0.12525582313537598,data/raw/satloc/part_1/UAV Data/traj01/781@198187@112.811376@28.294287.png,112.811376,28.294287,04935,984.0695705085211,False,96.05051684581092,False,980,10.283219029563174
781,v9_canny_structure,ok,8625,0.10601401329040527,data/raw/satloc/part_1/UAV Data/traj01/781@198187@112.811376@28.294287.png,112.811376,28.294287,05792,467.15739614930413,False,121.16687139014867,False,1854,10.283219029563174
786,v3_green_suppressed,ok,8625,0.11544203758239746,data/raw/satloc/part_1/UAV Data/traj01/786@203191@112.811365@28.294793.png,112.811365,28.294793,04660,120.07811656491988,False,111.12777201477878,False,311,13.45000091386783
786,v5_edge_magnitude,ok,8625,0.11058211326599121,data/raw/satloc/part_1/UAV Data/traj01/786@203191@112.811365@28.294793.png,112.811365,28.294793,04660,120.07811656491988,False,111.12777201477878,False,361,13.45000091386783
786,v8_lab_logchroma_fused,ok,8625,0.12288498878479004,data/raw/satloc/part_1/UAV Data/traj01/786@203191@112.811365@28.294793.png,112.811365,28.294793,04660,120.07811656491988,False,111.12777201477878,False,147,13.45000091386783
786,v9_canny_structure,ok,8625,0.10694670677185059,data/raw/satloc/part_1/UAV Data/traj01/786@203191@112.811365@28.294793.png,112.811365,28.294793,05667,482.16085614436685,False,120.07811656491988,False,679,13.45000091386783
791,v3_green_suppressed,ok,8625,0.11429119110107422,data/raw/satloc/part_1/UAV Data/traj01/791@208196@112.811359@28.295301.png,112.811359,28.295301,05163,325.16710189062707,False,116.05905767934873,False,163,6.418326029143915
791,v5_edge_magnitude,ok,8625,0.1073918342590332,data/raw/satloc/part_1/UAV Data/traj01/791@208196@112.811359@28.295301.png,112.811359,28.295301,05163,325.16710189062707,False,116.05905767934873,False,240,6.418326029143915
791,v8_lab_logchroma_fused,ok,8625,0.1225900650024414,data/raw/satloc/part_1/UAV Data/traj01/791@208196@112.811359@28.295301.png,112.811359,28.295301,05163,325.16710189062707,False,104.8367328550707,False,139,6.418326029143915
791,v9_canny_structure,ok,8625,0.10904598236083984,data/raw/satloc/part_1/UAV Data/traj01/791@208196@112.811359@28.295301.png,112.811359,28.295301,05291,424.3965881245389,False,116.05905767934873,False,1461,6.418326029143915
794,v3_green_suppressed,ok,8625,0.11827611923217773,data/raw/satloc/part_1/UAV Data/traj01/794@211199@112.811357@28.295615.png,112.811357,28.295615,05062,1081.5863965322817,False,130.72266555115496,False,467,6.611429467056055
794,v5_edge_magnitude,ok,8625,0.10756206512451172,data/raw/satloc/part_1/UAV Data/traj01/794@211199@112.811357@28.295615.png,112.811357,28.295615,05962,1987.4696457781538,False,130.72266555115496,False,420,6.611429467056055
794,v8_lab_logchroma_fused,ok,8625,0.12195682525634766,data/raw/satloc/part_1/UAV Data/traj01/794@211199@112.811357@28.295615.png,112.811357,28.295615,05038,325.2944429174514,False,130.72266555115496,False,187,6.611429467056055
794,v9_canny_structure,ok,8625,0.10461783409118652,data/raw/satloc/part_1/UAV Data/traj01/794@211199@112.811357@28.295615.png,112.811357,28.295615,05062,1081.5863965322817,False,130.72266555115496,False,875,6.611429467056055
796,v3_green_suppressed,ok,8625,0.11570215225219727,data/raw/satloc/part_1/UAV Data/traj01/796@213201@112.811353@28.295825.png,112.811353,28.295825,04536,193.87025881590495,False,144.66276448393762,False,294,14.49353688661938
796,v5_edge_magnitude,ok,8625,0.10935616493225098,data/raw/satloc/part_1/UAV Data/traj01/796@213201@112.811353@28.295825.png,112.811353,28.295825,03667,374.9047164919319,False,144.66276448393762,False,201,14.49353688661938
796,v8_lab_logchroma_fused,ok,8625,0.12132406234741211,data/raw/satloc/part_1/UAV Data/traj01/796@213201@112.811353@28.295825.png,112.811353,28.295825,04410,144.66276448393762,False,144.66276448393762,False,207,14.49353688661938
796,v9_canny_structure,ok,8625,0.125457763671875,data/raw/satloc/part_1/UAV Data/traj01/796@213201@112.811353@28.295825.png,112.811353,28.295825,07732,2809.3647791578824,False,197.6243492307166,False,631,14.49353688661938
801,v3_green_suppressed,ok,8625,0.12670421600341797,data/raw/satloc/part_1/UAV Data/traj01/801@218205@112.811343@28.296369.png,112.811343,28.296369,04538,286.99293389971774,False,29.923388585443274,True,42,15.049830741363946
801,v5_edge_magnitude,ok,8625,0.1090078353881836,data/raw/satloc/part_1/UAV Data/traj01/801@218205@112.811343@28.296369.png,112.811343,28.296369,06086,1987.9209135577948,False,80.77960875080544,False,59,15.049830741363946
801,v8_lab_logchroma_fused,ok,8625,0.12253308296203613,data/raw/satloc/part_1/UAV Data/traj01/801@218205@112.811343@28.296369.png,112.811343,28.296369,06086,1987.9209135577948,False,29.923388585443274,True,30,15.049830741363946
801,v9_canny_structure,ok,8625,0.10724306106567383,data/raw/satloc/part_1/UAV Data/traj01/801@218205@112.811343@28.296369.png,112.811343,28.296369,00275,1027.3927508041397,False,29.923388585443274,True,42,15.049830741363946
806,v3_green_suppressed,ok,8625,0.11769294738769531,data/raw/satloc/part_1/UAV Data/traj01/806@223210@112.811332@28.296918.png,112.811332,28.296918,01030,731.7833333936509,False,44.04963395262849,False,188,9.819776796629604
806,v5_edge_magnitude,ok,8625,0.1225740909576416,data/raw/satloc/part_1/UAV Data/traj01/806@223210@112.811332@28.296918.png,112.811332,28.296918,01030,731.7833333936509,False,44.04963395262849,False,296,9.819776796629604
806,v8_lab_logchroma_fused,ok,8625,0.13506102561950684,data/raw/satloc/part_1/UAV Data/traj01/806@223210@112.811332@28.296918.png,112.811332,28.296918,01030,731.7833333936509,False,44.04963395262849,False,75,9.819776796629604
806,v9_canny_structure,ok,8625,0.1305079460144043,data/raw/satloc/part_1/UAV Data/traj01/806@223210@112.811332@28.296918.png,112.811332,28.296918,00150,1001.7307455907467,False,461.1406702207324,False,167,9.819776796629604
808,v3_green_suppressed,ok,8625,0.11681604385375977,data/raw/satloc/part_1/UAV Data/traj01/808@225212@112.811329@28.297133.png,112.811329,28.297133,00905,742.7329791240966,False,80.98762998414514,False,97,11.583560290228743
808,v5_edge_magnitude,ok,8625,0.15258407592773438,data/raw/satloc/part_1/UAV Data/traj01/808@225212@112.811329@28.297133.png,112.811329,28.297133,00905,742.7329791240966,False,52.255612948430105,False,117,11.583560290228743
808,v8_lab_logchroma_fused,ok,8625,0.17129921913146973,data/raw/satloc/part_1/UAV Data/traj01/808@225212@112.811329@28.297133.png,112.811329,28.297133,00905,742.7329791240966,False,127.09621430989348,False,73,11.583560290228743
808,v9_canny_structure,ok,8625,0.11659502983093262,data/raw/satloc/part_1/UAV Data/traj01/808@225212@112.811329@28.297133.png,112.811329,28.297133,00905,742.7329791240966,False,463.1495766619553,False,150,11.583560290228743
811,v3_green_suppressed,ok,8625,0.18297410011291504,data/raw/satloc/part_1/UAV Data/traj01/811@228215@112.811321@28.297439.png,112.811321,28.297439,00906,706.6712273765341,False,81.59236531285386,False,81,12.74863662617933
811,v5_edge_magnitude,ok,8625,0.13364911079406738,data/raw/satloc/part_1/UAV Data/traj01/811@228215@112.811321@28.297439.png,112.811321,28.297439,00780,743.5591284286996,False,127.51231339729325,False,55,12.74863662617933
811,v8_lab_logchroma_fused,ok,8625,0.13436484336853027,data/raw/satloc/part_1/UAV Data/traj01/811@228215@112.811321@28.297439.png,112.811321,28.297439,01017,845.2676069587508,False,115.33990016058202,False,56,12.74863662617933
811,v9_canny_structure,ok,8625,0.12212109565734863,data/raw/satloc/part_1/UAV Data/traj01/811@228215@112.811321@28.297439.png,112.811321,28.297439,00780,743.5591284286996,False,463.945675641045,False,193,12.74863662617933
816,v3_green_suppressed,ok,8625,0.1313490867614746,data/raw/satloc/part_1/UAV Data/traj01/816@233220@112.811316@28.297952.png,112.811316,28.297952,05062,1171.4230547176946,False,60.69788945549802,False,97,17.716253570299944
816,v5_edge_magnitude,ok,8625,0.1099090576171875,data/raw/satloc/part_1/UAV Data/traj01/816@233220@112.811316@28.297952.png,112.811316,28.297952,04507,935.7391623622811,False,60.69788945549802,False,59,17.716253570299944
816,v8_lab_logchroma_fused,ok,8625,0.117095947265625,data/raw/satloc/part_1/UAV Data/traj01/816@233220@112.811316@28.297952.png,112.811316,28.297952,04911,491.68434256371586,False,93.72883993807056,False,657,17.716253570299944
816,v9_canny_structure,ok,8625,0.10334396362304688,data/raw/satloc/part_1/UAV Data/traj01/816@233220@112.811316@28.297952.png,112.811316,28.297952,00907,649.2752967430386,False,173.633801724122,False,70,17.716253570299944
820,v3_green_suppressed,ok,8625,0.1162867546081543,data/raw/satloc/part_1/UAV Data/traj01/820@237223@112.811307@28.298366.png,112.811307,28.298366,07957,2217.1766323822358,False,309.20317367630486,False,132,14.869549327753314
820,v5_edge_magnitude,ok,8625,0.11955523490905762,data/raw/satloc/part_1/UAV Data/traj01/820@237223@112.811307@28.298366.png,112.811307,28.298366,07471,2552.279398981995,False,27.81533933648143,True,50,14.869549327753314
820,v8_lab_logchroma_fused,ok,8625,0.12790584564208984,data/raw/satloc/part_1/UAV Data/traj01/820@237223@112.811307@28.298366.png,112.811307,28.298366,04758,955.4124913891902,False,258.0798407709618,False,467,14.869549327753314
820,v9_canny_structure,ok,8625,0.10594892501831055,data/raw/satloc/part_1/UAV Data/traj01/820@237223@112.811307@28.298366.png,112.811307,28.298366,05286,637.144296713443,False,183.94804244188137,False,190,14.869549327753314
821,v3_green_suppressed,ok,8625,0.12785005569458008,data/raw/satloc/part_1/UAV Data/traj01/821@238224@112.811307@28.298471.png,112.811307,28.298471,07957,2224.316092092036,False,75.70846883864482,False,368,11.597467692749198
821,v5_edge_magnitude,ok,8625,0.1333010196685791,data/raw/satloc/part_1/UAV Data/traj01/821@238224@112.811307@28.298471.png,112.811307,28.298471,04508,927.597471646988,False,75.70846883864482,False,218,11.597467692749198
821,v8_lab_logchroma_fused,ok,8625,0.12849211692810059,data/raw/satloc/part_1/UAV Data/traj01/821@238224@112.811307@28.298471.png,112.811307,28.298471,03777,267.2280066935377,False,117.8563787151358,False,371,11.597467692749198
821,v9_canny_structure,ok,8625,0.11324310302734375,data/raw/satloc/part_1/UAV Data/traj01/821@238224@112.811307@28.298471.png,112.811307,28.298471,00653,673.6355482852354,False,194.49198818661088,False,521,11.597467692749198
826,v3_green_suppressed,ok,8625,0.15464234352111816,data/raw/satloc/part_1/UAV Data/traj01/826@243229@112.811305@28.298995.png,112.811305,28.298995,05062,1226.6413084336166,False,98.12347544876565,False,218,14.953467557951917
826,v5_edge_magnitude,ok,8625,0.15372109413146973,data/raw/satloc/part_1/UAV Data/traj01/826@243229@112.811305@28.298995.png,112.811305,28.298995,04508,955.2917061500498,False,423.7013177394775,False,215,14.953467557951917
826,v8_lab_logchroma_fused,ok,8625,0.15483498573303223,data/raw/satloc/part_1/UAV Data/traj01/826@243229@112.811305@28.298995.png,112.811305,28.298995,05187,1244.63094271567,False,285.9624187752733,False,73,14.953467557951917
826,v9_canny_structure,ok,8625,0.12559008598327637,data/raw/satloc/part_1/UAV Data/traj01/826@243229@112.811305@28.298995.png,112.811305,28.298995,00778,582.3824774397376,False,344.209143067216,False,379,14.953467557951917
831,v3_green_suppressed,ok,8625,0.13010311126708984,data/raw/satloc/part_1/UAV Data/traj01/831@248234@112.811307@28.299515.png,112.811307,28.299515,05962,2140.051029386765,False,163.90036649076438,False,262,17.640622397628317
831,v5_edge_magnitude,ok,8625,0.12170290946960449,data/raw/satloc/part_1/UAV Data/traj01/831@248234@112.811307@28.299515.png,112.811307,28.299515,05962,2140.051029386765,False,337.6406520237112,False,295,17.640622397628317
831,v8_lab_logchroma_fused,ok,8625,0.1443159580230713,data/raw/satloc/part_1/UAV Data/traj01/831@248234@112.811307@28.299515.png,112.811307,28.299515,05962,2140.051029386765,False,120.53172027561538,False,64,17.640622397628317
831,v9_canny_structure,ok,8625,0.12328886985778809,data/raw/satloc/part_1/UAV Data/traj01/831@248234@112.811307@28.299515.png,112.811307,28.299515,00654,553.1590042571677,False,264.9642937736336,False,545,17.640622397628317
833,v3_green_suppressed,ok,8625,0.12283992767333984,data/raw/satloc/part_1/UAV Data/traj01/833@250236@112.811307@28.299724.png,112.811307,28.299724,05837,2135.044958437713,False,185.7983570666715,False,610,11.538917167365579
833,v5_edge_magnitude,ok,8625,0.12988901138305664,data/raw/satloc/part_1/UAV Data/traj01/833@250236@112.811307@28.299724.png,112.811307,28.299724,01143,611.5729510512155,False,457.16768259975663,False,317,11.538917167365579
833,v8_lab_logchroma_fused,ok,8625,0.17130804061889648,data/raw/satloc/part_1/UAV Data/traj01/833@250236@112.811307@28.299724.png,112.811307,28.299724,03542,457.16768259975663,False,143.39672974537112,False,439,11.538917167365579
833,v9_canny_structure,ok,8625,0.14160490036010742,data/raw/satloc/part_1/UAV Data/traj01/833@250236@112.811307@28.299724.png,112.811307,28.299724,00779,495.93195452112457,False,321.7310110755172,False,542,11.538917167365579
836,v3_green_suppressed,ok,8625,0.17527294158935547,data/raw/satloc/part_1/UAV Data/traj01/836@253239@112.811304@28.300044.png,112.811304,28.300044,05961,2135.2079172319386,False,178.5544757993623,False,683,11.947358325783677
836,v5_edge_magnitude,ok,8625,0.12842321395874023,data/raw/satloc/part_1/UAV Data/traj01/836@253239@112.811304@28.300044.png,112.811304,28.300044,05961,2135.2079172319386,False,178.5544757993623,False,168,11.947358325783677
836,v8_lab_logchroma_fused,ok,8625,0.15609288215637207,data/raw/satloc/part_1/UAV Data/traj01/836@253239@112.811304@28.300044.png,112.811304,28.300044,03542,480.08992899337676,False,178.5544757993623,False,874,11.947358325783677
836,v9_canny_structure,ok,8625,0.12295341491699219,data/raw/satloc/part_1/UAV Data/traj01/836@253239@112.811304@28.300044.png,112.811304,28.300044,00654,495.22431942212734,False,213.22455772326774,False,142,11.947358325783677
841,v3_green_suppressed,ok,8625,0.11553001403808594,data/raw/satloc/part_1/UAV Data/traj01/841@258243@112.811301@28.300594.png,112.811301,28.300594,01016,633.6072685517121,False,211.61868927231816,False,107,13.51042890878967
841,v5_edge_magnitude,ok,8625,0.1258378028869629,data/raw/satloc/part_1/UAV Data/traj01/841@258243@112.811301@28.300594.png,112.811301,28.300594,04547,847.8566389694319,False,211.61868927231816,False,59,13.51042890878967
841,v8_lab_logchroma_fused,ok,8625,0.15749192237854004,data/raw/satloc/part_1/UAV Data/traj01/841@258243@112.811301@28.300594.png,112.811301,28.300594,03541,499.18179909962197,False,169.91287786935953,False,1356,13.51042890878967
841,v9_canny_structure,ok,8625,0.1629018783569336,data/raw/satloc/part_1/UAV Data/traj01/841@258243@112.811301@28.300594.png,112.811301,28.300594,07105,2897.282683698962,False,13.51042890878967,True,5,13.51042890878967
844,v3_green_suppressed,ok,8625,0.16670513153076172,data/raw/satloc/part_1/UAV Data/traj01/844@261246@112.811298@28.300926.png,112.811298,28.300926,05961,2182.47249362808,False,12.990215636604606,True,21,12.990215636604606
844,v5_edge_magnitude,ok,8625,0.14224720001220703,data/raw/satloc/part_1/UAV Data/traj01/844@261246@112.811298@28.300926.png,112.811298,28.300926,03291,474.95086577908216,False,12.990215636604606,True,17,12.990215636604606
844,v8_lab_logchroma_fused,ok,8625,0.15345287322998047,data/raw/satloc/part_1/UAV Data/traj01/844@261246@112.811298@28.300926.png,112.811298,28.300926,06047,1235.4573211797094,False,171.85443055910608,False,1274,12.990215636604606
844,v9_canny_structure,ok,8625,0.12333226203918457,data/raw/satloc/part_1/UAV Data/traj01/844@261246@112.811298@28.300926.png,112.811298,28.300926,02282,66.74318094659357,False,12.990215636604606,True,2,12.990215636604606
846,v3_green_suppressed,ok,8625,0.12587881088256836,data/raw/satloc/part_1/UAV Data/traj01/846@263248@112.811294@28.301152.png,112.811294,28.301152,05961,2195.3333361350897,False,24.43962663781625,True,39,18.899398119433105
846,v5_edge_magnitude,ok,8625,0.11630010604858398,data/raw/satloc/part_1/UAV Data/traj01/846@263248@112.811294@28.301152.png,112.811294,28.301152,01460,1869.234104037964,False,377.9188009956735,False,75,18.899398119433105
846,v8_lab_logchroma_fused,ok,8625,0.1272881031036377,data/raw/satloc/part_1/UAV Data/traj01/846@263248@112.811294@28.301152.png,112.811294,28.301152,05921,1211.9597995690265,False,448.6440685625297,False,114,18.899398119433105
846,v9_canny_structure,ok,8625,0.12653112411499023,data/raw/satloc/part_1/UAV Data/traj01/846@263248@112.811294@28.301152.png,112.811294,28.301152,02393,492.3761385341886,False,18.899398119433105,True,4,18.899398119433105
851,v3_green_suppressed,ok,8625,0.13697004318237305,data/raw/satloc/part_1/UAV Data/traj01/851@268253@112.811285@28.301704.png,112.811285,28.301704,07749,3624.6752539179465,False,591.3209814964778,False,658,18.39766346312028
851,v5_edge_magnitude,ok,8625,0.1122889518737793,data/raw/satloc/part_1/UAV Data/traj01/851@268253@112.811285@28.301704.png,112.811285,28.301704,02143,489.42810447786064,False,83.38576950866104,False,78,18.39766346312028
851,v8_lab_logchroma_fused,ok,8625,0.12524199485778809,data/raw/satloc/part_1/UAV Data/traj01/851@268253@112.811285@28.301704.png,112.811285,28.301704,06176,1407.9583832906817,False,195.3117233697963,False,1982,18.39766346312028
851,v9_canny_structure,ok,8625,0.10680389404296875,data/raw/satloc/part_1/UAV Data/traj01/851@268253@112.811285@28.301704.png,112.811285,28.301704,07373,3546.6475458682335,False,18.39766346312028,True,12,18.39766346312028
856,v3_green_suppressed,ok,8625,0.11593914031982422,data/raw/satloc/part_1/UAV Data/traj01/856@273257@112.811277@28.302005.png,112.811277,28.302005,01140,593.2535221556461,False,108.94832984920471,False,852,18.065875355855468
856,v5_edge_magnitude,ok,8625,0.13615083694458008,data/raw/satloc/part_1/UAV Data/traj01/856@273257@112.811277@28.302005.png,112.811277,28.302005,01393,478.03711776905914,False,108.94832984920471,False,229,18.065875355855468
856,v8_lab_logchroma_fused,ok,8625,0.14251708984375,data/raw/satloc/part_1/UAV Data/traj01/856@273257@112.811277@28.302005.png,112.811277,28.302005,02769,546.7635177863077,False,108.94832984920471,False,1902,18.065875355855468
856,v9_canny_structure,ok,8625,0.1122281551361084,data/raw/satloc/part_1/UAV Data/traj01/856@273257@112.811277@28.302005.png,112.811277,28.302005,00034,450.8677764426787,False,60.56574073031329,False,89,18.065875355855468
861,v3_green_suppressed,ok,8625,0.15700197219848633,data/raw/satloc/part_1/UAV Data/traj01/861@278262@112.811349@28.302265.png,112.811349,28.302265,01155,117.74651638580436,False,30.80812498220632,True,10,8.82955756677596
861,v5_edge_magnitude,ok,8625,0.13925600051879883,data/raw/satloc/part_1/UAV Data/traj01/861@278262@112.811349@28.302265.png,112.811349,28.302265,01155,117.74651638580436,False,30.80812498220632,True,4,8.82955756677596
861,v8_lab_logchroma_fused,ok,8625,0.14278197288513184,data/raw/satloc/part_1/UAV Data/traj01/861@278262@112.811349@28.302265.png,112.811349,28.302265,05408,1088.2663394451258,False,30.80812498220632,True,8,8.82955756677596
861,v9_canny_structure,ok,8625,0.12543272972106934,data/raw/satloc/part_1/UAV Data/traj01/861@278262@112.811349@28.302265.png,112.811349,28.302265,00274,438.68982136096366,False,30.80812498220632,True,4,8.82955756677596
866,v3_green_suppressed,ok,8625,0.11473798751831055,data/raw/satloc/part_1/UAV Data/traj01/866@283267@112.811813@28.302321.png,112.811813,28.302321,01030,167.8010759229418,False,23.925626103800425,True,12,11.667091442725662
866,v5_edge_magnitude,ok,8625,0.11214089393615723,data/raw/satloc/part_1/UAV Data/traj01/866@283267@112.811813@28.302321.png,112.811813,28.302321,01030,167.8010759229418,False,23.925626103800425,True,8,11.667091442725662
866,v8_lab_logchroma_fused,ok,8625,0.14115500450134277,data/raw/satloc/part_1/UAV Data/traj01/866@283267@112.811813@28.302321.png,112.811813,28.302321,00903,241.44875964629128,False,23.925626103800425,True,14,11.667091442725662
866,v9_canny_structure,ok,8625,0.12798786163330078,data/raw/satloc/part_1/UAV Data/traj01/866@283267@112.811813@28.302321.png,112.811813,28.302321,00149,489.69038396468756,False,23.925626103800425,True,6,11.667091442725662
871,v3_green_suppressed,ok,8625,0.1362919807434082,data/raw/satloc/part_1/UAV Data/traj01/871@288272@112.812413@28.302333.png,112.812413,28.302333,01535,14.798990101236136,True,14.798990101236136,True,1,14.798990101236136
871,v5_edge_magnitude,ok,8625,0.1243126392364502,data/raw/satloc/part_1/UAV Data/traj01/871@288272@112.812413@28.302333.png,112.812413,28.302333,01535,14.798990101236136,True,14.798990101236136,True,1,14.798990101236136
871,v8_lab_logchroma_fused,ok,8625,0.12760400772094727,data/raw/satloc/part_1/UAV Data/traj01/871@288272@112.812413@28.302333.png,112.812413,28.302333,01535,14.798990101236136,True,14.798990101236136,True,1,14.798990101236136
871,v9_canny_structure,ok,8625,0.1355130672454834,data/raw/satloc/part_1/UAV Data/traj01/871@288272@112.812413@28.302333.png,112.812413,28.302333,00149,528.7189965540338,False,14.798990101236136,True,3,14.798990101236136
874,v3_green_suppressed,ok,8625,0.12199997901916504,data/raw/satloc/part_1/UAV Data/traj01/874@0@112.812718@28.302336.png,112.812718,28.302336,01410,31.147776836073255,True,18.228112771903355,True,1,18.228112771903355
874,v5_edge_magnitude,ok,8625,0.10353517532348633,data/raw/satloc/part_1/UAV Data/traj01/874@0@112.812718@28.302336.png,112.812718,28.302336,01410,31.147776836073255,True,18.228112771903355,True,1,18.228112771903355
874,v8_lab_logchroma_fused,ok,8625,0.12030577659606934,data/raw/satloc/part_1/UAV Data/traj01/874@0@112.812718@28.302336.png,112.812718,28.302336,01410,31.147776836073255,True,18.228112771903355,True,1,18.228112771903355
874,v9_canny_structure,ok,8625,0.10184288024902344,data/raw/satloc/part_1/UAV Data/traj01/874@0@112.812718@28.302336.png,112.812718,28.302336,01410,31.147776836073255,True,18.228112771903355,True,1,18.228112771903355
876,v3_green_suppressed,ok,8625,0.11216998100280762,data/raw/satloc/part_1/UAV Data/traj01/876@2001@112.812947@28.302339.png,112.812947,28.302339,01537,28.62164933537884,True,16.28565991021154,True,1,16.28565991021154
876,v5_edge_magnitude,ok,8625,0.10983610153198242,data/raw/satloc/part_1/UAV Data/traj01/876@2001@112.812947@28.302339.png,112.812947,28.302339,01537,28.62164933537884,True,16.28565991021154,True,1,16.28565991021154
876,v8_lab_logchroma_fused,ok,8625,0.12017679214477539,data/raw/satloc/part_1/UAV Data/traj01/876@2001@112.812947@28.302339.png,112.812947,28.302339,01537,28.62164933537884,True,16.28565991021154,True,1,16.28565991021154
876,v9_canny_structure,ok,8625,0.10464286804199219,data/raw/satloc/part_1/UAV Data/traj01/876@2001@112.812947@28.302339.png,112.812947,28.302339,00150,540.7564452255383,False,16.28565991021154,True,2,16.28565991021154
881,v3_green_suppressed,ok,8625,0.11088895797729492,data/raw/satloc/part_1/UAV Data/traj01/881@7006@112.813555@28.302347.png,112.813555,28.302347,01538,14.123732545453406,True,14.123732545453406,True,1,14.123732545453406
881,v5_edge_magnitude,ok,8625,0.10478687286376953,data/raw/satloc/part_1/UAV Data/traj01/881@7006@112.813555@28.302347.png,112.813555,28.302347,01538,14.123732545453406,True,14.123732545453406,True,1,14.123732545453406
881,v8_lab_logchroma_fused,ok,8625,0.11899423599243164,data/raw/satloc/part_1/UAV Data/traj01/881@7006@112.813555@28.302347.png,112.813555,28.302347,01538,14.123732545453406,True,14.123732545453406,True,1,14.123732545453406
881,v9_canny_structure,ok,8625,0.1010429859161377,data/raw/satloc/part_1/UAV Data/traj01/881@7006@112.813555@28.302347.png,112.813555,28.302347,00151,558.3341512005435,False,14.123732545453406,True,3,14.123732545453406
886,v3_green_suppressed,ok,8625,0.11138486862182617,data/raw/satloc/part_1/UAV Data/traj01/886@12011@112.814161@28.302353.png,112.814161,28.302353,01539,27.878433612311373,True,27.878433612311373,True,1,18.57554066978125
886,v5_edge_magnitude,ok,8625,0.10476064682006836,data/raw/satloc/part_1/UAV Data/traj01/886@12011@112.814161@28.302353.png,112.814161,28.302353,01539,27.878433612311373,True,27.878433612311373,True,1,18.57554066978125
886,v8_lab_logchroma_fused,ok,8625,0.12055492401123047,data/raw/satloc/part_1/UAV Data/traj01/886@12011@112.814161@28.302353.png,112.814161,28.302353,01539,27.878433612311373,True,27.878433612311373,True,1,18.57554066978125
886,v9_canny_structure,ok,8625,0.10003805160522461,data/raw/satloc/part_1/UAV Data/traj01/886@12011@112.814161@28.302353.png,112.814161,28.302353,01916,128.13351912200648,False,27.878433612311373,True,2,18.57554066978125
891,v3_green_suppressed,ok,8625,0.11425304412841797,data/raw/satloc/part_1/UAV Data/traj01/891@17016@112.814765@28.302355.png,112.814765,28.302355,01717,1768.1538537599326,False,247.2295054556392,False,4882,19.815846463356277
891,v5_edge_magnitude,ok,8625,0.12496185302734375,data/raw/satloc/part_1/UAV Data/traj01/891@17016@112.814765@28.302355.png,112.814765,28.302355,01717,1768.1538537599326,False,275.5467183526005,False,4592,19.815846463356277
891,v8_lab_logchroma_fused,ok,8625,0.15933704376220703,data/raw/satloc/part_1/UAV Data/traj01/891@17016@112.814765@28.302355.png,112.814765,28.302355,01717,1768.1538537599326,False,275.5467183526005,False,3533,19.815846463356277
891,v9_canny_structure,ok,8625,0.1286177635192871,data/raw/satloc/part_1/UAV Data/traj01/891@17016@112.814765@28.302355.png,112.814765,28.302355,01518,816.0231503940112,False,87.62276566114262,False,228,19.815846463356277
896,v3_green_suppressed,ok,8625,0.11535310745239258,data/raw/satloc/part_1/UAV Data/traj01/896@22020@112.815002@28.302047.png,112.815002,28.302047,05838,1984.7305614156571,False,210.7358258642188,False,2087,15.712048076628408
896,v5_edge_magnitude,ok,8625,0.10356903076171875,data/raw/satloc/part_1/UAV Data/traj01/896@22020@112.815002@28.302047.png,112.815002,28.302047,01337,1572.2182793843149,False,91.88547148846857,False,198,15.712048076628408
896,v8_lab_logchroma_fused,ok,8625,0.1130530834197998,data/raw/satloc/part_1/UAV Data/traj01/896@22020@112.815002@28.302047.png,112.815002,28.302047,00077,1296.876561747534,False,278.4698839873525,False,1358,15.712048076628408
896,v9_canny_structure,ok,8625,0.10594606399536133,data/raw/satloc/part_1/UAV Data/traj01/896@22020@112.815002@28.302047.png,112.815002,28.302047,02061,672.9039644432399,False,37.12465423996743,True,9,15.712048076628408
901,v3_green_suppressed,ok,8625,0.12209081649780273,data/raw/satloc/part_1/UAV Data/traj01/901@27025@112.815039@28.301535.png,112.815039,28.301535,06156,1276.4713415570338,False,174.66133077945597,False,216,8.005624670671471
901,v5_edge_magnitude,ok,8625,0.10671877861022949,data/raw/satloc/part_1/UAV Data/traj01/901@27025@112.815039@28.301535.png,112.815039,28.301535,00479,2194.5336300328477,False,28.97941511847734,True,22,8.005624670671471
901,v8_lab_logchroma_fused,ok,8625,0.11643815040588379,data/raw/satloc/part_1/UAV Data/traj01/901@27025@112.815039@28.301535.png,112.815039,28.301535,00077,1313.8535286335932,False,307.996565546348,False,62,8.005624670671471
901,v9_canny_structure,ok,8625,0.10331177711486816,data/raw/satloc/part_1/UAV Data/traj01/901@27025@112.815039@28.301535.png,112.815039,28.301535,01664,117.11582374453118,False,28.97941511847734,True,5,8.005624670671471
905,v3_green_suppressed,ok,8625,0.11153912544250488,data/raw/satloc/part_1/UAV Data/traj01/905@31029@112.815049@28.301097.png,112.815049,28.301097,00928,482.38100738982683,False,130.14302989975351,False,79,15.897900428032882
905,v5_edge_magnitude,ok,8625,0.10563111305236816,data/raw/satloc/part_1/UAV Data/traj01/905@31029@112.815049@28.301097.png,112.815049,28.301097,02295,130.14302989975351,False,15.897900428032882,True,12,15.897900428032882
905,v8_lab_logchroma_fused,ok,8625,0.11739397048950195,data/raw/satloc/part_1/UAV Data/traj01/905@31029@112.815049@28.301097.png,112.815049,28.301097,01285,317.0646624528016,False,15.897900428032882,True,17,15.897900428032882
905,v9_canny_structure,ok,8625,0.0997018814086914,data/raw/satloc/part_1/UAV Data/traj01/905@31029@112.815049@28.301097.png,112.815049,28.301097,01789,123.52985037698569,False,15.897900428032882,True,3,15.897900428032882
906,v3_green_suppressed,ok,8625,0.1285109519958496,data/raw/satloc/part_1/UAV Data/traj01/906@32030@112.815050@28.300988.png,112.81505,28.300988,02421,171.49810222269602,False,6.518283749267923,True,13,6.518283749267923
906,v5_edge_magnitude,ok,8625,0.12598466873168945,data/raw/satloc/part_1/UAV Data/traj01/906@32030@112.815050@28.300988.png,112.81505,28.300988,01789,129.4710611366273,False,6.518283749267923,True,9,6.518283749267923
906,v8_lab_logchroma_fused,ok,8625,0.11933422088623047,data/raw/satloc/part_1/UAV Data/traj01/906@32030@112.815050@28.300988.png,112.81505,28.300988,01789,129.4710611366273,False,6.518283749267923,True,7,6.518283749267923
906,v9_canny_structure,ok,8625,0.10033416748046875,data/raw/satloc/part_1/UAV Data/traj01/906@32030@112.815050@28.300988.png,112.81505,28.300988,01789,129.4710611366273,False,6.518283749267923,True,8,6.518283749267923
911,v3_green_suppressed,ok,8625,0.11166119575500488,data/raw/satloc/part_1/UAV Data/traj01/911@37034@112.815058@28.300442.png,112.815058,28.300442,02419,78.49361233757456,False,13.573170300515988,True,2,13.573170300515988
911,v5_edge_magnitude,ok,8625,0.10142111778259277,data/raw/satloc/part_1/UAV Data/traj01/911@37034@112.815058@28.300442.png,112.815058,28.300442,02293,30.54231060662027,True,13.573170300515988,True,1,13.573170300515988
911,v8_lab_logchroma_fused,ok,8625,0.12024211883544922,data/raw/satloc/part_1/UAV Data/traj01/911@37034@112.815058@28.300442.png,112.815058,28.300442,01640,963.169798630889,False,13.573170300515988,True,3,13.573170300515988
911,v9_canny_structure,ok,8625,0.10067486763000488,data/raw/satloc/part_1/UAV Data/traj01/911@37034@112.815058@28.300442.png,112.815058,28.300442,02293,30.54231060662027,True,13.573170300515988,True,1,13.573170300515988
914,v3_green_suppressed,ok,8625,0.10994601249694824,data/raw/satloc/part_1/UAV Data/traj01/914@40037@112.815066@28.300118.png,112.815066,28.300118,01639,1004.873250541032,False,29.40073200278717,True,2,13.05692563080806
914,v5_edge_magnitude,ok,8625,0.10196995735168457,data/raw/satloc/part_1/UAV Data/traj01/914@40037@112.815066@28.300118.png,112.815066,28.300118,01639,1004.873250541032,False,25.380611072761262,True,2,13.05692563080806
914,v8_lab_logchroma_fused,ok,8625,0.11760711669921875,data/raw/satloc/part_1/UAV Data/traj01/914@40037@112.815066@28.300118.png,112.815066,28.300118,01639,1004.873250541032,False,13.05692563080806,True,2,13.05692563080806
914,v9_canny_structure,ok,8625,0.12935113906860352,data/raw/satloc/part_1/UAV Data/traj01/914@40037@112.815066@28.300118.png,112.815066,28.300118,02419,63.21254379566714,False,13.05692563080806,True,2,13.05692563080806
916,v3_green_suppressed,ok,8625,0.11383724212646484,data/raw/satloc/part_1/UAV Data/traj01/916@42039@112.815070@28.299901.png,112.81507,28.299901,01764,1003.1813243459533,False,15.605417872477034,True,2,15.605417872477034
916,v5_edge_magnitude,ok,8625,0.10133004188537598,data/raw/satloc/part_1/UAV Data/traj01/916@42039@112.815070@28.299901.png,112.81507,28.299901,01639,1010.3076192915223,False,15.605417872477034,True,3,15.605417872477034
916,v8_lab_logchroma_fused,ok,8625,0.11239194869995117,data/raw/satloc/part_1/UAV Data/traj01/916@42039@112.815070@28.299901.png,112.81507,28.299901,01764,1003.1813243459533,False,15.605417872477034,True,3,15.605417872477034
916,v9_canny_structure,ok,8625,0.10278606414794922,data/raw/satloc/part_1/UAV Data/traj01/916@42039@112.815070@28.299901.png,112.81507,28.299901,01639,1010.3076192915223,False,15.605417872477034,True,2,15.605417872477034
921,v3_green_suppressed,ok,8625,0.10846710205078125,data/raw/satloc/part_1/UAV Data/traj01/921@47044@112.815081@28.299358.png,112.815081,28.299358,06087,1822.4662345098377,False,240.59944735787232,False,547,9.833747933440117
921,v5_edge_magnitude,ok,8625,0.10380911827087402,data/raw/satloc/part_1/UAV Data/traj01/921@47044@112.815081@28.299358.png,112.815081,28.299358,06087,1822.4662345098377,False,240.59944735787232,False,409,9.833747933440117
921,v8_lab_logchroma_fused,ok,8625,0.11806178092956543,data/raw/satloc/part_1/UAV Data/traj01/921@47044@112.815081@28.299358.png,112.815081,28.299358,06087,1822.4662345098377,False,211.01502269902468,False,209,9.833747933440117
921,v9_canny_structure,ok,8625,0.10055923461914062,data/raw/satloc/part_1/UAV Data/traj01/921@47044@112.815081@28.299358.png,112.815081,28.299358,00903,700.4522259607406,False,85.89544540001718,False,168,9.833747933440117
926,v3_green_suppressed,ok,8625,0.11178016662597656,data/raw/satloc/part_1/UAV Data/traj01/926@52049@112.815091@28.298814.png,112.815091,28.298814,05962,1774.3437682696551,False,112.89593804954647,False,219,11.310249830155344
926,v5_edge_magnitude,ok,8625,0.10449004173278809,data/raw/satloc/part_1/UAV Data/traj01/926@52049@112.815091@28.298814.png,112.815091,28.298814,05962,1774.3437682696551,False,147.15338668968533,False,160,11.310249830155344
926,v8_lab_logchroma_fused,ok,8625,0.1155850887298584,data/raw/satloc/part_1/UAV Data/traj01/926@52049@112.815091@28.298814.png,112.815091,28.298814,06087,1791.2066686152812,False,110.55519576935615,False,89,11.310249830155344
926,v9_canny_structure,ok,8625,0.10168695449829102,data/raw/satloc/part_1/UAV Data/traj01/926@52049@112.815091@28.298814.png,112.815091,28.298814,00778,771.2042546611845,False,249.9765902036271,False,705,11.310249830155344
927,v3_green_suppressed,ok,8625,0.11107826232910156,data/raw/satloc/part_1/UAV Data/traj01/927@53050@112.815093@28.298706.png,112.815093,28.298706,05962,1768.4950110341524,False,101.17045446041286,False,206,12.147682887121682
927,v5_edge_magnitude,ok,8625,0.10507607460021973,data/raw/satloc/part_1/UAV Data/traj01/927@53050@112.815093@28.298706.png,112.815093,28.298706,05962,1768.4950110341524,False,168.23959557159023,False,194,12.147682887121682
927,v8_lab_logchroma_fused,ok,8625,0.11880111694335938,data/raw/satloc/part_1/UAV Data/traj01/927@53050@112.815093@28.298706.png,112.815093,28.298706,05187,927.4554388980939,False,101.17045446041286,False,178,12.147682887121682
927,v9_canny_structure,ok,8625,0.10263586044311523,data/raw/satloc/part_1/UAV Data/traj01/927@53050@112.815093@28.298706.png,112.815093,28.298706,07732,2616.663981017538,False,173.87578485969644,False,863,12.147682887121682
931,v3_green_suppressed,ok,8625,0.12996482849121094,data/raw/satloc/part_1/UAV Data/traj01/931@57053@112.815100@28.298272.png,112.8151,28.298272,06087,1761.6607847122366,False,88.10611052800151,False,94,18.445007814423644
931,v5_edge_magnitude,ok,8625,0.18402314186096191,data/raw/satloc/part_1/UAV Data/traj01/931@57053@112.815100@28.298272.png,112.8151,28.298272,05962,1745.718212997898,False,55.34376954836931,False,116,18.445007814423644
931,v8_lab_logchroma_fused,ok,8625,0.2044200897216797,data/raw/satloc/part_1/UAV Data/traj01/931@57053@112.815100@28.298272.png,112.8151,28.298272,04535,473.664420803414,False,55.34376954836931,False,105,18.445007814423644
931,v9_canny_structure,ok,8625,0.16179203987121582,data/raw/satloc/part_1/UAV Data/traj01/931@57053@112.815100@28.298272.png,112.8151,28.298272,00904,769.7021373706663,False,120.1643702648155,False,542,18.445007814423644
936,v3_green_suppressed,ok,8625,0.16108489036560059,data/raw/satloc/part_1/UAV Data/traj01/936@62058@112.815109@28.297730.png,112.815109,28.29773,05962,1718.7304193924197,False,15.694195572838836,True,7,15.694195572838836
936,v5_edge_magnitude,ok,8625,0.13463687896728516,data/raw/satloc/part_1/UAV Data/traj01/936@62058@112.815109@28.297730.png,112.815109,28.29773,05962,1718.7304193924197,False,15.694195572838836,True,14,15.694195572838836
936,v8_lab_logchroma_fused,ok,8625,0.13156795501708984,data/raw/satloc/part_1/UAV Data/traj01/936@62058@112.815109@28.297730.png,112.815109,28.29773,05962,1718.7304193924197,False,15.694195572838836,True,8,15.694195572838836
936,v9_canny_structure,ok,8625,0.1142110824584961,data/raw/satloc/part_1/UAV Data/traj01/936@62058@112.815109@28.297730.png,112.815109,28.29773,00778,867.6749867800291,False,25.422521601134225,True,30,15.694195572838836
937,v3_green_suppressed,ok,8625,0.12154006958007812,data/raw/satloc/part_1/UAV Data/traj01/937@63059@112.815111@28.297622.png,112.815111,28.297622,06087,1728.3164782432364,False,26.157314185962793,True,14,17.259169948038252
937,v5_edge_magnitude,ok,8625,0.11581897735595703,data/raw/satloc/part_1/UAV Data/traj01/937@63059@112.815111@28.297622.png,112.815111,28.297622,04508,1242.6537909812278,False,26.157314185962793,True,29,17.259169948038252
937,v8_lab_logchroma_fused,ok,8625,0.12740182876586914,data/raw/satloc/part_1/UAV Data/traj01/937@63059@112.815111@28.297622.png,112.815111,28.297622,06087,1728.3164782432364,False,17.259169948038252,True,27,17.259169948038252
937,v9_canny_structure,ok,8625,0.11166715621948242,data/raw/satloc/part_1/UAV Data/traj01/937@63059@112.815111@28.297622.png,112.815111,28.297622,00779,858.1876437423327,False,32.12463261339048,True,45,17.259169948038252
941,v3_green_suppressed,ok,8625,0.12185096740722656,data/raw/satloc/part_1/UAV Data/traj01/941@67063@112.815119@28.297178.png,112.815119,28.297178,08413,1368.344311572509,False,35.3101526602474,True,3,12.858400363274518
941,v5_edge_magnitude,ok,8625,0.11462092399597168,data/raw/satloc/part_1/UAV Data/traj01/941@67063@112.815119@28.297178.png,112.815119,28.297178,03667,35.3101526602474,True,22.292999980272167,True,1,12.858400363274518
941,v8_lab_logchroma_fused,ok,8625,0.12139606475830078,data/raw/satloc/part_1/UAV Data/traj01/941@67063@112.815119@28.297178.png,112.815119,28.297178,04775,698.6030584066696,False,35.3101526602474,True,3,12.858400363274518
941,v9_canny_structure,ok,8625,0.10329079627990723,data/raw/satloc/part_1/UAV Data/traj01/941@67063@112.815119@28.297178.png,112.815119,28.297178,00905,852.5875930600009,False,35.3101526602474,True,5,12.858400363274518
946,v3_green_suppressed,ok,8625,0.11157083511352539,data/raw/satloc/part_1/UAV Data/traj01/946@72068@112.815128@28.296635.png,112.815128,28.296635,05187,788.7306125097772,False,15.51218295013687,True,7,15.51218295013687
946,v5_edge_magnitude,ok,8625,0.10513782501220703,data/raw/satloc/part_1/UAV Data/traj01/946@72068@112.815128@28.296635.png,112.815128,28.296635,03794,56.7320278350509,False,15.51218295013687,True,11,15.51218295013687
946,v8_lab_logchroma_fused,ok,8625,0.11810302734375,data/raw/satloc/part_1/UAV Data/traj01/946@72068@112.815128@28.296635.png,112.815128,28.296635,03794,56.7320278350509,False,15.51218295013687,True,7,15.51218295013687
946,v9_canny_structure,ok,8625,0.11262011528015137,data/raw/satloc/part_1/UAV Data/traj01/946@72068@112.815128@28.296635.png,112.815128,28.296635,00779,953.0484918105518,False,15.51218295013687,True,9,15.51218295013687
951,v3_green_suppressed,ok,8625,0.11181998252868652,data/raw/satloc/part_1/UAV Data/traj01/951@77072@112.815136@28.296091.png,112.815136,28.296091,04544,166.03715084680218,False,56.84686085777754,False,237,22.13098104315366
951,v5_edge_magnitude,ok,8625,0.10292792320251465,data/raw/satloc/part_1/UAV Data/traj01/951@77072@112.815136@28.296091.png,112.815136,28.296091,04508,1211.5349595098685,False,56.84686085777754,False,320,22.13098104315366
951,v8_lab_logchroma_fused,ok,8625,0.11738705635070801,data/raw/satloc/part_1/UAV Data/traj01/951@77072@112.815136@28.296091.png,112.815136,28.296091,03794,76.71158673077475,False,56.84686085777754,False,143,22.13098104315366
951,v9_canny_structure,ok,8625,0.10103225708007812,data/raw/satloc/part_1/UAV Data/traj01/951@77072@112.815136@28.296091.png,112.815136,28.296091,00779,1006.5657729665966,False,100.79381437787406,False,701,22.13098104315366
952,v3_green_suppressed,ok,8625,0.11205887794494629,data/raw/satloc/part_1/UAV Data/traj01/952@78073@112.815138@28.295982.png,112.815138,28.295982,08413,1236.5016083431922,False,68.23011698206149,False,280,15.30909965516352
952,v5_edge_magnitude,ok,8625,0.12381219863891602,data/raw/satloc/part_1/UAV Data/traj01/952@78073@112.815138@28.295982.png,112.815138,28.295982,04508,1210.2240149498643,False,102.09210075107337,False,371,15.30909965516352
952,v8_lab_logchroma_fused,ok,8625,0.12075495719909668,data/raw/satloc/part_1/UAV Data/traj01/952@78073@112.815138@28.295982.png,112.815138,28.295982,08288,1201.8639604272066,False,62.975376381841365,False,217,15.30909965516352
952,v9_canny_structure,ok,8625,0.10079383850097656,data/raw/satloc/part_1/UAV Data/traj01/952@78073@112.815138@28.295982.png,112.815138,28.295982,05917,528.6835170564838,False,136.48737195369202,False,917,15.30909965516352
956,v3_green_suppressed,ok,8625,0.11009097099304199,data/raw/satloc/part_1/UAV Data/traj01/956@82077@112.815145@28.295546.png,112.815145,28.295546,03797,195.66699096861063,False,115.2956920878903,False,1077,17.63487357416361
956,v5_edge_magnitude,ok,8625,0.10363292694091797,data/raw/satloc/part_1/UAV Data/traj01/956@82077@112.815145@28.295546.png,112.815145,28.295546,03627,1419.5187816604328,False,108.28905382119683,False,1014,17.63487357416361
956,v8_lab_logchroma_fused,ok,8625,0.11672306060791016,data/raw/satloc/part_1/UAV Data/traj01/956@82077@112.815145@28.295546.png,112.815145,28.295546,08539,1219.2027402091496,False,115.2956920878903,False,541,17.63487357416361
956,v9_canny_structure,ok,8625,0.10053610801696777,data/raw/satloc/part_1/UAV Data/traj01/956@82077@112.815145@28.295546.png,112.815145,28.295546,03797,195.66699096861063,False,149.30632444126252,False,2202,17.63487357416361
961,v3_green_suppressed,ok,8625,0.11012411117553711,data/raw/satloc/part_1/UAV Data/traj01/961@87082@112.815154@28.295002.png,112.815154,28.295002,03503,1399.126650368674,False,51.0478323564105,False,401,16.14071300229755
961,v5_edge_magnitude,ok,8625,0.1067352294921875,data/raw/satloc/part_1/UAV Data/traj01/961@87082@112.815154@28.295002.png,112.815154,28.295002,03503,1399.126650368674,False,51.0478323564105,False,412,16.14071300229755
961,v8_lab_logchroma_fused,ok,8625,0.11655926704406738,data/raw/satloc/part_1/UAV Data/traj01/961@87082@112.815154@28.295002.png,112.815154,28.295002,05064,772.0572121046475,False,51.0478323564105,False,483,16.14071300229755
961,v9_canny_structure,ok,8625,0.10064888000488281,data/raw/satloc/part_1/UAV Data/traj01/961@87082@112.815154@28.295002.png,112.815154,28.295002,04152,544.2513518716452,False,51.0478323564105,False,1108,16.14071300229755
963,v3_green_suppressed,ok,8625,0.10825204849243164,data/raw/satloc/part_1/UAV Data/traj01/963@89084@112.815157@28.294785.png,112.815157,28.294785,02753,1458.3917008459566,False,52.56444011931175,False,183,19.92838635780974
963,v5_edge_magnitude,ok,8625,0.10337305068969727,data/raw/satloc/part_1/UAV Data/traj01/963@89084@112.815157@28.294785.png,112.815157,28.294785,02753,1458.3917008459566,False,99.6655463608454,False,255,19.92838635780974
963,v8_lab_logchroma_fused,ok,8625,0.12318706512451172,data/raw/satloc/part_1/UAV Data/traj01/963@89084@112.815157@28.294785.png,112.815157,28.294785,05064,766.658156110132,False,52.56444011931175,False,260,19.92838635780974
963,v9_canny_structure,ok,8625,0.10466909408569336,data/raw/satloc/part_1/UAV Data/traj01/963@89084@112.815157@28.294785.png,112.815157,28.294785,04277,543.2755603219322,False,56.51864554918694,False,828,19.92838635780974
966,v3_green_suppressed,ok,8625,0.1108090877532959,data/raw/satloc/part_1/UAV Data/traj01/966@92086@112.815162@28.294459.png,112.815162,28.294459,02878,1459.2945528766334,False,98.6194427799762,False,141,19.626394792649783
966,v5_edge_magnitude,ok,8625,0.10327315330505371,data/raw/satloc/part_1/UAV Data/traj01/966@92086@112.815162@28.294459.png,112.815162,28.294459,01766,1218.2020751625348,False,88.38290127926265,False,177,19.626394792649783
966,v8_lab_logchroma_fused,ok,8625,0.11642599105834961,data/raw/satloc/part_1/UAV Data/traj01/966@92086@112.815162@28.294459.png,112.815162,28.294459,04760,1135.0046851778502,False,98.6194427799762,False,160,19.626394792649783
966,v9_canny_structure,ok,8625,0.10064005851745605,data/raw/satloc/part_1/UAV Data/traj01/966@92086@112.815162@28.294459.png,112.815162,28.294459,01766,1218.2020751625348,False,243.00599738381896,False,871,19.626394792649783
971,v3_green_suppressed,ok,8625,0.10955286026000977,data/raw/satloc/part_1/UAV Data/traj01/971@97091@112.815175@28.293917.png,112.815175,28.293917,02877,1513.9273500793543,False,228.18526950078206,False,437,22.732617292514746
971,v5_edge_magnitude,ok,8625,0.10124588012695312,data/raw/satloc/part_1/UAV Data/traj01/971@97091@112.815175@28.293917.png,112.815175,28.293917,02752,1526.709899175818,False,228.18526950078206,False,511,22.732617292514746
971,v8_lab_logchroma_fused,ok,8625,0.11548280715942383,data/raw/satloc/part_1/UAV Data/traj01/971@97091@112.815175@28.293917.png,112.815175,28.293917,03514,1060.3739127349445,False,99.65530999207881,False,195,22.732617292514746
971,v9_canny_structure,ok,8625,0.10219216346740723,data/raw/satloc/part_1/UAV Data/traj01/971@97091@112.815175@28.293917.png,112.815175,28.293917,01639,1334.3915015141172,False,103.48975692439232,False,777,22.732617292514746
976,v3_green_suppressed,ok,8625,0.10938096046447754,data/raw/satloc/part_1/UAV Data/traj01/976@102096@112.815185@28.293372.png,112.815185,28.293372,02753,1519.6220815152772,False,121.93784962960392,False,316,16.907502148842955
976,v5_edge_magnitude,ok,8625,0.10449981689453125,data/raw/satloc/part_1/UAV Data/traj01/976@102096@112.815185@28.293372.png,112.815185,28.293372,08412,956.4551140283041,False,121.93784962960392,False,447,16.907502148842955
976,v8_lab_logchroma_fused,ok,8625,0.11879491806030273,data/raw/satloc/part_1/UAV Data/traj01/976@102096@112.815185@28.293372.png,112.815185,28.293372,05038,158.93940981544358,False,124.06024567292327,False,245,16.907502148842955
976,v9_canny_structure,ok,8625,0.1026611328125,data/raw/satloc/part_1/UAV Data/traj01/976@102096@112.815185@28.293372.png,112.815185,28.293372,05037,193.8306887738438,False,161.40221901942294,False,329,16.907502148842955
981,v3_green_suppressed,ok,8625,0.10973000526428223,data/raw/satloc/part_1/UAV Data/traj01/981@107101@112.815193@28.292837.png,112.815193,28.292837,05291,55.02432514423607,False,43.89824877636903,False,212,15.534980658344187
981,v5_edge_magnitude,ok,8625,0.10134387016296387,data/raw/satloc/part_1/UAV Data/traj01/981@107101@112.815193@28.292837.png,112.815193,28.292837,05542,76.66212594659662,False,43.89824877636903,False,201,15.534980658344187
981,v8_lab_logchroma_fused,ok,8625,0.11947798728942871,data/raw/satloc/part_1/UAV Data/traj01/981@107101@112.815193@28.292837.png,112.815193,28.292837,05291,55.02432514423607,False,43.89824877636903,False,53,15.534980658344187
981,v9_canny_structure,ok,8625,0.10164785385131836,data/raw/satloc/part_1/UAV Data/traj01/981@107101@112.815193@28.292837.png,112.815193,28.292837,05542,76.66212594659662,False,43.89824877636903,False,578,15.534980658344187
986,v3_green_suppressed,ok,8625,0.10910391807556152,data/raw/satloc/part_1/UAV Data/traj01/986@112105@112.815487@28.292664.png,112.815487,28.292664,04786,301.02287639857116,False,24.202508544067587,True,40,20.438115834573136
986,v5_edge_magnitude,ok,8625,0.10391998291015625,data/raw/satloc/part_1/UAV Data/traj01/986@112105@112.815487@28.292664.png,112.815487,28.292664,05542,73.32555618651371,False,52.631059371593956,False,150,20.438115834573136
986,v8_lab_logchroma_fused,ok,8625,0.12773990631103516,data/raw/satloc/part_1/UAV Data/traj01/986@112105@112.815487@28.292664.png,112.815487,28.292664,05542,73.32555618651371,False,24.202508544067587,True,29,20.438115834573136
986,v9_canny_structure,ok,8625,0.10227417945861816,data/raw/satloc/part_1/UAV Data/traj01/986@112105@112.815487@28.292664.png,112.815487,28.292664,05542,73.32555618651371,False,52.631059371593956,False,276,20.438115834573136
990,v3_green_suppressed,ok,8625,0.11904430389404297,data/raw/satloc/part_1/UAV Data/traj01/990@116109@112.815929@28.292653.png,112.815929,28.292653,05187,608.4026350038117,False,28.98054211551957,True,26,20.6595171461431
990,v5_edge_magnitude,ok,8625,0.1371898651123047,data/raw/satloc/part_1/UAV Data/traj01/990@116109@112.815929@28.292653.png,112.815929,28.292653,05187,608.4026350038117,False,28.98054211551957,True,24,20.6595171461431
990,v8_lab_logchroma_fused,ok,8625,0.12063264846801758,data/raw/satloc/part_1/UAV Data/traj01/990@116109@112.815929@28.292653.png,112.815929,28.292653,05187,608.4026350038117,False,28.98054211551957,True,17,20.6595171461431
990,v9_canny_structure,ok,8625,0.10313224792480469,data/raw/satloc/part_1/UAV Data/traj01/990@116109@112.815929@28.292653.png,112.815929,28.292653,00906,1326.7524957423393,False,135.9683661139938,False,302,20.6595171461431
991,v3_green_suppressed,ok,8625,0.1125497817993164,data/raw/satloc/part_1/UAV Data/traj01/991@117110@112.816048@28.292653.png,112.816048,28.292653,05187,596.7933337640835,False,38.63535894604138,True,17,16.311294603339615
991,v5_edge_magnitude,ok,8625,0.10116910934448242,data/raw/satloc/part_1/UAV Data/traj01/991@117110@112.816048@28.292653.png,112.816048,28.292653,05062,600.7959144502323,False,38.63535894604138,True,17,16.311294603339615
991,v8_lab_logchroma_fused,ok,8625,0.1181330680847168,data/raw/satloc/part_1/UAV Data/traj01/991@117110@112.816048@28.292653.png,112.816048,28.292653,05187,596.7933337640835,False,38.63535894604138,True,15,16.311294603339615
991,v9_canny_structure,ok,8625,0.10273408889770508,data/raw/satloc/part_1/UAV Data/traj01/991@117110@112.816048@28.292653.png,112.816048,28.292653,00906,1330.9772016914578,False,141.25794006862708,False,213,16.311294603339615
996,v3_green_suppressed,ok,8625,0.10829806327819824,data/raw/satloc/part_1/UAV Data/traj01/996@122115@112.816350@28.292752.png,112.81635,28.292752,05062,569.9928764836168,False,283.03307000393545,False,614,8.30194539972957
996,v5_edge_magnitude,ok,8625,0.10281109809875488,data/raw/satloc/part_1/UAV Data/traj01/996@122115@112.816350@28.292752.png,112.81635,28.292752,05062,569.9928764836168,False,107.73017804370313,False,872,8.30194539972957
996,v8_lab_logchroma_fused,ok,8625,0.1372509002685547,data/raw/satloc/part_1/UAV Data/traj01/996@122115@112.816350@28.292752.png,112.81635,28.292752,05187,566.4513304403324,False,249.54377952855376,False,500,8.30194539972957
996,v9_canny_structure,ok,8625,0.10015678405761719,data/raw/satloc/part_1/UAV Data/traj01/996@122115@112.816350@28.292752.png,112.81635,28.292752,00906,1331.941918787708,False,195.8003293301933,False,1023,8.30194539972957
1001,v3_green_suppressed,ok,8625,0.11026215553283691,data/raw/satloc/part_1/UAV Data/traj01/1001@127119@112.816354@28.293135.png,112.816354,28.293135,02504,1632.9660675530934,False,106.35120291540927,False,603,6.486109520826405
1001,v5_edge_magnitude,ok,8625,0.10166573524475098,data/raw/satloc/part_1/UAV Data/traj01/1001@127119@112.816354@28.293135.png,112.816354,28.293135,02504,1632.9660675530934,False,140.27755868742017,False,261,6.486109520826405
1001,v8_lab_logchroma_fused,ok,8625,0.11905097961425781,data/raw/satloc/part_1/UAV Data/traj01/1001@127119@112.816354@28.293135.png,112.816354,28.293135,03669,421.47301108214026,False,247.71976879557994,False,442,6.486109520826405
1001,v9_canny_structure,ok,8625,0.10111784934997559,data/raw/satloc/part_1/UAV Data/traj01/1001@127119@112.816354@28.293135.png,112.816354,28.293135,00054,1457.4424885346996,False,41.008320327789406,False,307,6.486109520826405
1003,v3_green_suppressed,ok,8625,0.10892701148986816,data/raw/satloc/part_1/UAV Data/traj01/1003@129121@112.816351@28.293325.png,112.816351,28.293325,02504,1623.3546531180348,False,119.61189706319978,False,216,13.024716810061566
1003,v5_edge_magnitude,ok,8625,0.10753703117370605,data/raw/satloc/part_1/UAV Data/traj01/1003@129121@112.816351@28.293325.png,112.816351,28.293325,05837,1451.3429936995262,False,119.61189706319978,False,149,13.024716810061566
1003,v8_lab_logchroma_fused,ok,8625,0.1240549087524414,data/raw/satloc/part_1/UAV Data/traj01/1003@129121@112.816351@28.293325.png,112.816351,28.293325,03669,400.5555105767652,False,132.37251069785083,False,109,13.024716810061566
1003,v9_canny_structure,ok,8625,0.10134410858154297,data/raw/satloc/part_1/UAV Data/traj01/1003@129121@112.816351@28.293325.png,112.816351,28.293325,05837,1451.3429936995262,False,47.47265663167519,False,134,13.024716810061566
1006,v3_green_suppressed,ok,8625,0.1096639633178711,data/raw/satloc/part_1/UAV Data/traj01/1006@132124@112.816347@28.293629.png,112.816347,28.293629,06746,2668.0855044241157,False,47.274415589480675,False,154,14.191019460306828
1006,v5_edge_magnitude,ok,8625,0.10480213165283203,data/raw/satloc/part_1/UAV Data/traj01/1006@132124@112.816347@28.293629.png,112.816347,28.293629,08371,2785.2231251902645,False,23.396869293329225,True,38,14.191019460306828
1006,v8_lab_logchroma_fused,ok,8625,0.11768126487731934,data/raw/satloc/part_1/UAV Data/traj01/1006@132124@112.816347@28.293629.png,112.816347,28.293629,03640,1134.7524582335489,False,23.396869293329225,True,7,14.191019460306828
1006,v9_canny_structure,ok,8625,0.10099196434020996,data/raw/satloc/part_1/UAV Data/traj01/1006@132124@112.816347@28.293629.png,112.816347,28.293629,05438,613.5535445138709,False,47.274415589480675,False,232,14.191019460306828
1011,v3_green_suppressed,ok,8625,0.1088247299194336,data/raw/satloc/part_1/UAV Data/traj01/1011@137129@112.816340@28.294159.png,112.81634,28.294159,03766,1073.9047958072035,False,66.67326663645461,False,75,13.682006877251826
1011,v5_edge_magnitude,ok,8625,0.10512113571166992,data/raw/satloc/part_1/UAV Data/traj01/1011@137129@112.816340@28.294159.png,112.81634,28.294159,03766,1073.9047958072035,False,13.682006877251826,True,42,13.682006877251826
1011,v8_lab_logchroma_fused,ok,8625,0.11803007125854492,data/raw/satloc/part_1/UAV Data/traj01/1011@137129@112.816340@28.294159.png,112.81634,28.294159,03766,1073.9047958072035,False,13.682006877251826,True,14,13.682006877251826
1011,v9_canny_structure,ok,8625,0.10171198844909668,data/raw/satloc/part_1/UAV Data/traj01/1011@137129@112.816340@28.294159.png,112.81634,28.294159,06858,2245.6246587173314,False,66.67326663645461,False,529,13.682006877251826
1015,v3_green_suppressed,ok,8625,0.12138795852661133,data/raw/satloc/part_1/UAV Data/traj01/1015@141133@112.816335@28.294566.png,112.816335,28.294566,03255,1468.8720036686518,False,221.46057872442282,False,115,15.263628782980668
1015,v5_edge_magnitude,ok,8625,0.13478899002075195,data/raw/satloc/part_1/UAV Data/traj01/1015@141133@112.816335@28.294566.png,112.816335,28.294566,04775,727.4956558867758,False,57.31226687911721,False,123,15.263628782980668
1015,v8_lab_logchroma_fused,ok,8625,0.15526103973388672,data/raw/satloc/part_1/UAV Data/traj01/1015@141133@112.816335@28.294566.png,112.816335,28.294566,03641,1070.8946037313794,False,57.31226687911721,False,94,15.263628782980668
1015,v9_canny_structure,ok,8625,0.10800313949584961,data/raw/satloc/part_1/UAV Data/traj01/1015@141133@112.816335@28.294566.png,112.816335,28.294566,07373,2799.976456319777,False,140.23047883860173,False,237,15.263628782980668
1016,v3_green_suppressed,ok,8625,0.10947203636169434,data/raw/satloc/part_1/UAV Data/traj01/1016@142134@112.816333@28.294665.png,112.816333,28.294665,03641,1068.1100982164487,False,61.77812743975272,False,111,8.339670552583096
1016,v5_edge_magnitude,ok,8625,0.10167598724365234,data/raw/satloc/part_1/UAV Data/traj01/1016@142134@112.816333@28.294665.png,112.816333,28.294665,03641,1068.1100982164487,False,68.25559491425004,False,109,8.339670552583096
1016,v8_lab_logchroma_fused,ok,8625,0.11921501159667969,data/raw/satloc/part_1/UAV Data/traj01/1016@142134@112.816333@28.294665.png,112.816333,28.294665,03641,1068.1100982164487,False,68.25559491425004,False,84,8.339670552583096
1016,v9_canny_structure,ok,8625,0.10307598114013672,data/raw/satloc/part_1/UAV Data/traj01/1016@142134@112.816333@28.294665.png,112.816333,28.294665,01390,1385.452490013423,False,136.66627836499333,False,263,8.339670552583096
1021,v3_green_suppressed,ok,8625,0.12696504592895508,data/raw/satloc/part_1/UAV Data/traj01/1021@147138@112.816324@28.295146.png,112.816324,28.295146,05235,2254.723254181768,False,162.22423534216966,False,213,18.781944435588603
1021,v5_edge_magnitude,ok,8625,0.10564684867858887,data/raw/satloc/part_1/UAV Data/traj01/1021@147138@112.816324@28.295146.png,112.816324,28.295146,05235,2254.723254181768,False,86.80600705150891,False,230,18.781944435588603
1021,v8_lab_logchroma_fused,ok,8625,0.11786293983459473,data/raw/satloc/part_1/UAV Data/traj01/1021@147138@112.816324@28.295146.png,112.816324,28.295146,02378,1587.6757560823796,False,63.06079687829638,False,162,18.781944435588603
1021,v9_canny_structure,ok,8625,0.10069513320922852,data/raw/satloc/part_1/UAV Data/traj01/1021@147138@112.816324@28.295146.png,112.816324,28.295146,04941,724.2512855375157,False,130.74797610140502,False,637,18.781944435588603
1024,v3_green_suppressed,ok,8625,0.11032819747924805,data/raw/satloc/part_1/UAV Data/traj01/1024@150141@112.816322@28.295441.png,112.816322,28.295441,04797,160.24214506374707,False,84.7228662485706,False,197,17.05707393350722
1024,v5_edge_magnitude,ok,8625,0.10350584983825684,data/raw/satloc/part_1/UAV Data/traj01/1024@150141@112.816322@28.295441.png,112.816322,28.295441,02880,1469.48563306987,False,84.7228662485706,False,430,17.05707393350722
1024,v8_lab_logchroma_fused,ok,8625,0.11817789077758789,data/raw/satloc/part_1/UAV Data/traj01/1024@150141@112.816322@28.295441.png,112.816322,28.295441,03797,132.80768039191744,False,84.7228662485706,False,125,17.05707393350722
1024,v9_canny_structure,ok,8625,0.1020500659942627,data/raw/satloc/part_1/UAV Data/traj01/1024@150141@112.816322@28.295441.png,112.816322,28.295441,03797,132.80768039191744,False,132.80768039191744,False,855,17.05707393350722
1026,v3_green_suppressed,ok,8625,0.1079702377319336,data/raw/satloc/part_1/UAV Data/traj01/1026@152143@112.816320@28.295640.png,112.81632,28.29564,03003,1524.2579459979672,False,112.25132307087064,False,150,9.489586317812677
1026,v5_edge_magnitude,ok,8625,0.1013178825378418,data/raw/satloc/part_1/UAV Data/traj01/1026@152143@112.816320@28.295640.png,112.81632,28.29564,05834,1411.5634509865092,False,106.76478094052142,False,224,9.489586317812677
1026,v8_lab_logchroma_fused,ok,8625,0.11783480644226074,data/raw/satloc/part_1/UAV Data/traj01/1026@152143@112.816320@28.295640.png,112.81632,28.29564,03671,138.38943446681697,False,112.25132307087064,False,79,9.489586317812677
1026,v9_canny_structure,ok,8625,0.10248088836669922,data/raw/satloc/part_1/UAV Data/traj01/1026@152143@112.816320@28.295640.png,112.81632,28.29564,06087,1533.5792669721586,False,112.25132307087064,False,362,9.489586317812677
1031,v3_green_suppressed,ok,8625,0.11327815055847168,data/raw/satloc/part_1/UAV Data/traj01/1031@157148@112.816312@28.296124.png,112.816312,28.296124,02753,1526.8515775345127,False,374.9209446193008,False,131,17.625132123939263
1031,v5_edge_magnitude,ok,8625,0.10486721992492676,data/raw/satloc/part_1/UAV Data/traj01/1031@157148@112.816312@28.296124.png,112.816312,28.296124,08288,1237.3502984173795,False,28.665003579872394,True,44,17.625132123939263
1031,v8_lab_logchroma_fused,ok,8625,0.12051582336425781,data/raw/satloc/part_1/UAV Data/traj01/1031@157148@112.816312@28.296124.png,112.816312,28.296124,03641,1040.633209497806,False,28.665003579872394,True,47,17.625132123939263
1031,v9_canny_structure,ok,8625,0.10022091865539551,data/raw/satloc/part_1/UAV Data/traj01/1031@157148@112.816312@28.296124.png,112.816312,28.296124,05162,452.2475999771756,False,154.50480086224496,False,201,17.625132123939263
1034,v3_green_suppressed,ok,8625,0.11178112030029297,data/raw/satloc/part_1/UAV Data/traj01/1034@160151@112.816307@28.296352.png,112.816307,28.296352,02878,1514.53978716459,False,26.633316220785492,True,37,15.247261602115884
1034,v5_edge_magnitude,ok,8625,0.10424995422363281,data/raw/satloc/part_1/UAV Data/traj01/1034@160151@112.816307@28.296352.png,112.816307,28.296352,02752,1555.339979327092,False,26.633316220785492,True,7,15.247261602115884
1034,v8_lab_logchroma_fused,ok,8625,0.11890721321105957,data/raw/satloc/part_1/UAV Data/traj01/1034@160151@112.816307@28.296352.png,112.816307,28.296352,03515,1075.7353812559522,False,26.633316220785492,True,10,15.247261602115884
1034,v9_canny_structure,ok,8625,0.12278914451599121,data/raw/satloc/part_1/UAV Data/traj01/1034@160151@112.816307@28.296352.png,112.816307,28.296352,04938,670.2548587267165,False,97.11703980494062,False,58,15.247261602115884
