sequence_frame_id,sequence,image_path,image_path_relative,filename,token0_id,token1_order,lon,lat,parse_status,frame_index_in_sequence,global_frame_index,utm_x_m,utm_y_m,x_enu_global_m,y_enu_global_m,x_enu_m,y_enu_m,image_path_resolved,is_uniform,is_existing73,is_relative_risk,risk_reason,query_index,query_source
0,traj01,data/raw/satloc/part_1/UAV Data/traj01/1@0@112.816130@28.297316.png,UAV Data/traj01/1@0@112.816130@28.297316.png,1@0@112.816130@28.297316.png,1,0,112.81613,28.297316,ok,0,0,678090.5113665415,3131476.591275567,0.0,0.0,0.0,0.0,/Users/harishprabhu/Documents/drone-localisation/data/raw/satloc/part_1/UAV Data/traj01/1@0@112.816130@28.297316.png,True,True,False,,0,"uniform,benchmark73"
5,traj01,data/raw/satloc/part_1/UAV Data/traj01/6@5004@112.816123@28.297415.png,UAV Data/traj01/6@5004@112.816123@28.297415.png,6@5004@112.816123@28.297415.png,6,5004,112.816123,28.297415,ok,5,5,678089.6599203008,3131487.5512248594,-0.8514462406747043,10.959949292242529,-0.8514462406747043,10.959949292242529,/Users/harishprabhu/Documents/drone-localisation/data/raw/satloc/part_1/UAV Data/traj01/6@5004@112.816123@28.297415.png,True,False,False,,1,uniform
10,traj01,data/raw/satloc/part_1/UAV Data/traj01/11@10009@112.816112@28.297802.png,UAV Data/traj01/11@10009@112.816112@28.297802.png,11@10009@112.816112@28.297802.png,11,10009,112.816112,28.297802,ok,10,10,678087.9364627928,3131530.418788112,-2.57490374869667,53.82751254457981,-2.57490374869667,53.82751254457981,/Users/harishprabhu/Documents/drone-localisation/data/raw/satloc/part_1/UAV Data/traj01/11@10009@112.816112@28.297802.png,True,False,False,,2,uniform
15,traj01,data/raw/satloc/part_1/UAV Data/traj01/16@15014@112.816116@28.298266.png,UAV Data/traj01/16@15014@112.816116@28.298266.png,16@15014@112.816116@28.298266.png,16,15014,112.816116,28.298266,ok,15,15,678087.5559174885,3131581.840899448,-2.955449052969925,105.24962388072164,-2.955449052969925,105.24962388072164,/Users/harishprabhu/Documents/drone-localisation/data/raw/satloc/part_1/UAV Data/traj01/16@15014@112.816116@28.298266.png,True,False,False,,3,uniform
20,traj01,data/raw/satloc/part_1/UAV Data/traj01/21@20018@112.816154@28.298764.png,UAV Data/traj01/21@20018@112.816154@28.298764.png,21@20018@112.816154@28.298764.png,21,20018,112.816154,28.298764,ok,20,20,678090.4533528761,3131637.0807077982,-0.0580136653734371,160.48943223105744,-0.0580136653734371,160.48943223105744,/Users/harishprabhu/Documents/drone-localisation/data/raw/satloc/part_1/UAV Data/traj01/21@20018@112.816154@28.298764.png,True,False,False,,4,uniform
25,traj01,data/raw/satloc/part_1/UAV Data/traj01/26@25023@112.816233@28.299291.png,UAV Data/traj01/26@25023@112.816233@28.299291.png,26@25023@112.816233@28.299291.png,26,25023,112.816233,28.299291,ok,25,25,678097.323583076,3131695.594485465,6.8122165345121175,219.00320989824831,6.8122165345121175,219.00320989824831,/Users/harishprabhu/Documents/drone-localisation/data/raw/satloc/part_1/UAV Data/traj01/26@25023@112.816233@28.299291.png,True,False,False,,5,uniform
30,traj01,data/raw/satloc/part_1/UAV Data/traj01/31@30028@112.816340@28.299790.png,UAV Data/traj01/31@30028@112.816340@28.299790.png,31@30028@112.816340@28.299790.png,31,30028,112.81634,28.29979,ok,30,30,678106.9865065421,3131751.046857052,16.475140000577085,274.4555814843625,16.475140000577085,274.4555814843625,/Users/harishprabhu/Documents/drone-localisation/data/raw/satloc/part_1/UAV Data/traj01/31@30028@112.816340@28.299790.png,True,False,False,,6,uniform
35,traj01,data/raw/satloc/part_1/UAV Data/traj01/36@35033@112.816364@28.300320.png,UAV Data/traj01/36@35033@112.816364@28.300320.png,36@35033@112.816364@28.300320.png,36,35033,112.816364,28.30032,ok,35,35,678108.4573705695,3131809.811992834,17.94600402796641,333.22071726666763,17.94600402796641,333.22071726666763,/Users/harishprabhu/Documents/drone-localisation/data/raw/satloc/part_1/UAV Data/traj01/36@35033@112.816364@28.300320.png,True,False,False,,7,uniform
39,traj01,data/raw/satloc/part_1/UAV Data/traj01/40@39036@112.816366@28.300753.png,UAV Data/traj01/40@39036@112.816366@28.300753.png,40@39036@112.816366@28.300753.png,40,39036,112.816366,28.300753,ok,39,39,678107.9321410034,3131857.7960407618,17.420774461934343,381.2047651945613,17.420774461934343,381.2047651945613,/Users/harishprabhu/Documents/drone-localisation/data/raw/satloc/part_1/UAV Data/traj01/40@39036@112.816366@28.300753.png,False,True,False,,8,benchmark73
40,traj01,data/raw/satloc/part_1/UAV Data/traj01/41@40037@112.816367@28.300861.png,UAV Data/traj01/41@40037@112.816367@28.300861.png,41@40037@112.816367@28.300861.png,41,40037,112.816367,28.300861,ok,40,40,678107.8502859849,3131869.7650877424,17.338919443427585,393.1738121751696,17.338919443427585,393.1738121751696,/Users/harishprabhu/Documents/drone-localisation/data/raw/satloc/part_1/UAV Data/traj01/41@40037@112.816367@28.300861.png,True,False,False,,9,uniform
45,traj01,data/raw/satloc/part_1/UAV Data/traj01/46@45042@112.816366@28.301430.png,UAV Data/traj01/46@45042@112.816366@28.301430.png,46@45042@112.816366@28.301430.png,46,45042,112.816366,28.30143,ok,45,45,678106.8042333573,3131932.8149929764,16.292866815812886,456.22371740918607,16.292866815812886,456.22371740918607,/Users/harishprabhu/Documents/drone-localisation/data/raw/satloc/part_1/UAV Data/traj01/46@45042@112.816366@28.301430.png,True,False,False,,10,uniform
49,traj01,data/raw/satloc/part_1/UAV Data/traj01/50@49046@112.816363@28.301883.png,UAV Data/traj01/50@49046@112.816363@28.301883.png,50@49046@112.816363@28.301883.png,50,49046,112.816363,28.301883,ok,49,49,678105.7552809163,3131983.007892542,15.243914374848828,506.41661697486416,15.243914374848828,506.41661697486416,/Users/harishprabhu/Documents/drone-localisation/data/raw/satloc/part_1/UAV Data/traj01/50@49046@112.816363@28.301883.png,False,True,False,,11,benchmark73
50,traj01,data/raw/satloc/part_1/UAV Data/traj01/51@50047@112.816362@28.301997.png,UAV Data/traj01/51@50047@112.816362@28.301997.png,51@50047@112.816362@28.301997.png,51,50047,112.816362,28.301997,ok,50,50,678105.4672733039,3131995.6388573973,14.95590676239226,519.047581830062,14.95590676239226,519.047581830062,/Users/harishprabhu/Documents/drone-localisation/data/raw/satloc/part_1/UAV Data/traj01/51@50047@112.816362@28.301997.png,True,False,False,,12,uniform
55,traj01,data/raw/satloc/part_1/UAV Data/traj01/56@55051@112.816354@28.302561.png,UAV Data/traj01/56@55051@112.816354@28.302561.png,56@55051@112.816354@28.302561.png,56,55051,112.816354,28.302561,ok,55,55,678103.7430029387,3132058.1243953304,13.231636397191323,581.5331197632477,13.231636397191323,581.5331197632477,/Users/harishprabhu/Documents/drone-localisation/data/raw/satloc/part_1/UAV Data/traj01/56@55051@112.816354@28.302561.png,True,False,False,,13,uniform
57,traj01,data/raw/satloc/part_1/UAV Data/traj01/58@57053@112.816352@28.302780.png,UAV Data/traj01/58@57053@112.816352@28.302780.png,58@57053@112.816352@28.302780.png,58,57053,112.816352,28.30278,ok,57,57,678103.181977019,3132082.389029421,12.670610477449372,605.7977538537234,12.670610477449372,605.7977538537234,/Users/harishprabhu/Documents/drone-localisation/data/raw/satloc/part_1/UAV Data/traj01/58@57053@112.816352@28.302780.png,False,True,False,,14,benchmark73
59,traj01,data/raw/satloc/part_1/UAV Data/traj01/60@59055@112.816350@28.302998.png,UAV Data/traj01/60@59055@112.816350@28.302998.png,60@59055@112.816350@28.302998.png,60,59055,112.81635,28.302998,ok,59,59,678102.6226154313,3132106.5428532995,12.111248889821582,629.9515777323395,12.111248889821582,629.9515777323395,/Users/harishprabhu/Documents/drone-localisation/data/raw/satloc/part_1/UAV Data/traj01/60@59055@112.816350@28.302998.png,False,True,False,,15,benchmark73
60,traj01,data/raw/satloc/part_1/UAV Data/traj01/61@60056@112.816349@28.303108.png,UAV Data/traj01/61@60056@112.816349@28.303108.png,61@60056@112.816349@28.303108.png,61,60056,112.816349,28.303108,ok,60,60,678102.3412678407,3132118.730576378,11.82990129920654,642.1393008106388,11.82990129920654,642.1393008106388,/Users/harishprabhu/Documents/drone-localisation/data/raw/satloc/part_1/UAV Data/traj01/61@60056@112.816349@28.303108.png,True,False,False,,16,uniform
65,traj01,data/raw/satloc/part_1/UAV Data/traj01/66@65061@112.816345@28.303640.png,UAV Data/traj01/66@65061@112.816345@28.303640.png,66@65061@112.816345@28.303640.png,66,65061,112.816345,28.30364,ok,65,65,678101.062586741,3132177.676072809,10.551220199558884,701.084797241725,10.551220199558884,701.084797241725,/Users/harishprabhu/Documents/drone-localisation/data/raw/satloc/part_1/UAV Data/traj01/66@65061@112.816345@28.303640.png,True,False,False,,17,uniform
66,traj01,data/raw/satloc/part_1/UAV Data/traj01/67@66062@112.816345@28.303746.png,UAV Data/traj01/67@66062@112.816345@28.303746.png,67@66062@112.816345@28.303746.png,67,66062,112.816345,28.303746,ok,66,66,678100.8859738184,3132189.42202792,10.374607276869938,712.8307523527183,10.374607276869938,712.8307523527183,/Users/harishprabhu/Documents/drone-localisation/data/raw/satloc/part_1/UAV Data/traj01/67@66062@112.816345@28.303746.png,False,True,False,,18,benchmark73
70,traj01,data/raw/satloc/part_1/UAV Data/traj01/71@70066@112.816345@28.304183.png,UAV Data/traj01/71@70066@112.816345@28.304183.png,71@70066@112.816345@28.304183.png,71,70066,112.816345,28.304183,ok,70,70,678100.1578556198,3132237.846391763,9.646489078295415,761.2551161958836,9.646489078295415,761.2551161958836,/Users/harishprabhu/Documents/drone-localisation/data/raw/satloc/part_1/UAV Data/traj01/71@70066@112.816345@28.304183.png,True,False,False,,19,uniform
73,traj01,data/raw/satloc/part_1/UAV Data/traj01/74@73068@112.816343@28.304490.png,UAV Data/traj01/74@73068@112.816343@28.304490.png,74@73068@112.816343@28.304490.png,74,73068,112.816343,28.30449,ok,73,73,678099.450189752,3132271.862390803,8.938823210541159,795.2711152359843,8.938823210541159,795.2711152359843,/Users/harishprabhu/Documents/drone-localisation/data/raw/satloc/part_1/UAV Data/traj01/74@73068@112.816343@28.304490.png,False,True,False,,20,benchmark73
75,traj01,data/raw/satloc/part_1/UAV Data/traj01/76@75070@112.816344@28.304684.png,UAV Data/traj01/76@75070@112.816344@28.304684.png,76@75070@112.816344@28.304684.png,76,75070,112.816344,28.304684,ok,75,75,678099.2250176272,3132293.361182057,8.713651085738093,816.7699064896442,8.713651085738093,816.7699064896442,/Users/harishprabhu/Documents/drone-localisation/data/raw/satloc/part_1/UAV Data/traj01/76@75070@112.816344@28.304684.png,True,False,False,,21,uniform
78,traj01,data/raw/satloc/part_1/UAV Data/traj01/79@78073@112.816345@28.304912.png,UAV Data/traj01/79@78073@112.816345@28.304912.png,79@78073@112.816345@28.304912.png,79,78073,112.816345,28.304912,ok,78,78,678098.9431914628,3132318.627544978,8.431824921281077,842.0362694114447,8.431824921281077,842.0362694114447,/Users/harishprabhu/Documents/drone-localisation/data/raw/satloc/part_1/UAV Data/traj01/79@78073@112.816345@28.304912.png,False,True,False,,22,benchmark73
80,traj01,data/raw/satloc/part_1/UAV Data/traj01/81@80075@112.816324@28.304919.png,UAV Data/traj01/81@80075@112.816324@28.304919.png,81@80075@112.816324@28.304919.png,81,80075,112.816324,28.304919,ok,80,80,678096.8720226344,3132319.3722534818,6.360656092874706,842.7809779145755,6.360656092874706,842.7809779145755,/Users/harishprabhu/Documents/drone-localisation/data/raw/satloc/part_1/UAV Data/traj01/81@80075@112.816324@28.304919.png,True,False,False,,23,uniform
85,traj01,data/raw/satloc/part_1/UAV Data/traj01/86@85080@112.815922@28.304917.png,UAV Data/traj01/86@85080@112.815922@28.304917.png,86@85080@112.815922@28.304917.png,86,85080,112.815922,28.304917,ok,85,85,678057.4505421526,3132318.5578866675,-33.06082438887097,841.9666111003608,-33.06082438887097,841.9666111003608,/Users/harishprabhu/Documents/drone-localisation/data/raw/satloc/part_1/UAV Data/traj01/86@85080@112.815922@28.304917.png,True,False,False,,24,uniform
89,traj01,data/raw/satloc/part_1/UAV Data/traj01/90@89084@112.815448@28.304921.png,UAV Data/traj01/90@89084@112.815448@28.304921.png,90@89084@112.815448@28.304921.png,90,89084,112.815448,28.304921,ok,89,89,678010.9579133723,3132318.302390706,-79.55345316918101,841.7111151386052,-79.55345316918101,841.7111151386052,/Users/harishprabhu/Documents/drone-localisation/data/raw/satloc/part_1/UAV Data/traj01/90@89084@112.815448@28.304921.png,False,True,False,,25,benchmark73
90,traj01,data/raw/satloc/part_1/UAV Data/traj01/91@90084@112.815325@28.304921.png,UAV Data/traj01/91@90084@112.815325@28.304921.png,91@90084@112.815325@28.304921.png,91,90084,112.815325,28.304921,ok,90,90,677998.8951006613,3132318.1211020565,-91.6162658801768,841.5298264892772,-91.6162658801768,841.5298264892772,/Users/harishprabhu/Documents/drone-localisation/data/raw/satloc/part_1/UAV Data/traj01/91@90084@112.815325@28.304921.png,True,False,False,,26,uniform
95,traj01,data/raw/satloc/part_1/UAV Data/traj01/96@95089@112.814710@28.304918.png,UAV Data/traj01/96@95089@112.814710@28.304918.png,96@95089@112.814710@28.304918.png,96,95089,112.81471,28.304918,ok,95,95,677938.5860381016,3132316.8824107056,-151.92532843991648,840.2911351383664,-151.92532843991648,840.2911351383664,/Users/harishprabhu/Documents/drone-localisation/data/raw/satloc/part_1/UAV Data/traj01/96@95089@112.814710@28.304918.png,True,False,False,,27,uniform
99,traj01,data/raw/satloc/part_1/UAV Data/traj01/100@99093@112.814213@28.304910.png,UAV Data/traj01/100@99093@112.814213@28.304910.png,100@99093@112.814213@28.304910.png,100,99093,112.814213,28.30491,ok,99,99,677889.8577556043,3132315.2637736667,-200.65361093718093,838.6724980995059,-200.65361093718093,838.6724980995059,/Users/harishprabhu/Documents/drone-localisation/data/raw/satloc/part_1/UAV Data/traj01/100@99093@112.814213@28.304910.png,False,True,False,,28,benchmark73
100,traj01,data/raw/satloc/part_1/UAV Data/traj01/101@100094@112.814089@28.304909.png,UAV Data/traj01/101@100094@112.814089@28.304909.png,101@100094@112.814089@28.304909.png,101,100094,112.814089,28.304909,ok,100,100,677877.6985387502,3132314.97032487,-212.81282779132016,838.3790493030101,-212.81282779132016,838.3790493030101,/Users/harishprabhu/Documents/drone-localisation/data/raw/satloc/part_1/UAV Data/traj01/101@100094@112.814089@28.304909.png,True,False,False,,29,uniform
105,traj01,data/raw/satloc/part_1/UAV Data/traj01/106@105099@112.813473@28.304900.png,UAV Data/traj01/106@105099@112.813473@28.304900.png,106@105099@112.813473@28.304900.png,106,105099,112.813473,28.3049,ok,105,105,677817.301398759,3132313.065914566,-273.2099677824881,836.4746389989741,-273.2099677824881,836.4746389989741,/Users/harishprabhu/Documents/drone-localisation/data/raw/satloc/part_1/UAV Data/traj01/106@105099@112.813473@28.304900.png,True,False,False,,30,uniform
106,traj01,data/raw/satloc/part_1/UAV Data/traj01/107@106100@112.813351@28.304899.png,UAV Data/traj01/107@106100@112.813351@28.304899.png,107@106100@112.813351@28.304899.png,107,106100,112.813351,28.304899,ok,106,106,677805.338326055,3132312.7754848967,-285.1730404865229,836.1842093295418,-285.1730404865229,836.1842093295418,/Users/harishprabhu/Documents/drone-localisation/data/raw/satloc/part_1/UAV Data/traj01/107@106100@112.813351@28.304899.png,False,True,False,,31,benchmark73
110,traj01,data/raw/satloc/part_1/UAV Data/traj01/111@110103@112.812866@28.304894.png,UAV Data/traj01/111@110103@112.812866@28.304894.png,111@110103@112.812866@28.304894.png,111,110103,112.812866,28.304894,ok,110,110,677757.7819152836,3132311.5074920235,-332.7294512578519,834.9162164563313,-332.7294512578519,834.9162164563313,/Users/harishprabhu/Documents/drone-localisation/data/raw/satloc/part_1/UAV Data/traj01/111@110103@112.812866@28.304894.png,True,False,False,,32,uniform
115,traj01,data/raw/satloc/part_1/UAV Data/traj01/116@115108@112.812263@28.304887.png,UAV Data/traj01/116@115108@112.812263@28.304887.png,116@115108@112.812263@28.304887.png,116,115108,112.812263,28.304887,ok,115,115,677698.6563849889,3132309.8444438586,-391.8549815525767,833.2531682914123,-391.8549815525767,833.2531682914123,/Users/harishprabhu/Documents/drone-localisation/data/raw/satloc/part_1/UAV Data/traj01/116@115108@112.812263@28.304887.png,True,False,False,,33,uniform
116,traj01,data/raw/satloc/part_1/UAV Data/traj01/117@116109@112.812141@28.304886.png,UAV Data/traj01/117@116109@112.812141@28.304886.png,117@116109@112.812141@28.304886.png,117,116109,112.812141,28.304886,ok,116,116,677686.6933141456,3132309.554134284,-403.8180523959454,832.9628587164916,-403.8180523959454,832.9628587164916,/Users/harishprabhu/Documents/drone-localisation/data/raw/satloc/part_1/UAV Data/traj01/117@116109@112.812141@28.304886.png,False,True,False,,34,benchmark73
120,traj01,data/raw/satloc/part_1/UAV Data/traj01/121@120113@112.811652@28.304885.png,UAV Data/traj01/121@120113@112.811652@28.304885.png,121@120113@112.811652@28.304885.png,121,120113,112.811652,28.304885,ok,120,120,677638.7379756878,3132308.7239784687,-451.7733908536611,832.1327029014938,-451.7733908536611,832.1327029014938,/Users/harishprabhu/Documents/drone-localisation/data/raw/satloc/part_1/UAV Data/traj01/121@120113@112.811652@28.304885.png,True,False,False,,35,uniform
125,traj01,data/raw/satloc/part_1/UAV Data/traj01/126@125118@112.811037@28.304880.png,UAV Data/traj01/126@125118@112.811037@28.304880.png,126@125118@112.811037@28.304880.png,126,125118,112.811037,28.30488,ok,125,125,677578.4322731774,3132307.2655030005,-512.0790933640674,830.6742274332792,-512.0790933640674,830.6742274332792,/Users/harishprabhu/Documents/drone-localisation/data/raw/satloc/part_1/UAV Data/traj01/126@125118@112.811037@28.304880.png,True,False,False,,36,uniform
128,traj01,data/raw/satloc/part_1/UAV Data/traj01/129@128120@112.810670@28.304878.png,UAV Data/traj01/129@128120@112.810670@28.304878.png,129@128120@112.810670@28.304878.png,129,128120,112.81067,28.304878,ok,128,128,677542.4433364867,3132306.5043162284,-548.0680300547974,829.913040661253,-548.0680300547974,829.913040661253,/Users/harishprabhu/Documents/drone-localisation/data/raw/satloc/part_1/UAV Data/traj01/129@128120@112.810670@28.304878.png,False,True,False,,37,benchmark73
130,traj01,data/raw/satloc/part_1/UAV Data/traj01/131@130122@112.810432@28.304876.png,UAV Data/traj01/131@130122@112.810432@28.304876.png,131@130122@112.810432@28.304876.png,131,130122,112.810432,28.304876,ok,130,130,677519.105630981,3132305.932844491,-571.40573556046,829.341568924021,-571.40573556046,829.341568924021,/Users/harishprabhu/Documents/drone-localisation/data/raw/satloc/part_1/UAV Data/traj01/131@130122@112.810432@28.304876.png,True,False,False,,38,uniform
135,traj01,data/raw/satloc/part_1/UAV Data/traj01/136@135127@112.809883@28.304873.png,UAV Data/traj01/136@135127@112.809883@28.304873.png,136@135127@112.809883@28.304873.png,136,135127,112.809883,28.304873,ok,135,135,677465.2693405347,3132304.793580401,-625.2420260068029,828.2023048340343,-625.2420260068029,828.2023048340343,/Users/harishprabhu/Documents/drone-localisation/data/raw/satloc/part_1/UAV Data/traj01/136@135127@112.809883@28.304873.png,True,False,False,,39,uniform
138,traj01,data/raw/satloc/part_1/UAV Data/traj01/139@138130@112.809519@28.304871.png,UAV Data/traj01/139@138130@112.809519@28.304871.png,139@138130@112.809519@28.304871.png,139,138130,112.809519,28.304871,ok,138,138,677429.5746266099,3132304.0371454223,-660.9367399315815,827.445869855117,-660.9367399315815,827.445869855117,/Users/harishprabhu/Documents/drone-localisation/data/raw/satloc/part_1/UAV Data/traj01/139@138130@112.809519@28.304871.png,False,True,False,,40,benchmark73
140,traj01,data/raw/satloc/part_1/UAV Data/traj01/141@140132@112.809276@28.304870.png,UAV Data/traj01/141@140132@112.809276@28.304870.png,141@140132@112.809276@28.304870.png,141,140132,112.809276,28.30487,ok,140,140,677405.7449083743,3132303.56936255,-684.7664581672288,826.9780869828537,-684.7664581672288,826.9780869828537,/Users/harishprabhu/Documents/drone-localisation/data/raw/satloc/part_1/UAV Data/traj01/141@140132@112.809276@28.304870.png,True,False,False,,41,uniform
145,traj01,data/raw/satloc/part_1/UAV Data/traj01/146@145136@112.808733@28.304868.png,UAV Data/traj01/146@145136@112.808733@28.304868.png,146@145136@112.808733@28.304868.png,146,145136,112.808733,28.304868,ok,145,145,677352.4954004888,3132302.550236108,-738.0159660526551,825.9589605405927,-738.0159660526551,825.9589605405927,/Users/harishprabhu/Documents/drone-localisation/data/raw/satloc/part_1/UAV Data/traj01/146@145136@112.808733@28.304868.png,True,False,False,,42,uniform
150,traj01,data/raw/satloc/part_1/UAV Data/traj01/151@150141@112.808469@28.304738.png,UAV Data/traj01/151@150141@112.808469@28.304738.png,151@150141@112.808469@28.304738.png,151,150141,112.808469,28.304738,ok,150,150,677326.8201944653,3132287.757201378,-763.6911720761564,811.1659258105792,-763.6911720761564,811.1659258105792,/Users/harishprabhu/Documents/drone-localisation/data/raw/satloc/part_1/UAV Data/traj01/151@150141@112.808469@28.304738.png,True,False,False,,43,uniform
155,traj01,data/raw/satloc/part_1/UAV Data/traj01/156@155146@112.808418@28.304331.png,UAV Data/traj01/156@155146@112.808418@28.304331.png,156@155146@112.808418@28.304331.png,156,155146,112.808418,28.304331,ok,155,155,677322.4937247757,3132242.5823902613,-768.017641765764,765.9911146941595,-768.017641765764,765.9911146941595,/Users/harishprabhu/Documents/drone-localisation/data/raw/satloc/part_1/UAV Data/traj01/156@155146@112.808418@28.304331.png,True,False,False,,44,uniform
160,traj01,data/raw/satloc/part_1/UAV Data/traj01/161@160151@112.808417@28.303846.png,UAV Data/traj01/161@160151@112.808417@28.303846.png,161@160151@112.808417@28.303846.png,161,160151,112.808417,28.303846,ok,160,160,677323.200219101,3132188.8377644466,-767.3111474404577,712.2464888794348,-767.3111474404577,712.2464888794348,/Users/harishprabhu/Documents/drone-localisation/data/raw/satloc/part_1/UAV Data/traj01/161@160151@112.808417@28.303846.png,True,False,False,,45,uniform
165,traj01,data/raw/satloc/part_1/UAV Data/traj01/166@165155@112.808417@28.303350.png,UAV Data/traj01/166@165155@112.808417@28.303350.png,166@165155@112.808417@28.303350.png,166,165155,112.808417,28.30335,ok,165,165,677324.0230201702,3132133.8756934195,-766.488346371334,657.2844178522937,-766.488346371334,657.2844178522937,/Users/harishprabhu/Documents/drone-localisation/data/raw/satloc/part_1/UAV Data/traj01/166@165155@112.808417@28.303350.png,True,True,False,,46,"uniform,benchmark73"
170,traj01,data/raw/satloc/part_1/UAV Data/traj01/171@170160@112.808418@28.302847.png,UAV Data/traj01/171@170160@112.808418@28.302847.png,171@170160@112.808418@28.302847.png,171,170160,112.808418,28.302847,ok,170,170,677324.9554931325,3132078.1394198327,-765.55587340903,601.5481442655437,-765.55587340903,601.5481442655437,/Users/harishprabhu/Documents/drone-localisation/data/raw/satloc/part_1/UAV Data/traj01/171@170160@112.808418@28.302847.png,True,False,False,,47,uniform
175,traj01,data/raw/satloc/part_1/UAV Data/traj01/176@175165@112.808427@28.302397.png,UAV Data/traj01/176@175165@112.808427@28.302397.png,176@175165@112.808427@28.302397.png,176,175165,112.808427,28.302397,ok,175,175,677326.5846265563,3132028.287857364,-763.9267399852397,551.696581796743,-763.9267399852397,551.696581796743,/Users/harishprabhu/Documents/drone-localisation/data/raw/satloc/part_1/UAV Data/traj01/176@175165@112.808427@28.302397.png,True,False,False,,48,uniform
180,traj01,data/raw/satloc/part_1/UAV Data/traj01/181@180169@112.808450@28.302022.png,UAV Data/traj01/181@180169@112.808450@28.302022.png,181@180169@112.808450@28.302022.png,181,180169,112.80845,28.302022,ok,180,180,677329.4623836629,3131986.767647044,-761.0489828785649,510.176371476613,-761.0489828785649,510.176371476613,/Users/harishprabhu/Documents/drone-localisation/data/raw/satloc/part_1/UAV Data/traj01/181@180169@112.808450@28.302022.png,True,False,False,,49,uniform
185,traj01,data/raw/satloc/part_1/UAV Data/traj01/186@185174@112.808450@28.301969.png,UAV Data/traj01/186@185174@112.808450@28.301969.png,186@185174@112.808450@28.301969.png,186,185174,112.80845,28.301969,ok,185,185,677329.5503009598,3131980.894684992,-760.9610655816505,504.3034094246104,-760.9610655816505,504.3034094246104,/Users/harishprabhu/Documents/drone-localisation/data/raw/satloc/part_1/UAV Data/traj01/186@185174@112.808450@28.301969.png,True,False,False,,50,uniform
190,traj01,data/raw/satloc/part_1/UAV Data/traj01/191@190179@112.808451@28.301919.png,UAV Data/traj01/191@190179@112.808451@28.301919.png,191@190179@112.808451@28.301919.png,191,190179,112.808451,28.301919,ok,190,190,677329.7313158658,3131975.355622943,-760.780050675734,498.7643473758362,-760.780050675734,498.7643473758362,/Users/harishprabhu/Documents/drone-localisation/data/raw/satloc/part_1/UAV Data/traj01/191@190179@112.808451@28.301919.png,True,False,False,,51,uniform
195,traj01,data/raw/satloc/part_1/UAV Data/traj01/196@195184@112.808450@28.301756.png,UAV Data/traj01/196@195184@112.808450@28.301756.png,196@195184@112.808450@28.301756.png,196,195184,112.80845,28.301756,ok,195,195,677329.9036274352,3131957.292026593,-760.6077391062863,480.70075102569535,-760.6077391062863,480.70075102569535,/Users/harishprabhu/Documents/drone-localisation/data/raw/satloc/part_1/UAV Data/traj01/196@195184@112.808450@28.301756.png,True,False,False,,52,uniform
200,traj01,data/raw/satloc/part_1/UAV Data/traj01/201@200188@112.808454@28.301620.png,UAV Data/traj01/201@200188@112.808454@28.301620.png,201@200188@112.808454@28.301620.png,201,200188,112.808454,28.30162,ok,200,200,677330.5215221664,3131942.227657528,-759.9898443750571,465.6363819609396,-759.9898443750571,465.6363819609396,/Users/harishprabhu/Documents/drone-localisation/data/raw/satloc/part_1/UAV Data/traj01/201@200188@112.808454@28.301620.png,True,False,False,,53,uniform
205,traj01,data/raw/satloc/part_1/UAV Data/traj01/206@205193@112.808454@28.301539.png,UAV Data/traj01/206@205193@112.808454@28.301539.png,206@205193@112.808454@28.301539.png,206,205193,112.808454,28.301539,ok,205,205,677330.6558848157,3131933.251999025,-759.8554817257682,456.66072345757857,-759.8554817257682,456.66072345757857,/Users/harishprabhu/Documents/drone-localisation/data/raw/satloc/part_1/UAV Data/traj01/206@205193@112.808454@28.301539.png,True,False,False,,54,uniform
210,traj01,data/raw/satloc/part_1/UAV Data/traj01/211@210198@112.808449@28.301405.png,UAV Data/traj01/211@210198@112.808449@28.301405.png,211@210198@112.808449@28.301405.png,211,210198,112.808449,28.301405,ok,210,210,677330.3877896424,3131918.396038319,-760.1235768990591,441.80476275179535,-760.1235768990591,441.80476275179535,/Users/harishprabhu/Documents/drone-localisation/data/raw/satloc/part_1/UAV Data/traj01/211@210198@112.808449@28.301405.png,True,False,False,,55,uniform
215,traj01,data/raw/satloc/part_1/UAV Data/traj01/216@215203@112.808442@28.301039.png,UAV Data/traj01/216@215203@112.808442@28.301039.png,216@215203@112.808442@28.301039.png,216,215203,112.808442,28.301039,ok,215,215,677330.3083759828,3131877.829084304,-760.2029905586969,401.2378087369725,-760.2029905586969,401.2378087369725,/Users/harishprabhu/Documents/drone-localisation/data/raw/satloc/part_1/UAV Data/traj01/216@215203@112.808442@28.301039.png,True,False,False,,56,uniform
220,traj01,data/raw/satloc/part_1/UAV Data/traj01/221@220207@112.808439@28.300612.png,UAV Data/traj01/221@220207@112.808439@28.300612.png,221@220207@112.808439@28.300612.png,221,220207,112.808439,28.300612,ok,220,220,677330.7224345112,3131830.5085591944,-759.788932030322,353.9172836272046,-759.788932030322,353.9172836272046,/Users/harishprabhu/Documents/drone-localisation/data/raw/satloc/part_1/UAV Data/traj01/221@220207@112.808439@28.300612.png,True,False,False,,57,uniform
225,traj01,data/raw/satloc/part_1/UAV Data/traj01/226@225212@112.808496@28.300129.png,UAV Data/traj01/226@225212@112.808496@28.300129.png,226@225212@112.808496@28.300129.png,226,225212,112.808496,28.300129,ok,225,225,677337.113918799,3131777.0707307346,-753.3974477425218,300.47945516742766,-753.3974477425218,300.47945516742766,/Users/harishprabhu/Documents/drone-localisation/data/raw/satloc/part_1/UAV Data/traj01/226@225212@112.808496@28.300129.png,True,False,False,,58,uniform
230,traj01,data/raw/satloc/part_1/UAV Data/traj01/231@230217@112.808515@28.299594.png,UAV Data/traj01/231@230217@112.808515@28.299594.png,231@230217@112.808515@28.299594.png,231,230217,112.808515,28.299594,ok,230,230,677339.8647971624,3131717.814967286,-750.6465693791397,241.22369171865284,-750.6465693791397,241.22369171865284,/Users/harishprabhu/Documents/drone-localisation/data/raw/satloc/part_1/UAV Data/traj01/231@230217@112.808515@28.299594.png,True,False,False,,59,uniform
235,traj01,data/raw/satloc/part_1/UAV Data/traj01/236@235221@112.808525@28.299055.png,UAV Data/traj01/236@235221@112.808525@28.299055.png,236@235221@112.808525@28.299055.png,236,235221,112.808525,28.299055,ok,235,235,677341.7396222306,3131658.1027522967,-748.7717443108559,181.51147672953084,-748.7717443108559,181.51147672953084,/Users/harishprabhu/Documents/drone-localisation/data/raw/satloc/part_1/UAV Data/traj01/236@235221@112.808525@28.299055.png,True,False,False,,60,uniform
240,traj01,data/raw/satloc/part_1/UAV Data/traj01/241@240226@112.808525@28.298539.png,UAV Data/traj01/241@240226@112.808525@28.298539.png,241@240226@112.808525@28.298539.png,241,240226,112.808525,28.298539,ok,240,240,677342.5955182039,3131600.924503061,-747.9158483375795,124.33322749426588,-747.9158483375795,124.33322749426588,/Users/harishprabhu/Documents/drone-localisation/data/raw/satloc/part_1/UAV Data/traj01/241@240226@112.808525@28.298539.png,True,False,False,,61,uniform
245,traj01,data/raw/satloc/part_1/UAV Data/traj01/246@245231@112.808543@28.298060.png,UAV Data/traj01/246@245231@112.808543@28.298060.png,246@245231@112.808543@28.298060.png,246,245231,112.808543,28.29806,ok,245,245,677345.1554283078,3131547.872673651,-745.355938233668,71.28139808401465,-745.355938233668,71.28139808401465,/Users/harishprabhu/Documents/drone-localisation/data/raw/satloc/part_1/UAV Data/traj01/246@245231@112.808543@28.298060.png,True,False,False,,62,uniform
250,traj01,data/raw/satloc/part_1/UAV Data/traj01/251@250236@112.808556@28.297555.png,UAV Data/traj01/251@250236@112.808556@28.297555.png,251@250236@112.808556@28.297555.png,251,250236,112.808556,28.297555,ok,250,250,677347.2680765036,3131491.932432678,-743.243290037848,15.34115711087361,-743.243290037848,15.34115711087361,/Users/harishprabhu/Documents/drone-localisation/data/raw/satloc/part_1/UAV Data/traj01/251@250236@112.808556@28.297555.png,True,False,False,,63,uniform
255,traj01,data/raw/satloc/part_1/UAV Data/traj01/256@255240@112.808559@28.297050.png,UAV Data/traj01/256@255240@112.808559@28.297050.png,256@255240@112.808559@28.297050.png,256,255240,112.808559,28.29705,ok,255,255,677348.3999362775,3131435.9775143336,-742.1114302639617,-40.61376123363152,-742.1114302639617,-40.61376123363152,/Users/harishprabhu/Documents/drone-localisation/data/raw/satloc/part_1/UAV Data/traj01/256@255240@112.808559@28.297050.png,True,False,False,,64,uniform
258,traj01,data/raw/satloc/part_1/UAV Data/traj01/259@258243@112.808561@28.296746.png,UAV Data/traj01/259@258243@112.808561@28.296746.png,259@258243@112.808561@28.296746.png,259,258243,112.808561,28.296746,ok,258,258,677349.100321293,3131402.294048153,-741.4110452485038,-74.29722741432488,-741.4110452485038,-74.29722741432488,/Users/harishprabhu/Documents/drone-localisation/data/raw/satloc/part_1/UAV Data/traj01/259@258243@112.808561@28.296746.png,False,True,False,,65,benchmark73
260,traj01,data/raw/satloc/part_1/UAV Data/traj01/261@260245@112.808563@28.296540.png,UAV Data/traj01/261@260245@112.808563@28.296540.png,261@260245@112.808563@28.296540.png,261,260245,112.808563,28.29654,ok,260,260,677349.6381573315,3131379.470015039,-740.8732092099963,-97.12126052798703,-740.8732092099963,-97.12126052798703,/Users/harishprabhu/Documents/drone-localisation/data/raw/satloc/part_1/UAV Data/traj01/261@260245@112.808563@28.296540.png,True,False,False,,66,uniform
265,traj01,data/raw/satloc/part_1/UAV Data/traj01/266@265250@112.808565@28.296018.png,UAV Data/traj01/266@265250@112.808565@28.296018.png,266@265250@112.808565@28.296018.png,266,265250,112.808565,28.296018,ok,265,265,677350.7001120739,3131321.629857073,-739.8112544675823,-154.96141849365085,-739.8112544675823,-154.96141849365085,/Users/harishprabhu/Documents/drone-localisation/data/raw/satloc/part_1/UAV Data/traj01/266@265250@112.808565@28.296018.png,True,False,False,,67,uniform
268,traj01,data/raw/satloc/part_1/UAV Data/traj01/269@268253@112.808563@28.295693.png,UAV Data/traj01/269@268253@112.808563@28.295693.png,269@268253@112.808563@28.295693.png,269,268253,112.808563,28.295693,ok,268,268,677351.0429943296,3131285.6135023693,-739.468372211908,-190.97777319792652,-739.468372211908,-190.97777319792652,/Users/harishprabhu/Documents/drone-localisation/data/raw/satloc/part_1/UAV Data/traj01/269@268253@112.808563@28.295693.png,False,True,False,,68,benchmark73
270,traj01,data/raw/satloc/part_1/UAV Data/traj01/271@270255@112.808564@28.295482.png,UAV Data/traj01/271@270255@112.808564@28.295482.png,271@270255@112.808564@28.295482.png,271,270255,112.808564,28.295482,ok,270,270,677351.491033711,3131262.2339517507,-739.0203328304924,-214.35732381651172,-739.0203328304924,-214.35732381651172,/Users/harishprabhu/Documents/drone-localisation/data/raw/satloc/part_1/UAV Data/traj01/271@270255@112.808564@28.295482.png,True,False,False,,69,uniform
275,traj01,data/raw/satloc/part_1/UAV Data/traj01/276@275259@112.808559@28.294982.png,UAV Data/traj01/276@275259@112.808559@28.294982.png,276@275259@112.808559@28.294982.png,276,275259,112.808559,28.294982,ok,275,275,677351.8299090929,3131206.821356846,-738.6814574486343,-269.76991872116923,-738.6814574486343,-269.76991872116923,/Users/harishprabhu/Documents/drone-localisation/data/raw/satloc/part_1/UAV Data/traj01/276@275259@112.808559@28.294982.png,True,True,False,,70,"uniform,benchmark73"
280,traj01,data/raw/satloc/part_1/UAV Data/traj01/281@280264@112.808557@28.294462.png,UAV Data/traj01/281@280264@112.808557@28.294462.png,281@280264@112.808557@28.294462.png,281,280264,112.808557,28.294462,ok,280,280,677352.4961796541,3131149.196959773,-738.0151868873509,-327.39431579364464,-738.0151868873509,-327.39431579364464,/Users/harishprabhu/Documents/drone-localisation/data/raw/satloc/part_1/UAV Data/traj01/281@280264@112.808557@28.294462.png,True,False,False,,71,uniform
285,traj01,data/raw/satloc/part_1/UAV Data/traj01/286@285269@112.808566@28.293905.png,UAV Data/traj01/286@285269@112.808566@28.293905.png,286@285269@112.808566@28.293905.png,286,285269,112.808566,28.293905,ok,285,285,677354.3026945295,3131087.4887262546,-736.2086720119696,-389.10254931263626,-736.2086720119696,-389.10254931263626,/Users/harishprabhu/Documents/drone-localisation/data/raw/satloc/part_1/UAV Data/traj01/286@285269@112.808566@28.293905.png,True,False,False,,72,uniform
287,traj01,data/raw/satloc/part_1/UAV Data/traj01/288@287271@112.808574@28.293678.png,UAV Data/traj01/288@287271@112.808574@28.293678.png,288@287271@112.808574@28.293678.png,288,287271,112.808574,28.293678,ok,287,287,677355.4638237535,3131062.346489069,-735.0475427879719,-414.2447864981368,-735.0475427879719,-414.2447864981368,/Users/harishprabhu/Documents/drone-localisation/data/raw/satloc/part_1/UAV Data/traj01/288@287271@112.808574@28.293678.png,False,True,False,,73,benchmark73
290,traj01,data/raw/satloc/part_1/UAV Data/traj01/291@290273@112.808586@28.293347.png,UAV Data/traj01/291@290273@112.808586@28.293347.png,291@290273@112.808586@28.293347.png,291,290273,112.808586,28.293347,ok,290,290,677357.1897631232,3131025.6858341554,-733.3216034183279,-450.9054414117709,-733.3216034183279,-450.9054414117709,/Users/harishprabhu/Documents/drone-localisation/data/raw/satloc/part_1/UAV Data/traj01/291@290273@112.808586@28.293347.png,True,False,False,,74,uniform
295,traj01,data/raw/satloc/part_1/UAV Data/traj01/296@4003@112.808605@28.292852.png,UAV Data/traj01/296@4003@112.808605@28.292852.png,296@4003@112.808605@28.292852.png,296,4003,112.808605,28.292852,ok,295,295,677359.8742695957,3130970.862538188,-730.6370969457785,-505.7287373794243,-730.6370969457785,-505.7287373794243,/Users/harishprabhu/Documents/drone-localisation/data/raw/satloc/part_1/UAV Data/traj01/296@4003@112.808605@28.292852.png,True,False,False,,75,uniform
299,traj01,data/raw/satloc/part_1/UAV Data/traj01/300@8007@112.808617@28.292415.png,UAV Data/traj01/300@8007@112.808617@28.292415.png,300@8007@112.808617@28.292415.png,300,8007,112.808617,28.292415,ok,299,299,677361.7760090585,3130922.4559769505,-728.735357483034,-554.1352986167185,-728.735357483034,-554.1352986167185,/Users/harishprabhu/Documents/drone-localisation/data/raw/satloc/part_1/UAV Data/traj01/300@8007@112.808617@28.292415.png,False,True,False,,76,benchmark73
300,traj01,data/raw/satloc/part_1/UAV Data/traj01/301@9008@112.808620@28.292305.png,UAV Data/traj01/301@9008@112.808620@28.292305.png,301@9008@112.808620@28.292305.png,301,9008,112.80862,28.292305,ok,300,300,677362.2526876568,3130910.2712291884,-728.2586788847111,-566.3200463787653,-728.2586788847111,-566.3200463787653,/Users/harishprabhu/Documents/drone-localisation/data/raw/satloc/part_1/UAV Data/traj01/301@9008@112.808620@28.292305.png,True,False,False,,77,uniform
305,traj01,data/raw/satloc/part_1/UAV Data/traj01/306@14013@112.808628@28.291759.png,UAV Data/traj01/306@14013@112.808628@28.291759.png,306@14013@112.808628@28.291759.png,306,14013,112.808628,28.291759,ok,305,305,677363.9428614778,3130849.780458967,-726.568505063653,-626.8108165999874,-726.568505063653,-626.8108165999874,/Users/harishprabhu/Documents/drone-localisation/data/raw/satloc/part_1/UAV Data/traj01/306@14013@112.808628@28.291759.png,True,False,False,,78,uniform
309,traj01,data/raw/satloc/part_1/UAV Data/traj01/310@18017@112.808637@28.291352.png,UAV Data/traj01/310@18017@112.808637@28.291352.png,310@18017@112.808637@28.291352.png,310,18017,112.808637,28.291352,ok,309,309,677365.5005922349,3130804.6938139726,-725.0107743066037,-671.8974615945481,-725.0107743066037,-671.8974615945481,/Users/harishprabhu/Documents/drone-localisation/data/raw/satloc/part_1/UAV Data/traj01/310@18017@112.808637@28.291352.png,False,True,False,,79,benchmark73
310,traj01,data/raw/satloc/part_1/UAV Data/traj01/311@19017@112.808639@28.291252.png,UAV Data/traj01/311@19017@112.808639@28.291252.png,311@19017@112.808639@28.291252.png,311,19017,112.808639,28.291252,ok,310,310,677365.8626013594,3130793.615704382,-724.6487651821226,-682.9755711853504,-724.6487651821226,-682.9755711853504,/Users/harishprabhu/Documents/drone-localisation/data/raw/satloc/part_1/UAV Data/traj01/311@19017@112.808639@28.291252.png,True,False,False,,80,uniform
315,traj01,data/raw/satloc/part_1/UAV Data/traj01/316@24022@112.808650@28.290763.png,UAV Data/traj01/316@24022@112.808650@28.290763.png,316@24022@112.808650@28.290763.png,316,24022,112.80865,28.290763,ok,315,315,677367.7524865184,3130739.445541324,-722.758880023146,-737.1457342430949,-722.758880023146,-737.1457342430949,/Users/harishprabhu/Documents/drone-localisation/data/raw/satloc/part_1/UAV Data/traj01/316@24022@112.808650@28.290763.png,True,False,False,,81,uniform
320,traj01,data/raw/satloc/part_1/UAV Data/traj01/321@29027@112.808657@28.290283.png,UAV Data/traj01/321@29027@112.808657@28.290283.png,321@29027@112.808657@28.290283.png,321,29027,112.808657,28.290283,ok,320,320,677369.235103694,3130686.266803752,-721.2762628474738,-790.3244718154892,-721.2762628474738,-790.3244718154892,/Users/harishprabhu/Documents/drone-localisation/data/raw/satloc/part_1/UAV Data/traj01/321@29027@112.808657@28.290283.png,True,False,False,,82,uniform
325,traj01,data/raw/satloc/part_1/UAV Data/traj01/326@34032@112.808663@28.289758.png,UAV Data/traj01/326@34032@112.808663@28.289758.png,326@34032@112.808663@28.289758.png,326,34032,112.808663,28.289758,ok,325,325,677370.6942551569,3130628.100131941,-719.8171113845892,-848.4911436256953,-719.8171113845892,-848.4911436256953,/Users/harishprabhu/Documents/drone-localisation/data/raw/satloc/part_1/UAV Data/traj01/326@34032@112.808663@28.289758.png,True,True,False,,83,"uniform,benchmark73"
330,traj01,data/raw/satloc/part_1/UAV Data/traj01/331@39036@112.808687@28.289289.png,UAV Data/traj01/331@39036@112.808687@28.289289.png,331@39036@112.808687@28.289289.png,331,39036,112.808687,28.289289,ok,330,330,677373.8260754277,3130576.165270196,-716.6852911137976,-900.4260053718463,-716.6852911137976,-900.4260053718463,/Users/harishprabhu/Documents/drone-localisation/data/raw/satloc/part_1/UAV Data/traj01/331@39036@112.808687@28.289289.png,True,False,False,,84,uniform
335,traj01,data/raw/satloc/part_1/UAV Data/traj01/336@44041@112.809076@28.289222.png,UAV Data/traj01/336@44041@112.809076@28.289222.png,336@44041@112.809076@28.289222.png,336,44041,112.809076,28.289222,ok,335,335,677412.0925874144,3130569.3120516897,-678.418779127067,-907.2792238774708,-678.418779127067,-907.2792238774708,/Users/harishprabhu/Documents/drone-localisation/data/raw/satloc/part_1/UAV Data/traj01/336@44041@112.809076@28.289222.png,True,True,False,,85,"uniform,benchmark73"
340,traj01,data/raw/satloc/part_1/UAV Data/traj01/341@49046@112.809665@28.289216.png,UAV Data/traj01/341@49046@112.809665@28.289216.png,341@49046@112.809665@28.289216.png,341,49046,112.809665,28.289216,ok,340,340,677469.8751279167,3130569.5121174846,-620.6362386248074,-907.0791580826044,-620.6362386248074,-907.0791580826044,/Users/harishprabhu/Documents/drone-localisation/data/raw/satloc/part_1/UAV Data/traj01/341@49046@112.809665@28.289216.png,True,False,False,,86,uniform
345,traj01,data/raw/satloc/part_1/UAV Data/traj01/346@54051@112.810273@28.289216.png,UAV Data/traj01/346@54051@112.810273@28.289216.png,346@54051@112.810273@28.289216.png,346,54051,112.810273,28.289216,ok,345,345,677529.5113590029,3130570.405242521,-561.0000075385906,-906.1860330463388,-561.0000075385906,-906.1860330463388,/Users/harishprabhu/Documents/drone-localisation/data/raw/satloc/part_1/UAV Data/traj01/346@54051@112.810273@28.289216.png,True,False,False,,87,uniform
349,traj01,data/raw/satloc/part_1/UAV Data/traj01/350@58054@112.810763@28.289216.png,UAV Data/traj01/350@58054@112.810763@28.289216.png,350@58054@112.810763@28.289216.png,350,58054,112.810763,28.289216,ok,349,349,677577.5734612059,3130571.1252493844,-512.937905335566,-905.466026182752,-512.937905335566,-905.466026182752,/Users/harishprabhu/Documents/drone-localisation/data/raw/satloc/part_1/UAV Data/traj01/350@58054@112.810763@28.289216.png,False,True,False,,88,benchmark73
350,traj01,data/raw/satloc/part_1/UAV Data/traj01/351@59055@112.810886@28.289216.png,UAV Data/traj01/351@59055@112.810886@28.289216.png,351@59055@112.810886@28.289216.png,351,59055,112.810886,28.289216,ok,350,350,677589.6380308497,3130571.3060164354,-500.873335691751,-905.2852591318078,-500.873335691751,-905.2852591318078,/Users/harishprabhu/Documents/drone-localisation/data/raw/satloc/part_1/UAV Data/traj01/351@59055@112.810886@28.289216.png,True,False,False,,89,uniform
355,traj01,data/raw/satloc/part_1/UAV Data/traj01/356@64060@112.811487@28.289216.png,UAV Data/traj01/356@64060@112.811487@28.289216.png,356@64060@112.811487@28.289216.png,356,64060,112.811487,28.289216,ok,355,355,677648.5876825488,3130572.189453368,-441.92368399270345,-904.4018221995792,-441.92368399270345,-904.4018221995792,/Users/harishprabhu/Documents/drone-localisation/data/raw/satloc/part_1/UAV Data/traj01/356@64060@112.811487@28.289216.png,True,False,False,,90,uniform
360,traj01,data/raw/satloc/part_1/UAV Data/traj01/361@69065@112.812090@28.289219.png,UAV Data/traj01/361@69065@112.812090@28.289219.png,361@69065@112.812090@28.289219.png,361,69065,112.81209,28.289219,ok,360,360,677707.7285326243,3130573.4085567887,-382.78283391718287,-903.1827187784947,-382.78283391718287,-903.1827187784947,/Users/harishprabhu/Documents/drone-localisation/data/raw/satloc/part_1/UAV Data/traj01/361@69065@112.812090@28.289219.png,True,False,False,,91,uniform
365,traj01,data/raw/satloc/part_1/UAV Data/traj01/366@74069@112.812712@28.289223.png,UAV Data/traj01/366@74069@112.812712@28.289223.png,366@74069@112.812712@28.289223.png,366,74069,112.812712,28.289223,ok,365,365,677768.7313619349,3130574.7667187257,-321.7800046065822,-901.824556841515,-321.7800046065822,-901.824556841515,/Users/harishprabhu/Documents/drone-localisation/data/raw/satloc/part_1/UAV Data/traj01/366@74069@112.812712@28.289223.png,True,True,False,,92,"uniform,benchmark73"
370,traj01,data/raw/satloc/part_1/UAV Data/traj01/371@79074@112.813328@28.289228.png,UAV Data/traj01/371@79074@112.813328@28.289228.png,371@79074@112.813328@28.289228.png,371,79074,112.813328,28.289228,ok,370,370,677829.1440197094,3130576.227175666,-261.36734683206305,-900.3640999011695,-261.36734683206305,-900.3640999011695,/Users/harishprabhu/Documents/drone-localisation/data/raw/satloc/part_1/UAV Data/traj01/371@79074@112.813328@28.289228.png,True,False,False,,93,uniform
375,traj01,data/raw/satloc/part_1/UAV Data/traj01/376@84079@112.813958@28.289235.png,UAV Data/traj01/376@84079@112.813958@28.289235.png,376@84079@112.813958@28.289235.png,376,84079,112.813958,28.289235,ok,375,375,677890.9265610093,3130577.930173056,-199.58480553224217,-898.6611025109887,-199.58480553224217,-898.6611025109887,/Users/harishprabhu/Documents/drone-localisation/data/raw/satloc/part_1/UAV Data/traj01/376@84079@112.813958@28.289235.png,True,False,False,,94,uniform
380,traj01,data/raw/satloc/part_1/UAV Data/traj01/381@89084@112.814573@28.289242.png,UAV Data/traj01/381@89084@112.814573@28.289242.png,381@89084@112.814573@28.289242.png,381,89084,112.814573,28.289242,ok,380,380,677951.237815824,3130579.611402709,-139.27355071750935,-896.9798728581518,-139.27355071750935,-896.9798728581518,/Users/harishprabhu/Documents/drone-localisation/data/raw/satloc/part_1/UAV Data/traj01/381@89084@112.814573@28.289242.png,True,False,False,,95,uniform
385,traj01,data/raw/satloc/part_1/UAV Data/traj01/386@94088@112.815187@28.289246.png,UAV Data/traj01/386@94088@112.815187@28.289246.png,386@94088@112.815187@28.289246.png,386,94088,112.815187,28.289246,ok,385,385,678011.4559810143,3130580.959034862,-79.055385527201,-895.6322407051921,-79.055385527201,-895.6322407051921,/Users/harishprabhu/Documents/drone-localisation/data/raw/satloc/part_1/UAV Data/traj01/386@94088@112.815187@28.289246.png,True,False,False,,96,uniform
386,traj01,data/raw/satloc/part_1/UAV Data/traj01/387@95089@112.815310@28.289247.png,UAV Data/traj01/387@95089@112.815310@28.289247.png,387@95089@112.815310@28.289247.png,387,95089,112.81531,28.289247,ok,386,386,678023.5188991947,3130581.251054863,-66.99246734683402,-895.3402207042091,-66.99246734683402,-895.3402207042091,/Users/harishprabhu/Documents/drone-localisation/data/raw/satloc/part_1/UAV Data/traj01/387@95089@112.815310@28.289247.png,False,True,False,,97,benchmark73
390,traj01,data/raw/satloc/part_1/UAV Data/traj01/391@99093@112.815799@28.289251.png,UAV Data/traj01/391@99093@112.815799@28.289251.png,391@99093@112.815799@28.289251.png,391,99093,112.815799,28.289251,ok,390,390,678071.47631606,3130582.4148368044,-19.03505048144143,-894.1764387628064,-19.03505048144143,-894.1764387628064,/Users/harishprabhu/Documents/drone-localisation/data/raw/satloc/part_1/UAV Data/traj01/391@99093@112.815799@28.289251.png,True,False,False,,98,uniform
395,traj01,data/raw/satloc/part_1/UAV Data/traj01/396@104098@112.816411@28.289256.png,UAV Data/traj01/396@104098@112.816411@28.289256.png,396@104098@112.816411@28.289256.png,396,104098,112.816411,28.289256,ok,395,395,678131.4966567575,3130583.8709433093,40.98529021604918,-892.7203322579153,40.98529021604918,-892.7203322579153,/Users/harishprabhu/Documents/drone-localisation/data/raw/satloc/part_1/UAV Data/traj01/396@104098@112.816411@28.289256.png,True,False,False,,99,uniform
400,traj01,data/raw/satloc/part_1/UAV Data/traj01/401@109102@112.817022@28.289260.png,UAV Data/traj01/401@109102@112.817022@28.289260.png,401@109102@112.817022@28.289260.png,401,109102,112.817022,28.28926,ok,400,400,678191.4205830315,3130585.215068978,100.9092164899921,-891.376206589397,100.9092164899921,-891.376206589397,/Users/harishprabhu/Documents/drone-localisation/data/raw/satloc/part_1/UAV Data/traj01/401@109102@112.817022@28.289260.png,True,False,False,,100,uniform
404,traj01,data/raw/satloc/part_1/UAV Data/traj01/405@113106@112.817510@28.289267.png,UAV Data/traj01/405@113106@112.817510@28.289267.png,405@113106@112.817510@28.289267.png,405,113106,112.81751,28.289267,ok,404,404,678239.2749275444,3130586.710488743,148.76356100291014,-889.8807868240401,148.76356100291014,-889.8807868240401,/Users/harishprabhu/Documents/drone-localisation/data/raw/satloc/part_1/UAV Data/traj01/405@113106@112.817510@28.289267.png,False,True,False,,101,benchmark73
405,traj01,data/raw/satloc/part_1/UAV Data/traj01/406@114107@112.817632@28.289267.png,UAV Data/traj01/406@114107@112.817632@28.289267.png,406@114107@112.817632@28.289267.png,406,114107,112.817632,28.289267,ok,405,405,678251.2414302909,3130586.89045518,160.73006374936085,-889.7008203873411,160.73006374936085,-889.7008203873411,/Users/harishprabhu/Documents/drone-localisation/data/raw/satloc/part_1/UAV Data/traj01/406@114107@112.817632@28.289267.png,True,False,False,,102,uniform
410,traj01,data/raw/satloc/part_1/UAV Data/traj01/411@119112@112.818242@28.289273.png,UAV Data/traj01/411@119112@112.818242@28.289273.png,411@119112@112.818242@28.289273.png,411,119112,112.818242,28.289273,ok,410,410,678311.0639480348,3130588.4553332925,220.5525814932771,-888.1359422747046,220.5525814932771,-888.1359422747046,/Users/harishprabhu/Documents/drone-localisation/data/raw/satloc/part_1/UAV Data/traj01/411@119112@112.818242@28.289273.png,True,False,False,,103,uniform
415,traj01,data/raw/satloc/part_1/UAV Data/traj01/416@124117@112.818855@28.289278.png,UAV Data/traj01/416@124117@112.818855@28.289278.png,416@124117@112.818855@28.289278.png,416,124117,112.818855,28.289278,ok,415,415,678371.1823963004,3130589.9141317825,280.67102975887246,-886.6771437847055,280.67102975887246,-886.6771437847055,/Users/harishprabhu/Documents/drone-localisation/data/raw/satloc/part_1/UAV Data/traj01/416@124117@112.818855@28.289278.png,True,False,False,,104,uniform
420,traj01,data/raw/satloc/part_1/UAV Data/traj01/421@129121@112.819427@28.289281.png,UAV Data/traj01/421@129121@112.819427@28.289281.png,421@129121@112.819427@28.289281.png,421,129121,112.819427,28.289281,ok,420,420,678427.2826553503,3130591.091071185,336.77128880878445,-885.5002043819986,336.77128880878445,-885.5002043819986,/Users/harishprabhu/Documents/drone-localisation/data/raw/satloc/part_1/UAV Data/traj01/421@129121@112.819427@28.289281.png,True,True,False,,105,"uniform,benchmark73"
425,traj01,data/raw/satloc/part_1/UAV Data/traj01/426@134126@112.820017@28.289284.png,UAV Data/traj01/426@134126@112.820017@28.289284.png,426@134126@112.820017@28.289284.png,426,134126,112.820017,28.289284,ok,425,425,678485.1484717425,3130592.2948646564,394.63710520102177,-884.2964109107852,394.63710520102177,-884.2964109107852,/Users/harishprabhu/Documents/drone-localisation/data/raw/satloc/part_1/UAV Data/traj01/426@134126@112.820017@28.289284.png,True,False,False,,106,uniform
430,traj01,data/raw/satloc/part_1/UAV Data/traj01/431@139131@112.820621@28.289288.png,UAV Data/traj01/431@139131@112.820621@28.289288.png,431@139131@112.820621@28.289288.png,431,139131,112.820621,28.289288,ok,430,430,678544.3858323398,3130593.630438464,453.87446579826064,-882.9608371029608,453.87446579826064,-882.9608371029608,/Users/harishprabhu/Documents/drone-localisation/data/raw/satloc/part_1/UAV Data/traj01/431@139131@112.820621@28.289288.png,True,False,False,,107,uniform
433,traj01,data/raw/satloc/part_1/UAV Data/traj01/434@142134@112.820985@28.289289.png,UAV Data/traj01/434@142134@112.820985@28.289289.png,434@142134@112.820985@28.289289.png,434,142134,112.820985,28.289289,ok,433,433,678580.087527216,3130594.279154596,489.57616067444906,-882.3121209712699,489.57616067444906,-882.3121209712699,/Users/harishprabhu/Documents/drone-localisation/data/raw/satloc/part_1/UAV Data/traj01/434@142134@112.820985@28.289289.png,False,True,False,,108,benchmark73
435,traj01,data/raw/satloc/part_1/UAV Data/traj01/436@144136@112.821227@28.289290.png,UAV Data/traj01/436@144136@112.821227@28.289290.png,436@144136@112.821227@28.289290.png,436,144136,112.821227,28.28929,ok,435,435,678603.8227115793,3130594.7476433925,513.3113450377714,-881.8436321746558,513.3113450377714,-881.8436321746558,/Users/harishprabhu/Documents/drone-localisation/data/raw/satloc/part_1/UAV Data/traj01/436@144136@112.821227@28.289290.png,True,False,False,,109,uniform
440,traj01,data/raw/satloc/part_1/UAV Data/traj01/441@149140@112.821834@28.289296.png,UAV Data/traj01/441@149140@112.821834@28.289296.png,441@149140@112.821834@28.289296.png,441,149140,112.821834,28.289296,ok,440,440,678663.3510041999,3130596.309868919,572.8396376584424,-880.2814066479914,572.8396376584424,-880.2814066479914,/Users/harishprabhu/Documents/drone-localisation/data/raw/satloc/part_1/UAV Data/traj01/441@149140@112.821834@28.289296.png,True,False,False,,110,uniform
445,traj01,data/raw/satloc/part_1/UAV Data/traj01/446@154145@112.822441@28.289301.png,UAV Data/traj01/446@154145@112.822441@28.289301.png,446@154145@112.822441@28.289301.png,446,154145,112.822441,28.289301,ok,445,445,678722.8809722333,3130597.7615832034,632.3696056917543,-878.829692363739,632.3696056917543,-878.829692363739,/Users/harishprabhu/Documents/drone-localisation/data/raw/satloc/part_1/UAV Data/traj01/446@154145@112.822441@28.289301.png,True,False,False,,111,uniform
449,traj01,data/raw/satloc/part_1/UAV Data/traj01/450@158149@112.822853@28.289306.png,UAV Data/traj01/450@158149@112.822853@28.289306.png,450@158149@112.822853@28.289306.png,450,158149,112.822853,28.289306,ok,449,449,678763.2841339795,3130598.9250931446,672.7727674379712,-877.6661824225448,672.7727674379712,-877.6661824225448,/Users/harishprabhu/Documents/drone-localisation/data/raw/satloc/part_1/UAV Data/traj01/450@158149@112.822853@28.289306.png,False,True,False,,112,benchmark73
450,traj01,data/raw/satloc/part_1/UAV Data/traj01/451@159150@112.822955@28.289308.png,UAV Data/traj01/451@159150@112.822955@28.289308.png,451@159150@112.822955@28.289308.png,451,159150,112.822955,28.289308,ok,450,450,678773.2855848263,3130599.297620876,682.7742182847578,-877.2936546909623,682.7742182847578,-877.2936546909623,/Users/harishprabhu/Documents/drone-localisation/data/raw/satloc/part_1/UAV Data/traj01/451@159150@112.822955@28.289308.png,True,False,False,,113,uniform
455,traj01,data/raw/satloc/part_1/UAV Data/traj01/456@164154@112.823438@28.289323.png,UAV Data/traj01/456@164154@112.823438@28.289323.png,456@164154@112.823438@28.289323.png,456,164154,112.823438,28.289323,ok,455,455,678820.6361507917,3130601.674483505,730.1247842501616,-874.9167920616455,730.1247842501616,-874.9167920616455,/Users/harishprabhu/Documents/drone-localisation/data/raw/satloc/part_1/UAV Data/traj01/456@164154@112.823438@28.289323.png,True,False,False,,114,uniform
460,traj01,data/raw/satloc/part_1/UAV Data/traj01/461@169159@112.823622@28.289668.png,UAV Data/traj01/461@169159@112.823622@28.289668.png,461@169159@112.823622@28.289668.png,461,169159,112.823622,28.289668,ok,460,460,678838.1071503549,3130640.1765732067,747.5957838133909,-836.4147023605183,747.5957838133909,-836.4147023605183,/Users/harishprabhu/Documents/drone-localisation/data/raw/satloc/part_1/UAV Data/traj01/461@169159@112.823622@28.289668.png,True,False,False,,115,uniform
465,traj01,data/raw/satloc/part_1/UAV Data/traj01/466@174164@112.823627@28.290048.png,UAV Data/traj01/466@174164@112.823627@28.290048.png,466@174164@112.823627@28.290048.png,466,174164,112.823627,28.290048,ok,465,465,678837.962183895,3130682.292132018,747.4508173535578,-794.2991435490549,747.4508173535578,-794.2991435490549,/Users/harishprabhu/Documents/drone-localisation/data/raw/satloc/part_1/UAV Data/traj01/466@174164@112.823627@28.290048.png,True,False,False,,116,uniform
470,traj01,data/raw/satloc/part_1/UAV Data/traj01/471@179169@112.823619@28.290557.png,UAV Data/traj01/471@179169@112.823619@28.290557.png,471@179169@112.823619@28.290557.png,471,179169,112.823619,28.290557,ok,470,470,678836.3263946987,3130738.683064713,745.8150281572016,-737.908210854046,745.8150281572016,-737.908210854046,/Users/harishprabhu/Documents/drone-localisation/data/raw/satloc/part_1/UAV Data/traj01/471@179169@112.823619@28.290557.png,True,False,False,,117,uniform
473,traj01,data/raw/satloc/part_1/UAV Data/traj01/474@182171@112.823615@28.290875.png,UAV Data/traj01/474@182171@112.823615@28.290875.png,474@182171@112.823615@28.290875.png,474,182171,112.823615,28.290875,ok,473,473,678835.4023169009,3130773.915028183,744.8909503594041,-702.6762473843992,744.8909503594041,-702.6762473843992,/Users/harishprabhu/Documents/drone-localisation/data/raw/satloc/part_1/UAV Data/traj01/474@182171@112.823615@28.290875.png,False,True,False,,118,benchmark73
475,traj01,data/raw/satloc/part_1/UAV Data/traj01/476@184173@112.823612@28.291091.png,UAV Data/traj01/476@184173@112.823612@28.291091.png,476@184173@112.823612@28.291091.png,476,184173,112.823612,28.291091,ok,475,475,678834.7468798141,3130797.8457550816,744.2355132725788,-678.7455204855651,744.2355132725788,-678.7455204855651,/Users/harishprabhu/Documents/drone-localisation/data/raw/satloc/part_1/UAV Data/traj01/476@184173@112.823612@28.291091.png,True,False,False,,119,uniform
480,traj01,data/raw/satloc/part_1/UAV Data/traj01/481@189178@112.823605@28.291643.png,UAV Data/traj01/481@189178@112.823605@28.291643.png,481@189178@112.823605@28.291643.png,481,189178,112.823605,28.291643,ok,480,480,678833.1372571882,3130859.0030468283,742.6258906467119,-617.5882287388667,742.6258906467119,-617.5882287388667,/Users/harishprabhu/Documents/drone-localisation/data/raw/satloc/part_1/UAV Data/traj01/481@189178@112.823605@28.291643.png,True,False,False,,120,uniform
481,traj01,data/raw/satloc/part_1/UAV Data/traj01/482@190179@112.823603@28.291750.png,UAV Data/traj01/482@190179@112.823603@28.291750.png,482@190179@112.823603@28.291750.png,482,190179,112.823603,28.29175,ok,481,481,678832.7621665295,3130870.8568603136,742.2507999880472,-605.7344152536243,742.2507999880472,-605.7344152536243,/Users/harishprabhu/Documents/drone-localisation/data/raw/satloc/part_1/UAV Data/traj01/482@190179@112.823603@28.291750.png,False,True,False,,121,benchmark73
485,traj01,data/raw/satloc/part_1/UAV Data/traj01/486@194183@112.823598@28.292186.png,UAV Data/traj01/486@194183@112.823598@28.292186.png,486@194183@112.823598@28.292186.png,486,194183,112.823598,28.292186,ok,485,485,678831.5426748269,3130919.1630440094,741.0313082854263,-557.4282315578312,741.0313082854263,-557.4282315578312,/Users/harishprabhu/Documents/drone-localisation/data/raw/satloc/part_1/UAV Data/traj01/486@194183@112.823598@28.292186.png,True,False,False,,122,uniform
490,traj01,data/raw/satloc/part_1/UAV Data/traj01/491@199188@112.823593@28.292731.png,UAV Data/traj01/491@199188@112.823593@28.292731.png,491@199188@112.823593@28.292731.png,491,199188,112.823593,28.292731,ok,490,490,678830.1409051364,3130979.547627533,739.6295385948615,-497.0436480343342,739.6295385948615,-497.0436480343342,/Users/harishprabhu/Documents/drone-localisation/data/raw/satloc/part_1/UAV Data/traj01/491@199188@112.823593@28.292731.png,True,False,False,,123,uniform
493,traj01,data/raw/satloc/part_1/UAV Data/traj01/494@202190@112.823589@28.293056.png,UAV Data/traj01/494@202190@112.823589@28.293056.png,494@202190@112.823589@28.293056.png,494,202190,112.823589,28.293056,ok,493,493,678829.2050996413,3131015.5552775143,738.693733099848,-461.0359980529174,738.693733099848,-461.0359980529174,/Users/harishprabhu/Documents/drone-localisation/data/raw/satloc/part_1/UAV Data/traj01/494@202190@112.823589@28.293056.png,False,True,False,,124,benchmark73
495,traj01,data/raw/satloc/part_1/UAV Data/traj01/496@204192@112.823588@28.293272.png,UAV Data/traj01/496@204192@112.823588@28.293272.png,496@204192@112.823588@28.293272.png,496,204192,112.823588,28.293272,ok,495,495,678828.7458132608,3131039.488971256,738.2344467192888,-437.10230431100354,738.2344467192888,-437.10230431100354,/Users/harishprabhu/Documents/drone-localisation/data/raw/satloc/part_1/UAV Data/traj01/496@204192@112.823588@28.293272.png,True,False,False,,125,uniform
500,traj01,data/raw/satloc/part_1/UAV Data/traj01/501@209197@112.823585@28.293812.png,UAV Data/traj01/501@209197@112.823585@28.293812.png,501@209197@112.823585@28.293812.png,501,209197,112.823585,28.293812,ok,500,500,678827.5485468811,3131099.3224684373,737.0371803395683,-377.2688071299344,737.0371803395683,-377.2688071299344,/Users/harishprabhu/Documents/drone-localisation/data/raw/satloc/part_1/UAV Data/traj01/501@209197@112.823585@28.293812.png,True,False,False,,126,uniform
502,traj01,data/raw/satloc/part_1/UAV Data/traj01/503@211199@112.823586@28.294028.png,UAV Data/traj01/503@211199@112.823586@28.294028.png,503@211199@112.823586@28.294028.png,503,211199,112.823586,28.294028,ok,502,502,678827.285416896,3131123.259124878,736.7740503544919,-353.3321506893262,736.7740503544919,-353.3321506893262,/Users/harishprabhu/Documents/drone-localisation/data/raw/satloc/part_1/UAV Data/traj01/503@211199@112.823586@28.294028.png,False,True,False,,127,benchmark73
505,traj01,data/raw/satloc/part_1/UAV Data/traj01/506@214202@112.823585@28.294347.png,UAV Data/traj01/506@214202@112.823585@28.294347.png,506@214202@112.823585@28.294347.png,506,214202,112.823585,28.294347,ok,505,505,678826.6538739089,3131158.606355316,736.1425073674181,-317.9849202511832,736.1425073674181,-317.9849202511832,/Users/harishprabhu/Documents/drone-localisation/data/raw/satloc/part_1/UAV Data/traj01/506@214202@112.823585@28.294347.png,True,False,False,,128,uniform
510,traj01,data/raw/satloc/part_1/UAV Data/traj01/511@219206@112.823582@28.294888.png,UAV Data/traj01/511@219206@112.823582@28.294888.png,511@219206@112.823582@28.294888.png,511,219206,112.823582,28.294888,ok,510,510,678825.4549080513,3131218.550671825,734.9435415097978,-258.04060374200344,734.9435415097978,-258.04060374200344,/Users/harishprabhu/Documents/drone-localisation/data/raw/satloc/part_1/UAV Data/traj01/511@219206@112.823582@28.294888.png,True,False,False,,129,uniform
515,traj01,data/raw/satloc/part_1/UAV Data/traj01/516@224211@112.823576@28.295411.png,UAV Data/traj01/516@224211@112.823576@28.295411.png,516@224211@112.823576@28.295411.png,516,224211,112.823576,28.295411,ok,515,515,678823.9917897161,3131276.495953413,733.4804231745657,-200.09532215399668,733.4804231745657,-200.09532215399668,/Users/harishprabhu/Documents/drone-localisation/data/raw/satloc/part_1/UAV Data/traj01/516@224211@112.823576@28.295411.png,True,True,False,,130,"uniform,benchmark73"
520,traj01,data/raw/satloc/part_1/UAV Data/traj01/521@229216@112.823573@28.295910.png,UAV Data/traj01/521@229216@112.823573@28.295910.png,521@229216@112.823573@28.295910.png,521,229216,112.823573,28.29591,ok,520,520,678822.8630397018,3131331.786214804,732.3516731603304,-144.80506076384336,732.3516731603304,-144.80506076384336,/Users/harishprabhu/Documents/drone-localisation/data/raw/satloc/part_1/UAV Data/traj01/521@229216@112.823573@28.295910.png,True,False,False,,131,uniform
525,traj01,data/raw/satloc/part_1/UAV Data/traj01/526@234221@112.823566@28.296405.png,UAV Data/traj01/526@234221@112.823566@28.296405.png,526@234221@112.823566@28.296405.png,526,234221,112.823566,28.296405,ok,525,525,678821.3486496168,3131386.627314577,730.8372830753215,-89.96396099030972,730.8372830753215,-89.96396099030972,/Users/harishprabhu/Documents/drone-localisation/data/raw/satloc/part_1/UAV Data/traj01/526@234221@112.823566@28.296405.png,True,False,False,,132,uniform
530,traj01,data/raw/satloc/part_1/UAV Data/traj01/531@239225@112.823561@28.296906.png,UAV Data/traj01/531@239225@112.823561@28.296906.png,531@239225@112.823561@28.296906.png,531,239225,112.823561,28.296906,ok,530,530,678820.0203765746,3131442.136244517,729.5090100330999,-34.45503105036914,729.5090100330999,-34.45503105036914,/Users/harishprabhu/Documents/drone-localisation/data/raw/satloc/part_1/UAV Data/traj01/531@239225@112.823561@28.296906.png,True,False,False,,133,uniform
532,traj01,data/raw/satloc/part_1/UAV Data/traj01/533@241227@112.823559@28.297117.png,UAV Data/traj01/533@241227@112.823559@28.297117.png,533@241227@112.823559@28.297117.png,533,241227,112.823559,28.297117,ok,532,532,678819.4713370929,3131465.514414573,728.9599705514265,-11.07686099410057,728.9599705514265,-11.07686099410057,/Users/harishprabhu/Documents/drone-localisation/data/raw/satloc/part_1/UAV Data/traj01/533@241227@112.823559@28.297117.png,False,True,False,,134,benchmark73
535,traj01,data/raw/satloc/part_1/UAV Data/traj01/536@244230@112.823559@28.297448.png,UAV Data/traj01/536@244230@112.823559@28.297448.png,536@244230@112.823559@28.297448.png,536,244230,112.823559,28.297448,ok,535,535,678818.9177606376,3131502.192871911,728.4063940960914,25.6015963437967,728.4063940960914,25.6015963437967,/Users/harishprabhu/Documents/drone-localisation/data/raw/satloc/part_1/UAV Data/traj01/536@244230@112.823559@28.297448.png,True,False,False,,135,uniform
540,traj01,data/raw/satloc/part_1/UAV Data/traj01/541@249235@112.823560@28.297979.png,UAV Data/traj01/541@249235@112.823560@28.297979.png,541@249235@112.823560@28.297979.png,541,249235,112.82356,28.297979,ok,540,540,678818.1277627087,3131561.035022759,727.6163961671991,84.44374719168991,727.6163961671991,84.44374719168991,/Users/harishprabhu/Documents/drone-localisation/data/raw/satloc/part_1/UAV Data/traj01/541@249235@112.823560@28.297979.png,True,False,False,,136,uniform
545,traj01,data/raw/satloc/part_1/UAV Data/traj01/546@254239@112.823588@28.298467.png,UAV Data/traj01/546@254239@112.823588@28.298467.png,546@254239@112.823588@28.298467.png,546,254239,112.823588,28.298467,ok,545,545,678820.0577673215,3131615.1522707115,729.5464007799746,138.5609951443039,729.5464007799746,138.5609951443039,/Users/harishprabhu/Documents/drone-localisation/data/raw/satloc/part_1/UAV Data/traj01/546@254239@112.823588@28.298467.png,True,True,False,,137,"uniform,benchmark73"
550,traj01,data/raw/satloc/part_1/UAV Data/traj01/551@259244@112.823611@28.298930.png,UAV Data/traj01/551@259244@112.823611@28.298930.png,551@259244@112.823611@28.298930.png,551,259244,112.823611,28.29893,ok,550,550,678821.5391613846,3131666.491844947,731.0277948430739,189.9005693797953,731.0277948430739,189.9005693797953,/Users/harishprabhu/Documents/drone-localisation/data/raw/satloc/part_1/UAV Data/traj01/551@259244@112.823611@28.298930.png,True,False,False,,138,uniform
555,traj01,data/raw/satloc/part_1/UAV Data/traj01/556@264249@112.823612@28.299111.png,UAV Data/traj01/556@264249@112.823612@28.299111.png,556@264249@112.823612@28.299111.png,556,264249,112.823612,28.299111,ok,555,555,678821.3345018567,3131686.550130172,730.8231353152078,209.95885460451245,730.8231353152078,209.95885460451245,/Users/harishprabhu/Documents/drone-localisation/data/raw/satloc/part_1/UAV Data/traj01/556@264249@112.823612@28.299111.png,True,False,False,,139,uniform
560,traj01,data/raw/satloc/part_1/UAV Data/traj01/561@269254@112.823610@28.299110.png,UAV Data/traj01/561@269254@112.823610@28.299110.png,561@269254@112.823610@28.299110.png,561,269254,112.82361,28.29911,ok,560,560,678821.1400199764,3131686.436358336,730.6286534349201,209.8450827687048,730.6286534349201,209.8450827687048,/Users/harishprabhu/Documents/drone-localisation/data/raw/satloc/part_1/UAV Data/traj01/561@269254@112.823610@28.299110.png,True,False,False,,140,uniform
563,traj01,data/raw/satloc/part_1/UAV Data/traj01/564@272256@112.823610@28.299110.png,UAV Data/traj01/564@272256@112.823610@28.299110.png,564@272256@112.823610@28.299110.png,564,272256,112.82361,28.29911,ok,563,563,678821.1400199764,3131686.436358336,730.6286534349201,209.8450827687048,730.6286534349201,209.8450827687048,/Users/harishprabhu/Documents/drone-localisation/data/raw/satloc/part_1/UAV Data/traj01/564@272256@112.823610@28.299110.png,False,True,False,,141,benchmark73
565,traj01,data/raw/satloc/part_1/UAV Data/traj01/566@274258@112.823610@28.299104.png,UAV Data/traj01/566@274258@112.823610@28.299104.png,566@274258@112.823610@28.299104.png,566,274258,112.82361,28.299104,ok,565,565,678821.1500554719,3131685.77149187,730.6386889304267,209.1802163026296,730.6386889304267,209.1802163026296,/Users/harishprabhu/Documents/drone-localisation/data/raw/satloc/part_1/UAV Data/traj01/566@274258@112.823610@28.299104.png,True,False,False,,142,uniform
570,traj01,data/raw/satloc/part_1/UAV Data/traj01/571@279263@112.823610@28.298927.png,UAV Data/traj01/571@279263@112.823610@28.298927.png,571@279263@112.823610@28.298927.png,571,279263,112.82361,28.298927,ok,570,570,678821.446101706,3131666.157931349,730.934735164512,189.56665578158567,730.934735164512,189.56665578158567,/Users/harishprabhu/Documents/drone-localisation/data/raw/satloc/part_1/UAV Data/traj01/571@279263@112.823610@28.298927.png,True,False,False,,143,uniform
572,traj01,data/raw/satloc/part_1/UAV Data/traj01/573@281265@112.823608@28.298904.png,UAV Data/traj01/573@281265@112.823608@28.298904.png,573@281265@112.823608@28.298904.png,573,281265,112.823608,28.298904,ok,572,572,678821.288416021,3131663.606315885,730.7770494795404,187.015040318016,730.7770494795404,187.015040318016,/Users/harishprabhu/Documents/drone-localisation/data/raw/satloc/part_1/UAV Data/traj01/573@281265@112.823608@28.298904.png,False,True,False,,144,benchmark73
575,traj01,data/raw/satloc/part_1/UAV Data/traj01/576@284268@112.823599@28.298901.png,UAV Data/traj01/576@284268@112.823599@28.298901.png,576@284268@112.823599@28.298901.png,576,284268,112.823599,28.298901,ok,575,575,678820.4107369103,3131663.2605593707,729.8993703688029,186.6692838035524,729.8993703688029,186.6692838035524,/Users/harishprabhu/Documents/drone-localisation/data/raw/satloc/part_1/UAV Data/traj01/576@284268@112.823599@28.298901.png,True,False,False,,145,uniform
576,traj01,data/raw/satloc/part_1/UAV Data/traj01/577@285269@112.823580@28.298897.png,UAV Data/traj01/577@285269@112.823580@28.298897.png,577@285269@112.823580@28.298897.png,577,285269,112.82358,28.298897,ok,576,576,678818.5539560309,3131662.7891883454,728.0425894893706,186.1979127782397,728.0425894893706,186.1979127782397,/Users/harishprabhu/Documents/drone-localisation/data/raw/satloc/part_1/UAV Data/traj01/577@285269@112.823580@28.298897.png,False,True,False,,146,benchmark73
580,traj01,data/raw/satloc/part_1/UAV Data/traj01/581@289273@112.823396@28.298859.png,UAV Data/traj01/581@289273@112.823396@28.298859.png,581@289273@112.823396@28.298859.png,581,289273,112.823396,28.298859,ok,580,580,678800.5712601002,3131658.30599782,710.0598935587332,181.7147222529165,710.0598935587332,181.7147222529165,/Users/harishprabhu/Documents/drone-localisation/data/raw/satloc/part_1/UAV Data/traj01/581@289273@112.823396@28.298859.png,True,False,False,,147,uniform
585,traj01,data/raw/satloc/part_1/UAV Data/traj01/586@3002@112.822973@28.298770.png,UAV Data/traj01/586@3002@112.822973@28.298770.png,586@3002@112.822973@28.298770.png,586,3002,112.822973,28.29877,ok,585,585,678759.2333049835,3131647.81776422,668.7219384419732,171.22648865217343,668.7219384419732,171.22648865217343,/Users/harishprabhu/Documents/drone-localisation/data/raw/satloc/part_1/UAV Data/traj01/586@3002@112.822973@28.298770.png,True,False,False,,148,uniform
590,traj01,data/raw/satloc/part_1/UAV Data/traj01/591@8007@112.822469@28.298664.png,UAV Data/traj01/591@8007@112.822469@28.298664.png,591@8007@112.822469@28.298664.png,591,8007,112.822469,28.298664,ok,590,590,678709.9794163166,3131635.3260542,619.4680497751106,158.73477863240987,619.4680497751106,158.73477863240987,/Users/harishprabhu/Documents/drone-localisation/data/raw/satloc/part_1/UAV Data/traj01/591@8007@112.822469@28.298664.png,True,True,False,,149,"uniform,benchmark73"
595,traj01,data/raw/satloc/part_1/UAV Data/traj01/596@13012@112.821971@28.298559.png,UAV Data/traj01/596@13012@112.821971@28.298559.png,596@13012@112.821971@28.298559.png,596,13012,112.821971,28.298559,ok,595,595,678661.3122316817,3131622.954239609,570.8008651401615,146.36296404199675,570.8008651401615,146.36296404199675,/Users/harishprabhu/Documents/drone-localisation/data/raw/satloc/part_1/UAV Data/traj01/596@13012@112.821971@28.298559.png,True,False,False,,150,uniform
600,traj01,data/raw/satloc/part_1/UAV Data/traj01/601@18017@112.821478@28.298454.png,UAV Data/traj01/601@18017@112.821478@28.298454.png,601@18017@112.821478@28.298454.png,601,18017,112.821478,28.298454,ok,600,600,678613.1353467451,3131610.590023423,522.6239802036434,133.99874785589054,522.6239802036434,133.99874785589054,/Users/harishprabhu/Documents/drone-localisation/data/raw/satloc/part_1/UAV Data/traj01/601@18017@112.821478@28.298454.png,True,False,False,,151,uniform
605,traj01,data/raw/satloc/part_1/UAV Data/traj01/606@23021@112.820983@28.298350.png,UAV Data/traj01/606@23021@112.820983@28.298350.png,606@23021@112.820983@28.298350.png,606,23021,112.820983,28.29835,ok,605,605,678564.7605476384,3131598.333863014,474.2491810969077,121.74258744670078,474.2491810969077,121.74258744670078,/Users/harishprabhu/Documents/drone-localisation/data/raw/satloc/part_1/UAV Data/traj01/606@23021@112.820983@28.298350.png,True,False,False,,152,uniform
610,traj01,data/raw/satloc/part_1/UAV Data/traj01/611@28026@112.820486@28.298245.png,UAV Data/traj01/611@28026@112.820486@28.298245.png,611@28026@112.820486@28.298245.png,611,28026,112.820486,28.298245,ok,610,610,678516.1911745903,3131585.964138842,425.6798080487642,109.37286327499896,425.6798080487642,109.37286327499896,/Users/harishprabhu/Documents/drone-localisation/data/raw/satloc/part_1/UAV Data/traj01/611@28026@112.820486@28.298245.png,True,False,False,,153,uniform
613,traj01,data/raw/satloc/part_1/UAV Data/traj01/614@31029@112.820188@28.298182.png,UAV Data/traj01/614@31029@112.820188@28.298182.png,614@31029@112.820188@28.298182.png,614,31029,112.820188,28.298182,ok,613,613,678487.0691236398,3131578.5426980024,396.55775709834415,101.9514224352315,396.55775709834415,101.9514224352315,/Users/harishprabhu/Documents/drone-localisation/data/raw/satloc/part_1/UAV Data/traj01/614@31029@112.820188@28.298182.png,False,True,False,,154,benchmark73
615,traj01,data/raw/satloc/part_1/UAV Data/traj01/616@33031@112.819989@28.298140.png,UAV Data/traj01/616@33031@112.819989@28.298140.png,616@33031@112.819989@28.298140.png,616,33031,112.819989,28.29814,ok,615,615,678467.6217125489,3131573.5946191507,377.1103460073937,97.0033435835503,377.1103460073937,97.0033435835503,/Users/harishprabhu/Documents/drone-localisation/data/raw/satloc/part_1/UAV Data/traj01/616@33031@112.819989@28.298140.png,True,False,False,,155,uniform
620,traj01,data/raw/satloc/part_1/UAV Data/traj01/621@38035@112.819492@28.298035.png,UAV Data/traj01/621@38035@112.819492@28.298035.png,621@38035@112.819492@28.298035.png,621,38035,112.819492,28.298035,ok,620,620,678419.0521615107,3131561.225303936,328.5407949691871,84.63402836816385,328.5407949691871,84.63402836816385,/Users/harishprabhu/Documents/drone-localisation/data/raw/satloc/part_1/UAV Data/traj01/621@38035@112.819492@28.298035.png,True,False,False,,156,uniform
625,traj01,data/raw/satloc/part_1/UAV Data/traj01/626@43040@112.818994@28.297930.png,UAV Data/traj01/626@43040@112.818994@28.297930.png,626@43040@112.818994@28.297930.png,626,43040,112.818994,28.29793,ok,625,625,678370.3844433029,3131548.854716612,279.87307676137425,72.26344104437158,279.87307676137425,72.26344104437158,/Users/harishprabhu/Documents/drone-localisation/data/raw/satloc/part_1/UAV Data/traj01/626@43040@112.818994@28.297930.png,True,False,False,,157,uniform
630,traj01,data/raw/satloc/part_1/UAV Data/traj01/631@48045@112.818498@28.297825.png,UAV Data/traj01/631@48045@112.818498@28.297825.png,631@48045@112.818498@28.297825.png,631,48045,112.818498,28.297825,ok,630,630,678321.9127924502,3131536.487286933,231.4014259086689,59.89601136604324,231.4014259086689,59.89601136604324,/Users/harishprabhu/Documents/drone-localisation/data/raw/satloc/part_1/UAV Data/traj01/631@48045@112.818498@28.297825.png,True,True,False,,158,"uniform,benchmark73"
635,traj01,data/raw/satloc/part_1/UAV Data/traj01/636@53050@112.818412@28.297804.png,UAV Data/traj01/636@53050@112.818412@28.297804.png,636@53050@112.818412@28.297804.png,636,53050,112.818412,28.297804,ok,635,635,678313.5130848485,3131534.033310001,223.0017183070304,57.44203443359584,223.0017183070304,57.44203443359584,/Users/harishprabhu/Documents/drone-localisation/data/raw/satloc/part_1/UAV Data/traj01/636@53050@112.818412@28.297804.png,True,False,False,,159,uniform
640,traj01,data/raw/satloc/part_1/UAV Data/traj01/641@58054@112.818486@28.297818.png,UAV Data/traj01/641@58054@112.818486@28.297818.png,641@58054@112.818486@28.297818.png,641,58054,112.818486,28.297818,ok,640,640,678320.7475280007,3131535.6938966494,230.2361614592373,59.1026210822165,230.2361614592373,59.1026210822165,/Users/harishprabhu/Documents/drone-localisation/data/raw/satloc/part_1/UAV Data/traj01/641@58054@112.818486@28.297818.png,True,False,False,,160,uniform
645,traj01,data/raw/satloc/part_1/UAV Data/traj01/646@63059@112.818486@28.297819.png,UAV Data/traj01/646@63059@112.818486@28.297819.png,646@63059@112.818486@28.297819.png,646,63059,112.818486,28.297819,ok,645,645,678320.7458601936,3131535.804707534,230.23449365212585,59.21343196695671,230.23449365212585,59.21343196695671,/Users/harishprabhu/Documents/drone-localisation/data/raw/satloc/part_1/UAV Data/traj01/646@63059@112.818486@28.297819.png,True,False,False,,161,uniform
650,traj01,data/raw/satloc/part_1/UAV Data/traj01/651@68064@112.818490@28.297680.png,UAV Data/traj01/651@68064@112.818490@28.297680.png,651@68064@112.818490@28.297680.png,651,68064,112.81849,28.29768,ok,650,650,678321.3699984336,3131520.4078994216,230.85863189212972,43.81662385445088,230.85863189212972,43.81662385445088,/Users/harishprabhu/Documents/drone-localisation/data/raw/satloc/part_1/UAV Data/traj01/651@68064@112.818490@28.297680.png,True,False,False,,162,uniform
652,traj01,data/raw/satloc/part_1/UAV Data/traj01/653@70066@112.818492@28.297511.png,UAV Data/traj01/653@70066@112.818492@28.297511.png,653@70066@112.818492@28.297511.png,653,70066,112.818492,28.297511,ok,652,652,678321.8480135123,3131501.6838128297,231.3366469708272,25.09253726247698,231.3366469708272,25.09253726247698,/Users/harishprabhu/Documents/drone-localisation/data/raw/satloc/part_1/UAV Data/traj01/653@70066@112.818492@28.297511.png,False,True,False,,163,benchmark73
655,traj01,data/raw/satloc/part_1/UAV Data/traj01/656@73068@112.818497@28.297204.png,UAV Data/traj01/656@73068@112.818497@28.297204.png,656@73068@112.818497@28.297204.png,656,73068,112.818497,28.297204,ok,655,655,678322.8504184599,3131467.672254132,232.33905191835947,-8.91902143554762,232.33905191835947,-8.91902143554762,/Users/harishprabhu/Documents/drone-localisation/data/raw/satloc/part_1/UAV Data/traj01/656@73068@112.818497@28.297204.png,True,False,False,,164,uniform
660,traj01,data/raw/satloc/part_1/UAV Data/traj01/661@78073@112.818506@28.296664.png,UAV Data/traj01/661@78073@112.818506@28.296664.png,661@78073@112.818506@28.296664.png,661,78073,112.818506,28.296664,ok,660,660,678324.6337277747,3131407.847668668,234.1223612332251,-68.74360689939931,234.1223612332251,-68.74360689939931,/Users/harishprabhu/Documents/drone-localisation/data/raw/satloc/part_1/UAV Data/traj01/661@78073@112.818506@28.296664.png,True,False,False,,165,uniform
661,traj01,data/raw/satloc/part_1/UAV Data/traj01/662@79074@112.818508@28.296555.png,UAV Data/traj01/662@79074@112.818508@28.296555.png,662@79074@112.818508@28.296555.png,662,79074,112.818508,28.296555,ok,661,661,678325.0116724524,3131395.7722364166,234.500305910944,-80.81903915060684,234.500305910944,-80.81903915060684,/Users/harishprabhu/Documents/drone-localisation/data/raw/satloc/part_1/UAV Data/traj01/662@79074@112.818508@28.296555.png,False,True,False,,166,benchmark73
665,traj01,data/raw/satloc/part_1/UAV Data/traj01/666@83078@112.818516@28.296118.png,UAV Data/traj01/666@83078@112.818516@28.296118.png,666@83078@112.818516@28.296118.png,666,83078,112.818516,28.296118,ok,665,665,678326.525116463,3131347.35969817,236.0137499214616,-129.23157739732414,236.0137499214616,-129.23157739732414,/Users/harishprabhu/Documents/drone-localisation/data/raw/satloc/part_1/UAV Data/traj01/666@83078@112.818516@28.296118.png,True,False,False,,167,uniform
670,traj01,data/raw/satloc/part_1/UAV Data/traj01/671@88083@112.818524@28.295571.png,UAV Data/traj01/671@88083@112.818524@28.295571.png,671@88083@112.818524@28.295571.png,671,88083,112.818524,28.295571,ok,670,670,678328.2220060604,3131286.757968631,237.71063951891847,-189.8333069360815,237.71063951891847,-189.8333069360815,/Users/harishprabhu/Documents/drone-localisation/data/raw/satloc/part_1/UAV Data/traj01/671@88083@112.818524@28.295571.png,True,False,False,,168,uniform
675,traj01,data/raw/satloc/part_1/UAV Data/traj01/676@93087@112.818530@28.295026.png,UAV Data/traj01/676@93087@112.818530@28.295026.png,676@93087@112.818530@28.295026.png,676,93087,112.81853,28.295026,ok,675,675,678329.7193903984,3131226.374912685,239.20802385685965,-250.21636288240552,239.20802385685965,-250.21636288240552,/Users/harishprabhu/Documents/drone-localisation/data/raw/satloc/part_1/UAV Data/traj01/676@93087@112.818530@28.295026.png,True,False,False,,169,uniform
678,traj01,data/raw/satloc/part_1/UAV Data/traj01/679@96090@112.818534@28.294700.png,UAV Data/traj01/679@96090@112.818534@28.294700.png,679@96090@112.818534@28.294700.png,679,96090,112.818534,28.2947,ok,678,678,678330.6553809147,3131190.256482386,240.14401437318884,-286.3347931811586,240.14401437318884,-286.3347931811586,/Users/harishprabhu/Documents/drone-localisation/data/raw/satloc/part_1/UAV Data/traj01/679@96090@112.818534@28.294700.png,False,True,False,,170,benchmark73
680,traj01,data/raw/satloc/part_1/UAV Data/traj01/681@98092@112.818534@28.294483.png,UAV Data/traj01/681@98092@112.818534@28.294483.png,681@98092@112.818534@28.294483.png,681,98092,112.818534,28.294483,ok,680,680,678331.0172666175,3131166.210530364,240.5059000760084,-310.38074520323426,240.5059000760084,-310.38074520323426,/Users/harishprabhu/Documents/drone-localisation/data/raw/satloc/part_1/UAV Data/traj01/681@98092@112.818534@28.294483.png,True,False,False,,171,uniform
685,traj01,data/raw/satloc/part_1/UAV Data/traj01/686@103097@112.818541@28.293943.png,UAV Data/traj01/686@103097@112.818541@28.293943.png,686@103097@112.818541@28.293943.png,686,103097,112.818541,28.293943,ok,685,685,678332.6043733582,3131106.3830129444,242.09300681669265,-370.2082626228221,242.09300681669265,-370.2082626228221,/Users/harishprabhu/Documents/drone-localisation/data/raw/satloc/part_1/UAV Data/traj01/686@103097@112.818541@28.293943.png,True,False,False,,172,uniform
690,traj01,data/raw/satloc/part_1/UAV Data/traj01/691@108102@112.818549@28.293386.png,UAV Data/traj01/691@108102@112.818549@28.293386.png,691@108102@112.818549@28.293386.png,691,108102,112.818549,28.293386,ok,690,690,678334.3179031543,3131044.6731916643,243.8065366127994,-431.9180839029141,243.8065366127994,-431.9180839029141,/Users/harishprabhu/Documents/drone-localisation/data/raw/satloc/part_1/UAV Data/traj01/691@108102@112.818549@28.293386.png,True,False,False,,173,uniform
693,traj01,data/raw/satloc/part_1/UAV Data/traj01/694@111104@112.818556@28.293062.png,UAV Data/traj01/694@111104@112.818556@28.293062.png,694@111104@112.818556@28.293062.png,694,111104,112.818556,28.293062,ok,693,693,678335.5447890381,3131008.7808186216,245.03342249663547,-467.8104569455609,245.03342249663547,-467.8104569455609,/Users/harishprabhu/Documents/drone-localisation/data/raw/satloc/part_1/UAV Data/traj01/694@111104@112.818556@28.293062.png,False,True,False,,174,benchmark73
695,traj01,data/raw/satloc/part_1/UAV Data/traj01/696@113106@112.818562@28.292850.png,UAV Data/traj01/696@113106@112.818562@28.292850.png,696@113106@112.818562@28.292850.png,696,113106,112.818562,28.29285,ok,695,695,678336.4868187897,3130985.297782054,245.9754522482399,-491.2934935125522,245.9754522482399,-491.2934935125522,/Users/harishprabhu/Documents/drone-localisation/data/raw/satloc/part_1/UAV Data/traj01/696@113106@112.818562@28.292850.png,True,False,False,,175,uniform
700,traj01,data/raw/satloc/part_1/UAV Data/traj01/701@118111@112.818570@28.292322.png,UAV Data/traj01/701@118111@112.818570@28.292322.png,701@118111@112.818570@28.292322.png,701,118111,112.81857,28.292322,ok,700,700,678338.1519743375,3130926.8014824963,247.64060779602733,-549.7897930708714,247.64060779602733,-549.7897930708714,/Users/harishprabhu/Documents/drone-localisation/data/raw/satloc/part_1/UAV Data/traj01/701@118111@112.818570@28.292322.png,True,False,False,,176,uniform
705,traj01,data/raw/satloc/part_1/UAV Data/traj01/706@123116@112.818248@28.292097.png,UAV Data/traj01/706@123116@112.818248@28.292097.png,706@123116@112.818248@28.292097.png,706,123116,112.818248,28.292097,ok,705,705,678306.9442878895,3130901.3938076384,216.43292134802323,-575.1974679287523,216.43292134802323,-575.1974679287523,/Users/harishprabhu/Documents/drone-localisation/data/raw/satloc/part_1/UAV Data/traj01/706@123116@112.818248@28.292097.png,True,False,False,,177,uniform
709,traj01,data/raw/satloc/part_1/UAV Data/traj01/710@127119@112.817787@28.292068.png,UAV Data/traj01/710@127119@112.817787@28.292068.png,710@127119@112.817787@28.292068.png,710,127119,112.817787,28.292068,ok,709,709,678261.7761315781,3130897.500046337,171.26476503664162,-579.0912292306311,171.26476503664162,-579.0912292306311,/Users/harishprabhu/Documents/drone-localisation/data/raw/satloc/part_1/UAV Data/traj01/710@127119@112.817787@28.292068.png,False,True,False,,178,benchmark73
710,traj01,data/raw/satloc/part_1/UAV Data/traj01/711@128120@112.817666@28.292065.png,UAV Data/traj01/711@128120@112.817666@28.292065.png,711@128120@112.817666@28.292065.png,711,128120,112.817666,28.292065,ok,710,710,678249.9130257298,3130896.989095894,159.40165918832645,-579.6021796730347,159.40165918832645,-579.6021796730347,/Users/harishprabhu/Documents/drone-localisation/data/raw/satloc/part_1/UAV Data/traj01/711@128120@112.817666@28.292065.png,True,False,False,,179,uniform
715,traj01,data/raw/satloc/part_1/UAV Data/traj01/716@133125@112.817055@28.292056.png,UAV Data/traj01/716@133125@112.817055@28.292056.png,716@133125@112.817055@28.292056.png,716,133125,112.817055,28.292056,ok,715,715,678189.9989949062,3130895.090538158,99.48762836470269,-581.5007374091074,99.48762836470269,-581.5007374091074,/Users/harishprabhu/Documents/drone-localisation/data/raw/satloc/part_1/UAV Data/traj01/716@133125@112.817055@28.292056.png,True,False,False,,180,uniform
720,traj01,data/raw/satloc/part_1/UAV Data/traj01/721@138130@112.816444@28.292053.png,UAV Data/traj01/721@138130@112.816444@28.292053.png,721@138130@112.816444@28.292053.png,721,138130,112.816444,28.292053,ok,720,720,678130.0749715056,3130893.8571485626,39.56360496405978,-582.7341270046309,39.56360496405978,-582.7341270046309,/Users/harishprabhu/Documents/drone-localisation/data/raw/satloc/part_1/UAV Data/traj01/721@138130@112.816444@28.292053.png,True,False,False,,181,uniform
725,traj01,data/raw/satloc/part_1/UAV Data/traj01/726@143135@112.815833@28.292052.png,UAV Data/traj01/726@143135@112.815833@28.292052.png,726@143135@112.815833@28.292052.png,726,143135,112.815833,28.292052,ok,725,725,678070.1476258585,3130892.845683891,-20.36374068295117,-583.7455916763283,-20.36374068295117,-583.7455916763283,/Users/harishprabhu/Documents/drone-localisation/data/raw/satloc/part_1/UAV Data/traj01/726@143135@112.815833@28.292052.png,True,False,False,,182,uniform
730,traj01,data/raw/satloc/part_1/UAV Data/traj01/731@148139@112.815217@28.292052.png,UAV Data/traj01/731@148139@112.815217@28.292052.png,731@148139@112.815217@28.292052.png,731,148139,112.815217,28.292052,ok,730,730,678009.7282085229,3130891.9379667365,-80.78315801860299,-584.6533088306896,-80.78315801860299,-584.6533088306896,/Users/harishprabhu/Documents/drone-localisation/data/raw/satloc/part_1/UAV Data/traj01/731@148139@112.815217@28.292052.png,True,True,False,,183,"uniform,benchmark73"
735,traj01,data/raw/satloc/part_1/UAV Data/traj01/736@153144@112.814604@28.292054.png,UAV Data/traj01/736@153144@112.814604@28.292054.png,736@153144@112.814604@28.292054.png,736,153144,112.814604,28.292054,ok,735,735,677949.5997250649,3130891.256597734,-140.91164147655945,-585.3346778331324,-140.91164147655945,-585.3346778331324,/Users/harishprabhu/Documents/drone-localisation/data/raw/satloc/part_1/UAV Data/traj01/736@153144@112.814604@28.292054.png,True,False,False,,184,uniform
740,traj01,data/raw/satloc/part_1/UAV Data/traj01/741@158149@112.813989@28.292055.png,UAV Data/traj01/741@158149@112.813989@28.292055.png,741@158149@112.813989@28.292055.png,741,158149,112.813989,28.292055,ok,740,740,677889.2767516831,3130890.4617787306,-201.2346148584038,-586.1294968365692,-201.2346148584038,-586.1294968365692,/Users/harishprabhu/Documents/drone-localisation/data/raw/satloc/part_1/UAV Data/traj01/741@158149@112.813989@28.292055.png,True,False,False,,185,uniform
745,traj01,data/raw/satloc/part_1/UAV Data/traj01/746@163153@112.813376@28.292052.png,UAV Data/traj01/746@163153@112.813376@28.292052.png,746@163153@112.813376@28.292052.png,746,163153,112.813376,28.292052,ok,745,745,677829.1566088136,3130889.226968183,-261.3547577279387,-587.3643073840067,-261.3547577279387,-587.3643073840067,/Users/harishprabhu/Documents/drone-localisation/data/raw/satloc/part_1/UAV Data/traj01/746@163153@112.813376@28.292052.png,True,True,False,,186,"uniform,benchmark73"
750,traj01,data/raw/satloc/part_1/UAV Data/traj01/751@168158@112.812765@28.292046.png,UAV Data/traj01/751@168158@112.812765@28.292046.png,751@168158@112.812765@28.292046.png,751,168158,112.812765,28.292046,ok,750,750,677769.2376273593,3130887.662973956,-321.27373918215744,-588.9283016109839,-321.27373918215744,-588.9283016109839,/Users/harishprabhu/Documents/drone-localisation/data/raw/satloc/part_1/UAV Data/traj01/751@168158@112.812765@28.292046.png,True,False,False,,187,uniform
755,traj01,data/raw/satloc/part_1/UAV Data/traj01/756@173163@112.812177@28.292054.png,UAV Data/traj01/756@173163@112.812177@28.292054.png,756@173163@112.812177@28.292054.png,756,173163,112.812177,28.292054,ok,755,755,677711.5513043004,3130887.684460792,-378.9600622410653,-588.9068147758953,-378.9600622410653,-588.9068147758953,/Users/harishprabhu/Documents/drone-localisation/data/raw/satloc/part_1/UAV Data/traj01/756@173163@112.812177@28.292054.png,True,False,False,,188,uniform
759,traj01,data/raw/satloc/part_1/UAV Data/traj01/760@177167@112.811935@28.292281.png,UAV Data/traj01/760@177167@112.811935@28.292281.png,760@177167@112.811935@28.292281.png,760,177167,112.811935,28.292281,ok,759,759,677687.437973008,3130912.4825412952,-403.073393533472,-564.1087342719547,-403.073393533472,-564.1087342719547,/Users/harishprabhu/Documents/drone-localisation/data/raw/satloc/part_1/UAV Data/traj01/760@177167@112.811935@28.292281.png,False,True,False,,189,benchmark73
760,traj01,data/raw/satloc/part_1/UAV Data/traj01/761@178168@112.811893@28.292365.png,UAV Data/traj01/761@178168@112.811893@28.292365.png,761@178168@112.811893@28.292365.png,761,178168,112.811893,28.292365,ok,760,760,677683.1789183842,3130921.728863133,-407.332448157249,-554.8624124340713,-407.332448157249,-554.8624124340713,/Users/harishprabhu/Documents/drone-localisation/data/raw/satloc/part_1/UAV Data/traj01/761@178168@112.811893@28.292365.png,True,False,False,,190,uniform
765,traj01,data/raw/satloc/part_1/UAV Data/traj01/766@183172@112.811716@28.292847.png,UAV Data/traj01/766@183172@112.811716@28.292847.png,766@183172@112.811716@28.292847.png,766,183172,112.811716,28.292847,ok,765,765,677665.0174641786,3130974.879273752,-425.4939023628831,-501.7120018149726,-425.4939023628831,-501.7120018149726,/Users/harishprabhu/Documents/drone-localisation/data/raw/satloc/part_1/UAV Data/traj01/766@183172@112.811716@28.292847.png,True,False,False,,191,uniform
767,traj01,data/raw/satloc/part_1/UAV Data/traj01/768@185174@112.811653@28.293041.png,UAV Data/traj01/768@185174@112.811653@28.293041.png,768@185174@112.811653@28.293041.png,768,185174,112.811653,28.293041,ok,767,767,677658.5159726572,3130996.283886672,-431.9953938842518,-480.30738889519125,-431.9953938842518,-480.30738889519125,/Users/harishprabhu/Documents/drone-localisation/data/raw/satloc/part_1/UAV Data/traj01/768@185174@112.811653@28.293041.png,False,True,False,,192,benchmark73
770,traj01,data/raw/satloc/part_1/UAV Data/traj01/771@188177@112.811562@28.293341.png,UAV Data/traj01/771@188177@112.811562@28.293341.png,771@188177@112.811562@28.293341.png,771,188177,112.811562,28.293341,ok,770,770,677649.0921106131,3131029.393253188,-441.4192559283693,-447.1980223790743,-441.4192559283693,-447.1980223790743,/Users/harishprabhu/Documents/drone-localisation/data/raw/satloc/part_1/UAV Data/traj01/771@188177@112.811562@28.293341.png,True,False,False,,193,uniform
775,traj01,data/raw/satloc/part_1/UAV Data/traj01/776@193182@112.811429@28.293801.png,UAV Data/traj01/776@193182@112.811429@28.293801.png,776@193182@112.811429@28.293801.png,776,193182,112.811429,28.293801,ok,775,775,677635.2830779148,3131080.170566467,-455.2282886266476,-396.42070910008624,-455.2282886266476,-396.42070910008624,/Users/harishprabhu/Documents/drone-localisation/data/raw/satloc/part_1/UAV Data/traj01/776@193182@112.811429@28.293801.png,True,False,False,,194,uniform
780,traj01,data/raw/satloc/part_1/UAV Data/traj01/781@198187@112.811376@28.294287.png,UAV Data/traj01/781@198187@112.811376@28.294287.png,781@198187@112.811376@28.294287.png,781,198187,112.811376,28.294287,ok,780,780,677629.2774636513,3131133.946587434,-461.2339028902352,-342.64468813315034,-461.2339028902352,-342.64468813315034,/Users/harishprabhu/Documents/drone-localisation/data/raw/satloc/part_1/UAV Data/traj01/781@198187@112.811376@28.294287.png,True,True,False,,195,"uniform,benchmark73"
785,traj01,data/raw/satloc/part_1/UAV Data/traj01/786@203191@112.811365@28.294793.png,UAV Data/traj01/786@203191@112.811365@28.294793.png,786@203191@112.811365@28.294793.png,786,203191,112.811365,28.294793,ok,785,785,677627.3580574441,3131190.000575328,-463.15330909739714,-286.5907002394088,-463.15330909739714,-286.5907002394088,/Users/harishprabhu/Documents/drone-localisation/data/raw/satloc/part_1/UAV Data/traj01/786@203191@112.811365@28.294793.png,True,False,False,,196,uniform
790,traj01,data/raw/satloc/part_1/UAV Data/traj01/791@208196@112.811359@28.295301.png,UAV Data/traj01/791@208196@112.811359@28.295301.png,791@208196@112.811359@28.295301.png,791,208196,112.811359,28.295301,ok,790,790,677625.9257271809,3131246.283539342,-464.5856393605936,-230.3077362249605,-464.5856393605936,-230.3077362249605,/Users/harishprabhu/Documents/drone-localisation/data/raw/satloc/part_1/UAV Data/traj01/791@208196@112.811359@28.295301.png,True,False,False,,197,uniform
793,traj01,data/raw/satloc/part_1/UAV Data/traj01/794@211199@112.811357@28.295615.png,UAV Data/traj01/794@211199@112.811357@28.295615.png,794@211199@112.811357@28.295615.png,794,211199,112.811357,28.295615,ok,793,793,677625.2079706418,3131281.0751295662,-465.3033958997112,-195.51614600094035,-465.3033958997112,-195.51614600094035,/Users/harishprabhu/Documents/drone-localisation/data/raw/satloc/part_1/UAV Data/traj01/794@211199@112.811357@28.295615.png,False,True,False,,198,benchmark73
795,traj01,data/raw/satloc/part_1/UAV Data/traj01/796@213201@112.811353@28.295825.png,UAV Data/traj01/796@213201@112.811353@28.295825.png,796@213201@112.811353@28.295825.png,796,213201,112.811353,28.295825,ok,795,795,677624.4668101788,3131304.3394767544,-466.0445563626709,-172.25179881276563,-466.0445563626709,-172.25179881276563,/Users/harishprabhu/Documents/drone-localisation/data/raw/satloc/part_1/UAV Data/traj01/796@213201@112.811353@28.295825.png,True,False,False,,199,uniform
800,traj01,data/raw/satloc/part_1/UAV Data/traj01/801@218205@112.811343@28.296369.png,UAV Data/traj01/801@218205@112.811343@28.296369.png,801@218205@112.811343@28.296369.png,801,218205,112.811343,28.296369,ok,800,800,677622.5823431282,3131364.6057491386,-467.9290234133368,-111.98552642855792,-467.9290234133368,-111.98552642855792,/Users/harishprabhu/Documents/drone-localisation/data/raw/satloc/part_1/UAV Data/traj01/801@218205@112.811343@28.296369.png,True,False,False,,200,uniform
805,traj01,data/raw/satloc/part_1/UAV Data/traj01/806@223210@112.811332@28.296918.png,UAV Data/traj01/806@223210@112.811332@28.296918.png,806@223210@112.811332@28.296918.png,806,223210,112.811332,28.296918,ok,805,805,677620.5914852426,3131425.4246083777,-469.9198812989053,-51.16666718944907,-469.9198812989053,-51.16666718944907,/Users/harishprabhu/Documents/drone-localisation/data/raw/satloc/part_1/UAV Data/traj01/806@223210@112.811332@28.296918.png,True,False,False,,201,uniform
807,traj01,data/raw/satloc/part_1/UAV Data/traj01/808@225212@112.811329@28.297133.png,UAV Data/traj01/808@225212@112.811329@28.297133.png,808@225212@112.811329@28.297133.png,808,225212,112.811329,28.297133,ok,807,807,677619.9400922884,3131449.244482776,-470.5712742530741,-27.346792791504413,-470.5712742530741,-27.346792791504413,/Users/harishprabhu/Documents/drone-localisation/data/raw/satloc/part_1/UAV Data/traj01/808@225212@112.811329@28.297133.png,False,True,False,,202,benchmark73
810,traj01,data/raw/satloc/part_1/UAV Data/traj01/811@228215@112.811321@28.297439.png,UAV Data/traj01/811@228215@112.811321@28.297439.png,811@228215@112.811321@28.297439.png,811,228215,112.811321,28.297439,ok,810,810,677618.6471359801,3131483.140773913,-471.8642305614194,6.549498345702887,-471.8642305614194,6.549498345702887,/Users/harishprabhu/Documents/drone-localisation/data/raw/satloc/part_1/UAV Data/traj01/811@228215@112.811321@28.297439.png,True,False,False,,203,uniform
815,traj01,data/raw/satloc/part_1/UAV Data/traj01/816@233220@112.811316@28.297952.png,UAV Data/traj01/816@233220@112.811316@28.297952.png,816@233220@112.811316@28.297952.png,816,233220,112.811316,28.297952,ok,815,815,677617.3045399224,3131539.979280048,-473.2068266191054,63.388004480395466,-473.2068266191054,63.388004480395466,/Users/harishprabhu/Documents/drone-localisation/data/raw/satloc/part_1/UAV Data/traj01/816@233220@112.811316@28.297952.png,True,False,False,,204,uniform
819,traj01,data/raw/satloc/part_1/UAV Data/traj01/820@237223@112.811307@28.298366.png,UAV Data/traj01/820@237223@112.811307@28.298366.png,820@237223@112.811307@28.298366.png,820,237223,112.811307,28.298366,ok,819,819,677615.734087998,3131585.8416541736,-474.77727854344994,109.2503786063753,-474.77727854344994,109.2503786063753,/Users/harishprabhu/Documents/drone-localisation/data/raw/satloc/part_1/UAV Data/traj01/820@237223@112.811307@28.298366.png,False,True,False,,205,benchmark73
820,traj01,data/raw/satloc/part_1/UAV Data/traj01/821@238224@112.811307@28.298471.png,UAV Data/traj01/821@238224@112.811307@28.298471.png,821@238224@112.811307@28.298471.png,821,238224,112.811307,28.298471,ok,820,820,677615.559657027,3131597.476772343,-474.9517095144838,120.88549677561969,-474.9517095144838,120.88549677561969,/Users/harishprabhu/Documents/drone-localisation/data/raw/satloc/part_1/UAV Data/traj01/821@238224@112.811307@28.298471.png,True,False,False,,206,uniform
825,traj01,data/raw/satloc/part_1/UAV Data/traj01/826@243229@112.811305@28.298995.png,UAV Data/traj01/826@243229@112.811305@28.298995.png,826@243229@112.811305@28.298995.png,826,243229,112.811305,28.298995,ok,825,825,677614.4930005735,3131655.538614199,-476.0183659680188,178.94733863184229,-476.0183659680188,178.94733863184229,/Users/harishprabhu/Documents/drone-localisation/data/raw/satloc/part_1/UAV Data/traj01/826@243229@112.811305@28.298995.png,True,False,False,,207,uniform
830,traj01,data/raw/satloc/part_1/UAV Data/traj01/831@248234@112.811307@28.299515.png,UAV Data/traj01/831@248234@112.811307@28.299515.png,831@248234@112.811307@28.299515.png,831,248234,112.811307,28.299515,ok,830,830,677613.8252823714,3131713.163098902,-476.6860841701273,236.57182333478704,-476.6860841701273,236.57182333478704,/Users/harishprabhu/Documents/drone-localisation/data/raw/satloc/part_1/UAV Data/traj01/831@248234@112.811307@28.299515.png,True,False,False,,208,uniform
832,traj01,data/raw/satloc/part_1/UAV Data/traj01/833@250236@112.811307@28.299724.png,UAV Data/traj01/833@250236@112.811307@28.299724.png,833@250236@112.811307@28.299724.png,833,250236,112.811307,28.299724,ok,832,832,677613.4780681045,3131736.32252826,-477.033298437018,259.7312526926398,-477.033298437018,259.7312526926398,/Users/harishprabhu/Documents/drone-localisation/data/raw/satloc/part_1/UAV Data/traj01/833@250236@112.811307@28.299724.png,False,True,False,,209,benchmark73
835,traj01,data/raw/satloc/part_1/UAV Data/traj01/836@253239@112.811304@28.300044.png,UAV Data/traj01/836@253239@112.811304@28.300044.png,836@253239@112.811304@28.300044.png,836,253239,112.811304,28.300044,ok,835,835,677612.6522155859,3131771.77753164,-477.85915095556993,295.186256072484,-477.85915095556993,295.186256072484,/Users/harishprabhu/Documents/drone-localisation/data/raw/satloc/part_1/UAV Data/traj01/836@253239@112.811304@28.300044.png,True,False,False,,210,uniform
840,traj01,data/raw/satloc/part_1/UAV Data/traj01/841@258243@112.811301@28.300594.png,UAV Data/traj01/841@258243@112.811301@28.300594.png,841@258243@112.811301@28.300594.png,841,258243,112.811301,28.300594,ok,840,840,677611.4442480453,3131832.7189926608,-479.0671184961684,356.12771709356457,-479.0671184961684,356.12771709356457,/Users/harishprabhu/Documents/drone-localisation/data/raw/satloc/part_1/UAV Data/traj01/841@258243@112.811301@28.300594.png,True,False,False,,211,uniform
843,traj01,data/raw/satloc/part_1/UAV Data/traj01/844@261246@112.811298@28.300926.png,UAV Data/traj01/844@261246@112.811298@28.300926.png,844@261246@112.811298@28.300926.png,844,261246,112.811298,28.300926,ok,843,843,677610.598448141,3131869.503728197,-479.912918400485,392.91245262976736,-479.912918400485,392.91245262976736,/Users/harishprabhu/Documents/drone-localisation/data/raw/satloc/part_1/UAV Data/traj01/844@261246@112.811298@28.300926.png,False,True,False,,212,benchmark73
845,traj01,data/raw/satloc/part_1/UAV Data/traj01/846@263248@112.811294@28.301152.png,UAV Data/traj01/846@263248@112.811294@28.301152.png,846@263248@112.811294@28.301152.png,846,263248,112.811294,28.301152,ok,845,845,677609.8306761414,3131894.541061754,-480.6806904000696,417.9497861866839,-480.6806904000696,417.9497861866839,/Users/harishprabhu/Documents/drone-localisation/data/raw/satloc/part_1/UAV Data/traj01/846@263248@112.811294@28.301152.png,True,False,False,,213,uniform
850,traj01,data/raw/satloc/part_1/UAV Data/traj01/851@268253@112.811285@28.301704.png,UAV Data/traj01/851@268253@112.811285@28.301704.png,851@268253@112.811285@28.301704.png,851,268253,112.811285,28.301704,ok,850,850,677608.0309140579,3131955.695330095,-482.4804524836363,479.1040545278229,-482.4804524836363,479.1040545278229,/Users/harishprabhu/Documents/drone-localisation/data/raw/satloc/part_1/UAV Data/traj01/851@268253@112.811285@28.301704.png,True,False,False,,214,uniform
855,traj01,data/raw/satloc/part_1/UAV Data/traj01/856@273257@112.811277@28.302005.png,UAV Data/traj01/856@273257@112.811277@28.302005.png,856@273257@112.811277@28.302005.png,856,273257,112.811277,28.302005,ok,855,855,677606.7462351456,3131989.037586761,-483.7651313958922,512.446311193984,-483.7651313958922,512.446311193984,/Users/harishprabhu/Documents/drone-localisation/data/raw/satloc/part_1/UAV Data/traj01/856@273257@112.811277@28.302005.png,True,False,False,,215,uniform
860,traj01,data/raw/satloc/part_1/UAV Data/traj01/861@278262@112.811349@28.302265.png,UAV Data/traj01/861@278262@112.811349@28.302265.png,861@278262@112.811349@28.302265.png,861,278262,112.811349,28.302265,ok,860,860,677613.375591242,3132017.954244709,-477.13577529951,541.3629691419192,-477.13577529951,541.3629691419192,/Users/harishprabhu/Documents/drone-localisation/data/raw/satloc/part_1/UAV Data/traj01/861@278262@112.811349@28.302265.png,True,False,False,,216,uniform
865,traj01,data/raw/satloc/part_1/UAV Data/traj01/866@283267@112.811813@28.302321.png,UAV Data/traj01/866@283267@112.811813@28.302321.png,866@283267@112.811813@28.302321.png,866,283267,112.811813,28.302321,ok,865,865,677658.7888471796,3132024.8420537068,-431.7225193618797,548.2507781395689,-431.7225193618797,548.2507781395689,/Users/harishprabhu/Documents/drone-localisation/data/raw/satloc/part_1/UAV Data/traj01/866@283267@112.811813@28.302321.png,True,False,False,,217,uniform
870,traj01,data/raw/satloc/part_1/UAV Data/traj01/871@288272@112.812413@28.302333.png,UAV Data/traj01/871@288272@112.812413@28.302333.png,871@288272@112.812413@28.302333.png,871,288272,112.812413,28.302333,ok,870,870,677717.6132601006,3132027.054468025,-372.89810644090176,550.4631924577989,-372.89810644090176,550.4631924577989,/Users/harishprabhu/Documents/drone-localisation/data/raw/satloc/part_1/UAV Data/traj01/871@288272@112.812413@28.302333.png,True,False,False,,218,uniform
873,traj01,data/raw/satloc/part_1/UAV Data/traj01/874@0@112.812718@28.302336.png,UAV Data/traj01/874@0@112.812718@28.302336.png,874@0@112.812718@28.302336.png,874,0,112.812718,28.302336,ok,873,873,677747.5208236112,3132027.835711002,-342.99054293031804,551.2444354346953,-342.99054293031804,551.2444354346953,/Users/harishprabhu/Documents/drone-localisation/data/raw/satloc/part_1/UAV Data/traj01/874@0@112.812718@28.302336.png,False,True,False,,219,benchmark73
875,traj01,data/raw/satloc/part_1/UAV Data/traj01/876@2001@112.812947@28.302339.png,UAV Data/traj01/876@2001@112.812947@28.302339.png,876@2001@112.812947@28.302339.png,876,2001,112.812947,28.302339,ok,875,875,677769.9747682351,3132028.505168924,-320.5365983063821,551.9138933564536,-320.5365983063821,551.9138933564536,/Users/harishprabhu/Documents/drone-localisation/data/raw/satloc/part_1/UAV Data/traj01/876@2001@112.812947@28.302339.png,True,False,False,,220,uniform
880,traj01,data/raw/satloc/part_1/UAV Data/traj01/881@7006@112.813555@28.302347.png,UAV Data/traj01/881@7006@112.813555@28.302347.png,881@7006@112.813555@28.302347.png,881,7006,112.813555,28.302347,ok,880,880,677829.5904248753,3132030.286672494,-260.9209416662343,553.6953969267197,-260.9209416662343,553.6953969267197,/Users/harishprabhu/Documents/drone-localisation/data/raw/satloc/part_1/UAV Data/traj01/881@7006@112.813555@28.302347.png,True,False,False,,221,uniform
885,traj01,data/raw/satloc/part_1/UAV Data/traj01/886@12011@112.814161@28.302353.png,UAV Data/traj01/886@12011@112.814161@28.302353.png,886@12011@112.814161@28.302353.png,886,12011,112.814161,28.302353,ok,885,885,677889.0132639062,3132031.843909647,-201.4981026352616,555.2526340796612,-201.4981026352616,555.2526340796612,/Users/harishprabhu/Documents/drone-localisation/data/raw/satloc/part_1/UAV Data/traj01/886@12011@112.814161@28.302353.png,True,True,False,,222,"uniform,benchmark73"
890,traj01,data/raw/satloc/part_1/UAV Data/traj01/891@17016@112.814765@28.302355.png,UAV Data/traj01/891@17016@112.814765@28.302355.png,891@17016@112.814765@28.302355.png,891,17016,112.814765,28.302355,ok,890,890,677948.2466178678,3132032.955255656,-142.26474867365323,556.363980088383,-142.26474867365323,556.363980088383,/Users/harishprabhu/Documents/drone-localisation/data/raw/satloc/part_1/UAV Data/traj01/891@17016@112.814765@28.302355.png,True,False,False,,223,uniform
895,traj01,data/raw/satloc/part_1/UAV Data/traj01/896@22020@112.815002@28.302047.png,UAV Data/traj01/896@22020@112.815002@28.302047.png,896@22020@112.815002@28.302047.png,896,22020,112.815002,28.302047,ok,895,895,677972.0029257846,3131999.17471478,-118.50844075693747,522.5834392127581,-118.50844075693747,522.5834392127581,/Users/harishprabhu/Documents/drone-localisation/data/raw/satloc/part_1/UAV Data/traj01/896@22020@112.815002@28.302047.png,True,False,False,,224,uniform
900,traj01,data/raw/satloc/part_1/UAV Data/traj01/901@27025@112.815039@28.301535.png,UAV Data/traj01/901@27025@112.815039@28.301535.png,901@27025@112.815039@28.301535.png,901,27025,112.815039,28.301535,ok,900,900,677976.4840808581,3131942.49409168,-114.02728568343446,465.9028161121532,-114.02728568343446,465.9028161121532,/Users/harishprabhu/Documents/drone-localisation/data/raw/satloc/part_1/UAV Data/traj01/901@27025@112.815039@28.301535.png,True,False,False,,225,uniform
904,traj01,data/raw/satloc/part_1/UAV Data/traj01/905@31029@112.815049@28.301097.png,UAV Data/traj01/905@31029@112.815049@28.301097.png,905@31029@112.815049@28.301097.png,905,31029,112.815049,28.301097,ok,904,904,677978.1940284965,3131893.973688144,-112.317338044988,417.382412577048,-112.317338044988,417.382412577048,/Users/harishprabhu/Documents/drone-localisation/data/raw/satloc/part_1/UAV Data/traj01/905@31029@112.815049@28.301097.png,False,True,False,,226,benchmark73
905,traj01,data/raw/satloc/part_1/UAV Data/traj01/906@32030@112.815050@28.300988.png,UAV Data/traj01/906@32030@112.815050@28.300988.png,906@32030@112.815050@28.300988.png,906,32030,112.81505,28.300988,ok,905,905,677978.4735697508,3131881.8967828443,-112.03779679071158,405.3055072771385,-112.03779679071158,405.3055072771385,/Users/harishprabhu/Documents/drone-localisation/data/raw/satloc/part_1/UAV Data/traj01/906@32030@112.815050@28.300988.png,True,False,False,,227,uniform
910,traj01,data/raw/satloc/part_1/UAV Data/traj01/911@37034@112.815058@28.300442.png,UAV Data/traj01/911@37034@112.815058@28.300442.png,911@37034@112.815058@28.300442.png,911,37034,112.815058,28.300442,ok,910,910,677980.1671614279,3131821.405868456,-110.34420511359347,344.8145928885788,-110.34420511359347,344.8145928885788,/Users/harishprabhu/Documents/drone-localisation/data/raw/satloc/part_1/UAV Data/traj01/911@37034@112.815058@28.300442.png,True,False,False,,228,uniform
913,traj01,data/raw/satloc/part_1/UAV Data/traj01/914@40037@112.815066@28.300118.png,UAV Data/traj01/914@40037@112.815066@28.300118.png,914@40037@112.815066@28.300118.png,914,40037,112.815066,28.300118,ok,913,913,677981.4911626546,3131785.514955774,-109.02020388690288,308.9236802067608,-109.02020388690288,308.9236802067608,/Users/harishprabhu/Documents/drone-localisation/data/raw/satloc/part_1/UAV Data/traj01/914@40037@112.815066@28.300118.png,False,True,False,,229,benchmark73
915,traj01,data/raw/satloc/part_1/UAV Data/traj01/916@42039@112.815070@28.299901.png,UAV Data/traj01/916@42039@112.815070@28.299901.png,916@42039@112.815070@28.299901.png,916,42039,112.81507,28.299901,ok,915,915,677982.2447260774,3131761.474906018,-108.26664046407676,284.88363045081496,-108.26664046407676,284.88363045081496,/Users/harishprabhu/Documents/drone-localisation/data/raw/satloc/part_1/UAV Data/traj01/916@42039@112.815070@28.299901.png,True,False,False,,230,uniform
920,traj01,data/raw/satloc/part_1/UAV Data/traj01/921@47044@112.815081@28.299358.png,UAV Data/traj01/921@47044@112.815081@28.299358.png,921@47044@112.815081@28.299358.png,921,47044,112.815081,28.299358,ok,920,920,677984.2275395781,3131701.320852496,-106.28382696339396,224.7295769280754,-106.28382696339396,224.7295769280754,/Users/harishprabhu/Documents/drone-localisation/data/raw/satloc/part_1/UAV Data/traj01/921@47044@112.815081@28.299358.png,True,False,False,,231,uniform
925,traj01,data/raw/satloc/part_1/UAV Data/traj01/926@52049@112.815091@28.298814.png,UAV Data/traj01/926@52049@112.815091@28.298814.png,926@52049@112.815091@28.298814.png,926,52049,112.815091,28.298814,ok,925,925,677986.113935572,3131641.0545187434,-104.3974309695186,164.4632431762293,-104.3974309695186,164.4632431762293,/Users/harishprabhu/Documents/drone-localisation/data/raw/satloc/part_1/UAV Data/traj01/926@52049@112.815091@28.298814.png,True,False,False,,232,uniform
926,traj01,data/raw/satloc/part_1/UAV Data/traj01/927@53050@112.815093@28.298706.png,UAV Data/traj01/927@53050@112.815093@28.298706.png,927@53050@112.815093@28.298706.png,927,53050,112.815093,28.298706,ok,926,926,677986.4898822552,3131629.089901103,-104.02148428629152,152.4986255359836,-104.02148428629152,152.4986255359836,/Users/harishprabhu/Documents/drone-localisation/data/raw/satloc/part_1/UAV Data/traj01/927@53050@112.815093@28.298706.png,False,True,False,,233,benchmark73
930,traj01,data/raw/satloc/part_1/UAV Data/traj01/931@57053@112.815100@28.298272.png,UAV Data/traj01/931@57053@112.815100@28.298272.png,931@57053@112.815100@28.298272.png,931,57053,112.8151,28.298272,ok,930,930,677987.8989183349,3131581.008337145,-102.61244820663704,104.41706157801671,-102.61244820663704,104.41706157801671,/Users/harishprabhu/Documents/drone-localisation/data/raw/satloc/part_1/UAV Data/traj01/931@57053@112.815100@28.298272.png,True,False,False,,234,uniform
935,traj01,data/raw/satloc/part_1/UAV Data/traj01/936@62058@112.815109@28.297730.png,UAV Data/traj01/936@62058@112.815109@28.297730.png,936@62058@112.815109@28.297730.png,936,62058,112.815109,28.29773,ok,935,935,677989.6838941404,3131520.9621595736,-100.82747240108438,44.37088400637731,-100.82747240108438,44.37088400637731,/Users/harishprabhu/Documents/drone-localisation/data/raw/satloc/part_1/UAV Data/traj01/936@62058@112.815109@28.297730.png,True,False,False,,235,uniform
936,traj01,data/raw/satloc/part_1/UAV Data/traj01/937@63059@112.815111@28.297622.png,UAV Data/traj01/937@63059@112.815111@28.297622.png,937@63059@112.815111@28.297622.png,937,63059,112.815111,28.297622,ok,936,936,677990.0598382561,3131508.9975435324,-100.45152828539722,32.406267965212464,-100.45152828539722,32.406267965212464,/Users/harishprabhu/Documents/drone-localisation/data/raw/satloc/part_1/UAV Data/traj01/937@63059@112.815111@28.297622.png,False,True,False,,236,benchmark73
940,traj01,data/raw/satloc/part_1/UAV Data/traj01/941@67063@112.815119@28.297178.png,UAV Data/traj01/941@67063@112.815119@28.297178.png,941@67063@112.815119@28.297178.png,941,67063,112.815119,28.297178,ok,940,940,677991.5835885395,3131459.809351832,-98.9277780019911,-16.781923735514283,-98.9277780019911,-16.781923735514283,/Users/harishprabhu/Documents/drone-localisation/data/raw/satloc/part_1/UAV Data/traj01/941@67063@112.815119@28.297178.png,True,False,False,,237,uniform
945,traj01,data/raw/satloc/part_1/UAV Data/traj01/946@72068@112.815128@28.296635.png,UAV Data/traj01/946@72068@112.815128@28.296635.png,946@72068@112.815128@28.296635.png,946,72068,112.815128,28.296635,ok,945,945,677993.3702153796,3131399.6523716217,-97.1411511618644,-76.93890394549817,-97.1411511618644,-76.93890394549817,/Users/harishprabhu/Documents/drone-localisation/data/raw/satloc/part_1/UAV Data/traj01/946@72068@112.815128@28.296635.png,True,True,False,,238,"uniform,benchmark73"
950,traj01,data/raw/satloc/part_1/UAV Data/traj01/951@77072@112.815136@28.296091.png,UAV Data/traj01/951@77072@112.815136@28.296091.png,951@77072@112.815136@28.296091.png,951,77072,112.815136,28.296091,ok,950,950,677995.0604201076,3131339.3831113195,-95.45094643393531,-137.20816424768418,-95.45094643393531,-137.20816424768418,/Users/harishprabhu/Documents/drone-localisation/data/raw/satloc/part_1/UAV Data/traj01/951@77072@112.815136@28.296091.png,True,False,False,,239,uniform
951,traj01,data/raw/satloc/part_1/UAV Data/traj01/952@78073@112.815138@28.295982.png,UAV Data/traj01/952@78073@112.815138@28.295982.png,952@78073@112.815138@28.295982.png,952,78073,112.815138,28.295982,ok,951,951,677995.4380249556,3131327.3076869543,-95.07334158592856,-149.2835886129178,-95.07334158592856,-149.2835886129178,/Users/harishprabhu/Documents/drone-localisation/data/raw/satloc/part_1/UAV Data/traj01/952@78073@112.815138@28.295982.png,False,True,False,,240,benchmark73
955,traj01,data/raw/satloc/part_1/UAV Data/traj01/956@82077@112.815145@28.295546.png,UAV Data/traj01/956@82077@112.815145@28.295546.png,956@82077@112.815145@28.295546.png,956,82077,112.815145,28.295546,ok,955,955,677996.850361661,3131279.0045177354,-93.66100488044322,-197.58675783174112,-93.66100488044322,-197.58675783174112,/Users/harishprabhu/Documents/drone-localisation/data/raw/satloc/part_1/UAV Data/traj01/956@82077@112.815145@28.295546.png,True,False,False,,241,uniform
960,traj01,data/raw/satloc/part_1/UAV Data/traj01/961@87082@112.815154@28.295002.png,UAV Data/traj01/961@87082@112.815154@28.295002.png,961@87082@112.815154@28.295002.png,961,87082,112.815154,28.295002,ok,960,960,677998.6386315338,3131218.736738952,-91.87273500766604,-257.8545366153121,-91.87273500766604,-257.8545366153121,/Users/harishprabhu/Documents/drone-localisation/data/raw/satloc/part_1/UAV Data/traj01/961@87082@112.815154@28.295002.png,True,False,False,,242,uniform
962,traj01,data/raw/satloc/part_1/UAV Data/traj01/963@89084@112.815157@28.294785.png,UAV Data/traj01/963@89084@112.815157@28.294785.png,963@89084@112.815157@28.294785.png,963,89084,112.815157,28.294785,ok,962,962,677999.2940901895,3131194.695230994,-91.21727635199204,-281.89604457328096,-91.21727635199204,-281.89604457328096,/Users/harishprabhu/Documents/drone-localisation/data/raw/satloc/part_1/UAV Data/traj01/963@89084@112.815157@28.294785.png,False,True,False,,243,benchmark73
965,traj01,data/raw/satloc/part_1/UAV Data/traj01/966@92086@112.815162@28.294459.png,UAV Data/traj01/966@92086@112.815162@28.294459.png,966@92086@112.815162@28.294459.png,966,92086,112.815162,28.294459,ok,965,965,678000.3271485409,3131158.5783015923,-90.1842180006206,-318.01297397492453,-90.1842180006206,-318.01297397492453,/Users/harishprabhu/Documents/drone-localisation/data/raw/satloc/part_1/UAV Data/traj01/966@92086@112.815162@28.294459.png,True,False,False,,244,uniform
970,traj01,data/raw/satloc/part_1/UAV Data/traj01/971@97091@112.815175@28.293917.png,UAV Data/traj01/971@97091@112.815175@28.293917.png,971@97091@112.815175@28.293917.png,971,97091,112.815175,28.293917,ok,970,970,678002.5044017339,3131098.5380457286,-88.00696480763145,-378.0532298386097,-88.00696480763145,-378.0532298386097,/Users/harishprabhu/Documents/drone-localisation/data/raw/satloc/part_1/UAV Data/traj01/971@97091@112.815175@28.293917.png,True,True,False,,245,"uniform,benchmark73"
975,traj01,data/raw/satloc/part_1/UAV Data/traj01/976@102096@112.815185@28.293372.png,UAV Data/traj01/976@102096@112.815185@28.293372.png,976@102096@112.815185@28.293372.png,976,102096,112.815185,28.293372,ok,975,975,678004.3923988227,3131038.160941684,-86.11896771879401,-438.4303338830359,-86.11896771879401,-438.4303338830359,/Users/harishprabhu/Documents/drone-localisation/data/raw/satloc/part_1/UAV Data/traj01/976@102096@112.815185@28.293372.png,True,False,False,,246,uniform
980,traj01,data/raw/satloc/part_1/UAV Data/traj01/981@107101@112.815193@28.292837.png,UAV Data/traj01/981@107101@112.815193@28.292837.png,981@107101@112.815193@28.292837.png,981,107101,112.815193,28.292837,ok,980,980,678006.0675791989,3130978.889002034,-84.44378734263591,-497.7022735332139,-84.44378734263591,-497.7022735332139,/Users/harishprabhu/Documents/drone-localisation/data/raw/satloc/part_1/UAV Data/traj01/981@107101@112.815193@28.292837.png,True,False,False,,247,uniform
985,traj01,data/raw/satloc/part_1/UAV Data/traj01/986@112105@112.815487@28.292664.png,UAV Data/traj01/986@112105@112.815487@28.292664.png,986@112105@112.815487@28.292664.png,986,112105,112.815487,28.292664,ok,985,985,678035.1919124615,3130960.151941784,-55.31945407995954,-516.439333782997,-55.31945407995954,-516.439333782997,/Users/harishprabhu/Documents/drone-localisation/data/raw/satloc/part_1/UAV Data/traj01/986@112105@112.815487@28.292664.png,True,False,False,,248,uniform
989,traj01,data/raw/satloc/part_1/UAV Data/traj01/990@116109@112.815929@28.292653.png,UAV Data/traj01/990@116109@112.815929@28.292653.png,990@116109@112.815929@28.292653.png,990,116109,112.815929,28.292653,ok,989,989,678078.562877124,3130959.5844152984,-11.94848941755481,-517.0068602687679,-11.94848941755481,-517.0068602687679,/Users/harishprabhu/Documents/drone-localisation/data/raw/satloc/part_1/UAV Data/traj01/990@116109@112.815929@28.292653.png,False,True,False,,249,benchmark73
990,traj01,data/raw/satloc/part_1/UAV Data/traj01/991@117110@112.816048@28.292653.png,UAV Data/traj01/991@117110@112.816048@28.292653.png,991@117110@112.816048@28.292653.png,991,117110,112.816048,28.292653,ok,990,990,678090.2347460156,3130959.759817003,-0.2766205258667469,-516.831458564382,-0.2766205258667469,-516.831458564382,/Users/harishprabhu/Documents/drone-localisation/data/raw/satloc/part_1/UAV Data/traj01/991@117110@112.816048@28.292653.png,True,False,False,,250,uniform
995,traj01,data/raw/satloc/part_1/UAV Data/traj01/996@122115@112.816350@28.292752.png,UAV Data/traj01/996@122115@112.816350@28.292752.png,996@122115@112.816350@28.292752.png,996,122115,112.81635,28.292752,ok,995,995,678119.6909020876,3130971.1752687194,29.179535546107218,-505.4160068477504,29.179535546107218,-505.4160068477504,/Users/harishprabhu/Documents/drone-localisation/data/raw/satloc/part_1/UAV Data/traj01/996@122115@112.816350@28.292752.png,True,False,False,,251,uniform
1000,traj01,data/raw/satloc/part_1/UAV Data/traj01/1001@127119@112.816354@28.293135.png,UAV Data/traj01/1001@127119@112.816354@28.293135.png,1001@127119@112.816354@28.293135.png,1001,127119,112.816354,28.293135,ok,1000,1000,678119.445314417,3131013.6216794136,28.93394787551369,-462.9695961535908,28.93394787551369,-462.9695961535908,/Users/harishprabhu/Documents/drone-localisation/data/raw/satloc/part_1/UAV Data/traj01/1001@127119@112.816354@28.293135.png,True,False,False,,252,uniform
1002,traj01,data/raw/satloc/part_1/UAV Data/traj01/1003@129121@112.816351@28.293325.png,UAV Data/traj01/1003@129121@112.816351@28.293325.png,1003@129121@112.816351@28.293325.png,1003,129121,112.816351,28.293325,ok,1002,1002,678118.8346033263,3131034.6712980727,28.32323678478133,-441.9199774945155,28.32323678478133,-441.9199774945155,/Users/harishprabhu/Documents/drone-localisation/data/raw/satloc/part_1/UAV Data/traj01/1003@129121@112.816351@28.293325.png,False,True,False,,253,benchmark73
1005,traj01,data/raw/satloc/part_1/UAV Data/traj01/1006@132124@112.816347@28.293629.png,UAV Data/traj01/1006@132124@112.816347@28.293629.png,1006@132124@112.816347@28.293629.png,1006,132124,112.816347,28.293629,ok,1005,1005,678117.9359293239,3131068.351868388,27.424562782398425,-408.2394071798772,27.424562782398425,-408.2394071798772,/Users/harishprabhu/Documents/drone-localisation/data/raw/satloc/part_1/UAV Data/traj01/1006@132124@112.816347@28.293629.png,True,False,False,,254,uniform
1010,traj01,data/raw/satloc/part_1/UAV Data/traj01/1011@137129@112.816340@28.294159.png,UAV Data/traj01/1011@137129@112.816340@28.294159.png,1011@137129@112.816340@28.294159.png,1011,137129,112.81634,28.294159,ok,1010,1010,678116.3665744128,3131127.071248004,25.855207871296443,-349.5200275639072,25.855207871296443,-349.5200275639072,/Users/harishprabhu/Documents/drone-localisation/data/raw/satloc/part_1/UAV Data/traj01/1011@137129@112.816340@28.294159.png,True,False,False,,255,uniform
1014,traj01,data/raw/satloc/part_1/UAV Data/traj01/1015@141133@112.816335@28.294566.png,UAV Data/traj01/1015@141133@112.816335@28.294566.png,1015@141133@112.816335@28.294566.png,1015,141133,112.816335,28.294566,ok,1014,1014,678115.1982492781,3131172.1638560984,24.68688273662701,-304.4274194687605,24.68688273662701,-304.4274194687605,/Users/harishprabhu/Documents/drone-localisation/data/raw/satloc/part_1/UAV Data/traj01/1015@141133@112.816335@28.294566.png,False,True,False,,256,benchmark73
1015,traj01,data/raw/satloc/part_1/UAV Data/traj01/1016@142134@112.816333@28.294665.png,UAV Data/traj01/1016@142134@112.816333@28.294665.png,1016@142134@112.816333@28.294665.png,1016,142134,112.816333,28.294665,ok,1015,1015,678114.8371869192,3131183.131173143,24.32582037767861,-293.46010242402554,24.32582037767861,-293.46010242402554,/Users/harishprabhu/Documents/drone-localisation/data/raw/satloc/part_1/UAV Data/traj01/1016@142134@112.816333@28.294665.png,True,False,False,,257,uniform
1020,traj01,data/raw/satloc/part_1/UAV Data/traj01/1021@147138@112.816324@28.295146.png,UAV Data/traj01/1021@147138@112.816324@28.295146.png,1021@147138@112.816324@28.295146.png,1021,147138,112.816324,28.295146,ok,1020,1020,678113.1532727295,3131236.4178838786,22.641906187986024,-240.17339168861508,22.641906187986024,-240.17339168861508,/Users/harishprabhu/Documents/drone-localisation/data/raw/satloc/part_1/UAV Data/traj01/1021@147138@112.816324@28.295146.png,True,False,False,,258,uniform
1023,traj01,data/raw/satloc/part_1/UAV Data/traj01/1024@150141@112.816322@28.295441.png,UAV Data/traj01/1024@150141@112.816322@28.295441.png,1024@150141@112.816322@28.295441.png,1024,150141,112.816322,28.295441,ok,1023,1023,678112.4657349084,3131269.1041135127,21.954368366859853,-207.4871620545164,21.954368366859853,-207.4871620545164,/Users/harishprabhu/Documents/drone-localisation/data/raw/satloc/part_1/UAV Data/traj01/1024@150141@112.816322@28.295441.png,False,True,False,,259,benchmark73
1025,traj01,data/raw/satloc/part_1/UAV Data/traj01/1026@152143@112.816320@28.295640.png,UAV Data/traj01/1026@152143@112.816320@28.295640.png,1026@152143@112.816320@28.295640.png,1026,152143,112.81632,28.29564,ok,1025,1025,678111.9381009074,3131291.1525095496,21.426734365872107,-185.4387660175562,21.426734365872107,-185.4387660175562,/Users/harishprabhu/Documents/drone-localisation/data/raw/satloc/part_1/UAV Data/traj01/1026@152143@112.816320@28.295640.png,True,False,False,,260,uniform
1030,traj01,data/raw/satloc/part_1/UAV Data/traj01/1031@157148@112.816312@28.296124.png,UAV Data/traj01/1031@157148@112.816312@28.296124.png,1031@157148@112.816312@28.296124.png,1031,157148,112.816312,28.296124,ok,1030,1030,678110.347257691,3131344.7731334195,19.835891149472445,-131.81814214773476,19.835891149472445,-131.81814214773476,/Users/harishprabhu/Documents/drone-localisation/data/raw/satloc/part_1/UAV Data/traj01/1031@157148@112.816312@28.296124.png,True,False,False,,261,uniform
1033,traj01,data/raw/satloc/part_1/UAV Data/traj01/1034@160151@112.816307@28.296352.png,UAV Data/traj01/1034@160151@112.816307@28.296352.png,1034@160151@112.816307@28.296352.png,1034,160151,112.816307,28.296352,ok,1033,1033,678109.4770746338,3131370.0306211635,18.96570809232071,-106.56065440364182,18.96570809232071,-106.56065440364182,/Users/harishprabhu/Documents/drone-localisation/data/raw/satloc/part_1/UAV Data/traj01/1034@160151@112.816307@28.296352.png,False,True,False,,262,benchmark73
