policy,token,processed_candidates,chosen_tile_id,chosen_error_m,hit_le_threshold,chosen_union_rank,chosen_lightglue_rank,chosen_hybrid_rank,chosen_lg_score,chosen_hybrid_score,chosen_inliers,chosen_matches,chosen_min_coverage,union_top1_error_m,union_top1_hit_le_threshold,oracle_processed_error_m,oracle_processed_hit_le_threshold,oracle_lightglue_rank,oracle_hybrid_rank,oracle_union_rank,oracle_tile_id,s5c2_chunk
union_rank_only,1,50,3545,15.072437260721763,True,1.0,2.0,2.0,84.89274826789838,96.89274826789838,62.0,433.0,0.5,15.072437260721763,True,15.072437260721763,True,2.0,2.0,1.0,3545,chunk00
union_rank_only,100,50,541,45.58389044898862,False,1.0,1.0,1.0,113.76735294117648,125.76735294117648,86.0,544.0,0.5625,45.58389044898862,False,45.58389044898862,False,1.0,1.0,1.0,541,chunk00
union_rank_only,101,50,116,2674.082255606318,False,1.0,13.0,3.0,11.514117647058823,23.514117647058825,5.0,68.0,0.25,2674.082255606318,False,26.85274048842789,True,1.0,1.0,42.0,540,chunk00
union_rank_only,106,50,5195,1727.8515078805622,False,1.0,25.0,1.0,10.334285714285716,22.334285714285716,5.0,28.0,0.25,1727.8515078805622,False,555.4781891432476,False,3.0,25.0,36.0,1053,chunk00
union_rank_only,107,50,5195,1735.5748080846208,False,1.0,46.0,1.0,9.991666666666667,21.991666666666667,5.0,30.0,0.1875,1735.5748080846208,False,566.9059263060645,False,18.0,25.0,26.0,1053,chunk00
union_rank_only,11,50,5187,786.0766109262555,False,1.0,15.0,5.0,11.65095238095238,23.650952380952383,6.0,63.0,0.125,786.0766109262555,False,32.90649485062182,True,2.0,2.0,30.0,3420,chunk00
union_rank_only,111,50,3005,1299.139834528015,False,1.0,16.0,2.0,11.130877192982457,23.130877192982457,5.0,57.0,0.25,1299.139834528015,False,37.855949002529584,True,1.0,1.0,50.0,537,chunk00
union_rank_only,116,50,2754,1240.91268110364,False,1.0,44.0,1.0,10.657692307692308,22.657692307692308,5.0,65.0,0.125,1240.91268110364,False,194.04822427527995,False,8.0,42.0,46.0,654,chunk00
union_rank_only,117,50,4913,1247.0120373767772,False,1.0,19.0,1.0,11.068030303030303,23.068030303030305,5.0,66.0,0.1875,1247.0120373767772,False,160.9416935033749,False,41.0,45.0,38.0,906,chunk00
union_rank_only,121,50,5038,1287.6875838131468,False,1.0,31.0,1.0,11.068030303030303,23.068030303030305,5.0,66.0,0.1875,1287.6875838131468,False,126.62975907796915,False,50.0,50.0,43.0,780,chunk00
union_rank_only,126,50,5162,1325.5126880668324,False,1.0,5.0,3.0,13.182352941176472,25.18235294117647,6.0,85.0,0.25,1325.5126880668324,False,60.48177281447165,False,26.0,45.0,46.0,655,chunk00
union_rank_only,129,50,277,114.1707940176092,False,1.0,4.0,3.0,57.6686046511628,69.6686046511628,44.0,215.0,0.375,114.1707940176092,False,34.942808561132146,True,1.0,1.0,14.0,529,chunk00
union_rank_only,131,50,780,90.02678661403877,False,1.0,49.0,7.0,8.644545454545455,20.64454545454545,4.0,11.0,0.125,90.02678661403877,False,17.713301616081825,True,2.0,2.0,6.0,529,chunk00
union_rank_only,136,50,402,30.5811509287532,True,1.0,3.0,3.0,43.237487046632125,55.237487046632125,31.0,193.0,0.3125,30.5811509287532,True,19.217471287595927,True,1.0,1.0,2.0,528,chunk00
union_rank_only,139,50,1157,266.20264517644387,False,1.0,39.0,5.0,10.065714285714286,22.06571428571429,4.0,7.0,0.25,266.20264517644387,False,19.47232333343605,True,1.0,1.0,8.0,527,chunk00
union_rank_only,141,50,23,162.08906355937162,False,1.0,36.0,5.0,10.073235294117648,22.073235294117648,5.0,34.0,0.1875,162.08906355937162,False,19.63179225203028,True,4.0,4.0,16.0,401,chunk00
union_rank_only,146,50,903,172.26869810260268,False,1.0,10.0,2.0,11.95,23.950000000000003,7.0,35.0,0.125,172.26869810260268,False,56.00854963380164,False,1.0,1.0,12.0,526,chunk00
union_rank_only,151,50,5062,1835.269079116236,False,1.0,26.0,1.0,11.3725,23.3725,5.0,64.0,0.25,1835.269079116236,False,69.92626961209041,False,20.0,45.0,44.0,274,chunk00
union_rank_only,156,50,3672,1164.0793210001398,False,1.0,27.0,1.0,11.267868852459015,23.267868852459017,5.0,61.0,0.25,1164.0793210001398,False,157.49087394266832,False,50.0,50.0,49.0,150,chunk00
union_rank_only,16,50,5062,796.9439481997352,False,1.0,10.0,1.0,12.041538461538462,24.04153846153846,6.0,52.0,0.25,796.9439481997352,False,112.94767658882404,False,1.0,4.0,24.0,3418,chunk00
union_rank_only,161,50,5438,1868.372477928893,False,1.0,26.0,1.0,10.525,22.525,5.0,50.0,0.1875,1868.372477928893,False,797.6867457884596,False,24.0,22.0,23.0,3515,chunk00
union_rank_only,166,50,2755,803.5274087282285,False,1.0,41.0,1.0,10.055531914893615,22.055531914893617,5.0,47.0,0.125,803.5274087282285,False,223.4526147793804,False,50.0,50.0,46.0,402,chunk00
union_rank_only,171,50,6735,3370.261768819934,False,1.0,3.0,1.0,12.57294117647059,24.57294117647059,6.0,68.0,0.25,3370.261768819934,False,215.2302037162713,False,50.0,50.0,43.0,2025,chunk00
union_rank_only,176,50,5312,1713.606878785646,False,1.0,23.0,1.0,10.75,22.75,6.0,30.0,0.125,1713.606878785646,False,195.18788742717217,False,14.0,7.0,6.0,1279,chunk00
union_rank_only,181,50,1648,26.43326356485385,True,1.0,1.0,1.0,106.72690476190476,117.22690476190476,79.0,525.0,0.6875,26.43326356485385,True,26.43326356485385,True,1.0,1.0,1.0,1648,chunk00
union_rank_only,21,50,5187,857.9458375932353,False,1.0,8.0,1.0,12.58879746835443,24.58879746835443,6.0,79.0,0.1875,857.9458375932353,False,191.49474629961097,False,22.0,4.0,4.0,3543,chunk00
union_rank_only,26,50,1639,1137.074885383116,False,1.0,33.0,1.0,11.02813953488372,23.02813953488372,6.0,43.0,0.125,1137.074885383116,False,21.222233130034205,True,6.0,28.0,41.0,2671,chunk00
union_rank_only,31,50,2674,120.46654044637393,False,1.0,11.0,10.0,14.662142857142856,26.662142857142857,9.0,42.0,0.1875,120.46654044637393,False,11.743486859912798,True,2.0,2.0,2.0,2546,chunk00
union_rank_only,36,50,2422,51.90947933848808,False,1.0,4.0,3.0,119.7292974238876,131.7292974238876,96.0,427.0,0.625,51.90947933848808,False,5.3505473202788245,True,1.0,2.0,17.0,2296,chunk00
union_rank_only,40,50,2297,61.07991040825948,False,1.0,2.0,2.0,118.25349094567405,130.25349094567406,93.0,497.0,0.4375,61.07991040825948,False,12.433470076196253,True,3.0,3.0,7.0,2171,chunk00
union_rank_only,41,50,2297,70.57505276496806,False,1.0,1.0,1.0,130.96063829787232,142.96063829787232,107.0,470.0,0.375,70.57505276496806,False,23.93413529514438,True,2.0,2.0,5.0,2171,chunk00
union_rank_only,46,50,955,1220.3391122683208,False,1.0,21.0,2.0,10.868163265306125,22.868163265306123,5.0,49.0,0.25,1220.3391122683208,False,17.573676838494016,True,1.0,1.0,6.0,1921,chunk00
union_rank_only,50,50,1239,2383.259702865441,False,1.0,45.0,2.0,9.994444444444444,21.994444444444444,5.0,45.0,0.125,2383.259702865441,False,32.750780158481554,True,1.0,1.0,38.0,1796,chunk00
union_rank_only,51,50,2612,2323.309947476642,False,1.0,20.0,1.0,11.805454545454545,23.805454545454545,6.0,44.0,0.25,2323.309947476642,False,609.6315199018866,False,10.0,20.0,18.0,2063,chunk00
union_rank_only,56,50,958,1304.8592135950698,False,1.0,35.0,3.0,10.461666666666666,22.461666666666662,5.0,48.0,0.1875,1304.8592135950698,False,38.37405213659071,True,1.0,1.0,14.0,1546,chunk00
union_rank_only,58,50,958,1302.7271121944514,False,1.0,48.0,2.0,9.964545454545457,21.96454545454545,5.0,44.0,0.125,1302.7271121944514,False,68.5429576945674,False,1.0,1.0,35.0,1545,chunk00
union_rank_only,6,50,3545,25.173257925336667,True,1.0,1.0,1.0,90.9976126126126,102.9976126126126,68.0,444.0,0.4375,25.173257925336667,True,25.173257925336667,True,1.0,1.0,1.0,3545,chunk00
union_rank_only,60,50,4970,2001.9312138964376,False,1.0,42.0,5.0,10.120555555555557,22.120555555555555,5.0,36.0,0.1875,2001.9312138964376,False,44.55530867620633,False,1.0,1.0,12.0,1297,chunk00
union_rank_only,61,50,5617,2766.812346947861,False,1.0,35.0,3.0,10.405,22.405,5.0,32.0,0.25,2766.812346947861,False,50.5003859047478,False,1.0,1.0,16.0,1297,chunk00
union_rank_only,66,50,4845,2021.3329903035085,False,1.0,4.0,1.0,12.33344262295082,24.33344262295082,6.0,61.0,0.25,2021.3329903035085,False,229.42937681725,False,19.0,29.0,43.0,1795,chunk00
union_rank_only,67,50,1195,847.2239801481543,False,1.0,30.0,1.0,11.139193548387096,23.139193548387095,6.0,31.0,0.1875,847.2239801481543,False,51.45856767862398,False,44.0,40.0,22.0,1047,chunk00
union_rank_only,71,50,4454,1544.7968294820837,False,1.0,6.0,1.0,13.182352941176472,25.18235294117647,6.0,85.0,0.25,1544.7968294820837,False,133.88670830304892,False,31.0,38.0,44.0,295,chunk00
union_rank_only,74,50,708,1298.765472026796,False,1.0,49.0,3.0,9.721428571428572,21.72142857142857,5.0,35.0,0.125,1298.765472026796,False,328.2764408317118,False,9.0,11.0,12.0,1794,chunk00
union_rank_only,76,50,708,1298.9778352303483,False,1.0,48.0,4.0,9.796315789473685,21.796315789473685,5.0,38.0,0.125,1298.9778352303483,False,916.9496863847338,False,7.0,10.0,17.0,3063,chunk00
union_rank_only,79,50,583,1298.6943295305837,False,1.0,31.0,2.0,10.868163265306125,22.868163265306123,5.0,49.0,0.25,1298.6943295305837,False,34.39601604526073,True,1.0,1.0,32.0,545,chunk00
union_rank_only,81,50,3360,2377.9091337034247,False,1.0,38.0,3.0,10.589615384615383,22.589615384615385,5.0,52.0,0.1875,2377.9091337034247,False,33.224451813680055,True,1.0,1.0,31.0,545,chunk00
union_rank_only,86,50,1070,900.5044479268593,False,1.0,31.0,1.0,10.430531914893615,22.430531914893617,5.0,47.0,0.1875,900.5044479268593,False,353.90878423764065,False,11.0,12.0,18.0,1550,chunk00
union_rank_only,90,50,4616,2782.033614942796,False,1.0,4.0,1.0,12.53820895522388,24.53820895522388,6.0,67.0,0.25,2782.033614942796,False,360.51618277749424,False,13.0,14.0,10.0,1549,chunk00
union_rank_only,91,50,1549,367.3152037665876,False,1.0,12.0,1.0,11.585714285714287,23.58571428571429,5.0,70.0,0.25,367.3152037665876,False,339.3618700034074,False,5.0,19.0,41.0,1424,chunk00
union_rank_only,96,50,4577,1689.8586313449596,False,1.0,43.0,1.0,9.959285714285716,21.959285714285716,5.0,28.0,0.1875,1689.8586313449596,False,237.2201546584353,False,8.0,30.0,41.0,423,chunk00
lightglue_only,1,50,3546,30.989288717602594,True,20.0,1.0,1.0,99.62016129032256,103.96180207682244,75.0,465.0,0.5625,15.072437260721763,True,15.072437260721763,True,2.0,2.0,1.0,3545,chunk00
lightglue_only,100,50,541,45.58389044898862,False,1.0,1.0,1.0,113.76735294117648,125.76735294117648,86.0,544.0,0.5625,45.58389044898862,False,45.58389044898862,False,1.0,1.0,1.0,541,chunk00
lightglue_only,101,50,540,26.85274048842789,True,42.0,1.0,1.0,229.76953781512609,233.6953579148986,200.0,595.0,0.4375,2674.082255606318,False,26.85274048842789,True,1.0,1.0,42.0,540,chunk00
lightglue_only,106,50,2088,1808.0552685844543,False,33.0,1.0,17.0,12.40095238095238,16.445418316686567,6.0,63.0,0.25,1727.8515078805622,False,555.4781891432476,False,3.0,25.0,36.0,1053,chunk00
lightglue_only,107,50,4424,1173.0357639276,False,46.0,1.0,22.0,13.06586956521739,15.450521302146774,6.0,92.0,0.1875,1735.5748080846208,False,566.9059263060645,False,18.0,25.0,26.0,1053,chunk00
lightglue_only,11,50,3419,51.61635866557166,False,38.0,1.0,1.0,93.8040291262136,97.77735765299816,72.0,412.0,0.4375,786.0766109262555,False,32.90649485062182,True,2.0,2.0,30.0,3420,chunk00
lightglue_only,111,50,537,37.855949002529584,True,50.0,1.0,1.0,43.499925373134325,45.84845351055818,34.0,134.0,0.1875,1299.139834528015,False,37.855949002529584,True,1.0,1.0,50.0,537,chunk00
lightglue_only,116,50,3516,1068.639190185961,False,23.0,1.0,9.0,14.146075268817205,18.39716175315965,7.0,93.0,0.1875,1240.91268110364,False,194.04822427527995,False,8.0,42.0,46.0,654,chunk00
lightglue_only,117,50,6734,3136.850623648378,False,47.0,1.0,33.0,12.503636363636364,14.878826312623731,6.0,66.0,0.25,1247.0120373767772,False,160.9416935033749,False,41.0,45.0,38.0,906,chunk00
lightglue_only,121,50,4026,1021.3399674401404,False,14.0,1.0,3.0,14.49318181818182,20.596749269656364,6.0,110.0,0.3125,1287.6875838131468,False,126.62975907796915,False,50.0,50.0,43.0,780,chunk00
lightglue_only,126,50,404,69.40651608797349,False,25.0,1.0,1.0,58.73374493927125,62.93374493927126,45.0,247.0,0.1875,1325.5126880668324,False,60.48177281447165,False,26.0,45.0,46.0,655,chunk00
lightglue_only,129,50,529,34.942808561132146,True,14.0,1.0,1.0,85.81377358490568,91.91734103638022,64.0,424.0,0.375,114.1707940176092,False,34.942808561132146,True,1.0,1.0,14.0,529,chunk00
lightglue_only,131,50,528,45.47030563022309,False,13.0,1.0,1.0,86.12156565656566,93.78566624524136,65.0,396.0,0.4375,90.02678661403877,False,17.713301616081825,True,2.0,2.0,6.0,529,chunk00
lightglue_only,136,50,528,19.217471287595927,True,2.0,1.0,1.0,51.96428571428572,62.206926401405,36.0,280.0,0.375,30.5811509287532,True,19.217471287595927,True,1.0,1.0,2.0,528,chunk00
lightglue_only,139,50,527,19.47232333343605,True,8.0,1.0,1.0,34.959210526315786,43.08053086987543,23.0,190.0,0.3125,266.20264517644387,False,19.47232333343605,True,1.0,1.0,8.0,527,chunk00
lightglue_only,141,50,527,38.8316831393422,True,5.0,1.0,1.0,39.01923076923077,47.70251234223051,24.0,260.0,0.375,162.08906355937162,False,19.63179225203028,True,4.0,4.0,16.0,401,chunk00
lightglue_only,146,50,526,56.00854963380164,False,12.0,1.0,1.0,19.22432584269663,26.956376650265508,12.0,89.0,0.1875,172.26869810260268,False,56.00854963380164,False,1.0,1.0,12.0,526,chunk00
lightglue_only,151,50,5186,1834.4384592123,False,35.0,1.0,9.0,14.78,18.79418510567422,7.0,100.0,0.25,1835.269079116236,False,69.92626961209041,False,20.0,45.0,44.0,274,chunk00
lightglue_only,156,50,4787,1235.0217437010758,False,40.0,1.0,11.0,13.81586956521739,17.764552863267905,6.0,92.0,0.3125,1164.0793210001398,False,157.49087394266832,False,50.0,50.0,49.0,150,chunk00
lightglue_only,16,50,3418,112.94767658882404,False,24.0,1.0,4.0,13.999606741573034,18.22435161296462,7.0,89.0,0.1875,796.9439481997352,False,112.94767658882404,False,1.0,4.0,24.0,3418,chunk00
lightglue_only,161,50,5187,1795.6453933620166,False,8.0,1.0,3.0,12.33344262295082,20.45476296651046,6.0,61.0,0.25,1868.372477928893,False,797.6867457884596,False,24.0,22.0,23.0,3515,chunk00
lightglue_only,166,50,5181,1605.475220505327,False,29.0,1.0,4.0,15.145957446808511,19.26012947587082,9.0,47.0,0.25,803.5274087282285,False,223.4526147793804,False,50.0,50.0,46.0,402,chunk00
lightglue_only,171,50,4515,955.7866040127848,False,45.0,1.0,19.0,12.954662921348316,15.349090112348232,6.0,89.0,0.1875,3370.261768819934,False,215.2302037162713,False,50.0,50.0,43.0,2025,chunk00
lightglue_only,176,50,3666,863.2697958263913,False,38.0,1.0,12.0,13.182352941176472,17.155681467961045,6.0,85.0,0.25,1713.606878785646,False,195.18788742717217,False,14.0,7.0,6.0,1279,chunk00
lightglue_only,181,50,1648,26.43326356485385,True,1.0,1.0,1.0,106.72690476190476,117.22690476190476,79.0,525.0,0.6875,26.43326356485385,True,26.43326356485385,True,1.0,1.0,1.0,1648,chunk00
lightglue_only,21,50,4035,476.54532383922754,False,31.0,1.0,5.0,15.68061403508772,19.75824584724837,7.0,114.0,0.3125,857.9458375932353,False,191.49474629961097,False,22.0,4.0,4.0,3543,chunk00
lightglue_only,26,50,2797,57.76602046597103,False,33.0,1.0,15.0,14.496463414634148,18.540929350368337,7.0,82.0,0.3125,1137.074885383116,False,21.222233130034205,True,6.0,28.0,41.0,2671,chunk00
lightglue_only,31,50,2547,43.27840235374737,False,6.0,1.0,1.0,101.82875,110.27823974278316,81.0,384.0,0.4375,120.46654044637393,False,11.743486859912798,True,2.0,2.0,2.0,2546,chunk00
lightglue_only,36,50,2296,5.3505473202788245,True,17.0,1.0,2.0,125.18169811320756,132.63691186342558,103.0,424.0,0.375,51.90947933848808,False,5.3505473202788245,True,1.0,2.0,17.0,2296,chunk00
lightglue_only,40,50,2296,46.61974299657225,False,23.0,1.0,1.0,142.13380952380953,147.88489600815197,116.0,525.0,0.375,61.07991040825948,False,12.433470076196253,True,3.0,3.0,7.0,2171,chunk00
lightglue_only,41,50,2297,70.57505276496806,False,1.0,1.0,1.0,130.96063829787232,142.96063829787232,107.0,470.0,0.375,70.57505276496806,False,23.93413529514438,True,2.0,2.0,5.0,2171,chunk00
lightglue_only,46,50,1921,17.573676838494016,True,6.0,1.0,1.0,77.62217002237136,86.07165976515454,55.0,447.0,0.375,1220.3391122683208,False,17.573676838494016,True,1.0,1.0,6.0,1921,chunk00
lightglue_only,50,50,1796,32.750780158481554,True,38.0,1.0,1.0,38.10341004184101,42.07673856862559,25.0,239.0,0.1875,2383.259702865441,False,32.750780158481554,True,1.0,1.0,38.0,1796,chunk00
lightglue_only,51,50,5996,2883.916513927181,False,42.0,1.0,10.0,14.870882352941177,18.796702452713724,9.0,51.0,0.1875,2323.309947476642,False,609.6315199018866,False,10.0,20.0,18.0,2063,chunk00
lightglue_only,56,50,1546,38.37405213659071,True,14.0,1.0,1.0,81.62142857142857,87.72499602290311,60.0,420.0,0.375,1304.8592135950698,False,38.37405213659071,True,1.0,1.0,14.0,1546,chunk00
lightglue_only,58,50,1545,68.5429576945674,False,35.0,1.0,1.0,62.19252427184466,66.20670937751888,45.0,309.0,0.375,1302.7271121944514,False,68.5429576945674,False,1.0,1.0,35.0,1545,chunk00
lightglue_only,6,50,3545,25.173257925336667,True,1.0,1.0,1.0,90.9976126126126,102.9976126126126,68.0,444.0,0.4375,25.173257925336667,True,25.173257925336667,True,1.0,1.0,1.0,3545,chunk00
lightglue_only,60,50,1297,44.55530867620633,False,12.0,1.0,1.0,83.87510703363914,90.10715784120802,65.0,327.0,0.5,2001.9312138964376,False,44.55530867620633,False,1.0,1.0,12.0,1297,chunk00
lightglue_only,61,50,1297,50.5003859047478,False,16.0,1.0,1.0,77.64931372549019,83.64931372549019,60.0,306.0,0.4375,2766.812346947861,False,50.5003859047478,False,1.0,1.0,16.0,1297,chunk00
lightglue_only,66,50,8366,3190.930853963911,False,48.0,1.0,19.0,13.683333333333334,16.04935873711777,8.0,60.0,0.125,2021.3329903035085,False,229.42937681725,False,19.0,29.0,43.0,1795,chunk00
lightglue_only,67,50,1062,566.2516959260395,False,42.0,1.0,13.0,14.00429906542056,17.930119165193112,6.0,107.0,0.25,847.2239801481543,False,51.45856767862398,False,44.0,40.0,22.0,1047,chunk00
lightglue_only,71,50,1469,1692.522695432184,False,17.0,1.0,2.0,17.370588235294118,23.325801985512115,10.0,85.0,0.25,1544.7968294820837,False,133.88670830304892,False,31.0,38.0,44.0,295,chunk00
lightglue_only,74,50,3188,927.141715094596,False,10.0,1.0,6.0,14.538347107438016,20.93571370353904,6.0,121.0,0.25,1298.765472026796,False,328.2764408317118,False,9.0,11.0,12.0,1794,chunk00
lightglue_only,76,50,3079,1350.405237918493,False,23.0,1.0,1.0,16.892804878048782,22.64389136239123,10.0,82.0,0.1875,1298.9778352303483,False,916.9496863847338,False,7.0,10.0,17.0,3063,chunk00
lightglue_only,79,50,545,34.39601604526073,True,32.0,1.0,1.0,77.85352112676057,81.91418129854038,58.0,355.0,0.5,1298.6943295305837,False,34.39601604526073,True,1.0,1.0,32.0,545,chunk00
lightglue_only,81,50,545,33.224451813680055,True,31.0,1.0,1.0,75.15646892655367,79.23410073871432,55.0,354.0,0.5625,2377.9091337034247,False,33.224451813680055,True,1.0,1.0,31.0,545,chunk00
lightglue_only,86,50,3062,940.8020449472328,False,43.0,1.0,11.0,13.89031914893617,17.8053105709318,6.0,94.0,0.3125,900.5044479268593,False,353.90878423764065,False,11.0,12.0,18.0,1550,chunk00
lightglue_only,90,50,4578,1662.6717305406512,False,12.0,1.0,2.0,15.55,21.78205080756888,10.0,50.0,0.125,2782.033614942796,False,360.51618277749424,False,13.0,14.0,10.0,1549,chunk00
lightglue_only,91,50,582,1363.6511006376036,False,16.0,1.0,5.0,15.406739130434785,19.906739130434783,9.0,69.0,0.1875,367.3152037665876,False,339.3618700034074,False,5.0,19.0,41.0,1424,chunk00
lightglue_only,96,50,6577,2106.9965808048432,False,29.0,1.0,13.0,13.302758620689657,17.416930649751965,7.0,58.0,0.25,1689.8586313449596,False,237.2201546584353,False,8.0,30.0,41.0,423,chunk00
lightglue_plus_union_prior,1,50,3546,30.989288717602594,True,20.0,1.0,1.0,99.62016129032256,103.96180207682244,75.0,465.0,0.5625,15.072437260721763,True,15.072437260721763,True,2.0,2.0,1.0,3545,chunk00
lightglue_plus_union_prior,100,50,541,45.58389044898862,False,1.0,1.0,1.0,113.76735294117648,125.76735294117648,86.0,544.0,0.5625,45.58389044898862,False,45.58389044898862,False,1.0,1.0,1.0,541,chunk00
lightglue_plus_union_prior,101,50,540,26.85274048842789,True,42.0,1.0,1.0,229.76953781512609,233.6953579148986,200.0,595.0,0.4375,2674.082255606318,False,26.85274048842789,True,1.0,1.0,42.0,540,chunk00
lightglue_plus_union_prior,106,50,5195,1727.8515078805622,False,1.0,25.0,1.0,10.334285714285716,22.334285714285716,5.0,28.0,0.25,1727.8515078805622,False,555.4781891432476,False,3.0,25.0,36.0,1053,chunk00
lightglue_plus_union_prior,107,50,5195,1735.5748080846208,False,1.0,46.0,1.0,9.991666666666667,21.991666666666667,5.0,30.0,0.1875,1735.5748080846208,False,566.9059263060645,False,18.0,25.0,26.0,1053,chunk00
lightglue_plus_union_prior,11,50,3419,51.61635866557166,False,38.0,1.0,1.0,93.8040291262136,97.77735765299816,72.0,412.0,0.4375,786.0766109262555,False,32.90649485062182,True,2.0,2.0,30.0,3420,chunk00
lightglue_plus_union_prior,111,50,537,37.855949002529584,True,50.0,1.0,1.0,43.499925373134325,45.84845351055818,34.0,134.0,0.1875,1299.139834528015,False,37.855949002529584,True,1.0,1.0,50.0,537,chunk00
lightglue_plus_union_prior,116,50,2754,1240.91268110364,False,1.0,44.0,1.0,10.657692307692308,22.657692307692308,5.0,65.0,0.125,1240.91268110364,False,194.04822427527995,False,8.0,42.0,46.0,654,chunk00
lightglue_plus_union_prior,117,50,4913,1247.0120373767772,False,1.0,19.0,1.0,11.068030303030303,23.068030303030305,5.0,66.0,0.1875,1247.0120373767772,False,160.9416935033749,False,41.0,45.0,38.0,906,chunk00
lightglue_plus_union_prior,121,50,5038,1287.6875838131468,False,1.0,31.0,1.0,11.068030303030303,23.068030303030305,5.0,66.0,0.1875,1287.6875838131468,False,126.62975907796915,False,50.0,50.0,43.0,780,chunk00
lightglue_plus_union_prior,126,50,404,69.40651608797349,False,25.0,1.0,1.0,58.73374493927125,62.93374493927126,45.0,247.0,0.1875,1325.5126880668324,False,60.48177281447165,False,26.0,45.0,46.0,655,chunk00
lightglue_plus_union_prior,129,50,529,34.942808561132146,True,14.0,1.0,1.0,85.81377358490568,91.91734103638022,64.0,424.0,0.375,114.1707940176092,False,34.942808561132146,True,1.0,1.0,14.0,529,chunk00
lightglue_plus_union_prior,131,50,528,45.47030563022309,False,13.0,1.0,1.0,86.12156565656566,93.78566624524136,65.0,396.0,0.4375,90.02678661403877,False,17.713301616081825,True,2.0,2.0,6.0,529,chunk00
lightglue_plus_union_prior,136,50,528,19.217471287595927,True,2.0,1.0,1.0,51.96428571428572,62.206926401405,36.0,280.0,0.375,30.5811509287532,True,19.217471287595927,True,1.0,1.0,2.0,528,chunk00
lightglue_plus_union_prior,139,50,527,19.47232333343605,True,8.0,1.0,1.0,34.959210526315786,43.08053086987543,23.0,190.0,0.3125,266.20264517644387,False,19.47232333343605,True,1.0,1.0,8.0,527,chunk00
lightglue_plus_union_prior,141,50,527,38.8316831393422,True,5.0,1.0,1.0,39.01923076923077,47.70251234223051,24.0,260.0,0.375,162.08906355937162,False,19.63179225203028,True,4.0,4.0,16.0,401,chunk00
lightglue_plus_union_prior,146,50,526,56.00854963380164,False,12.0,1.0,1.0,19.22432584269663,26.956376650265508,12.0,89.0,0.1875,172.26869810260268,False,56.00854963380164,False,1.0,1.0,12.0,526,chunk00
lightglue_plus_union_prior,151,50,5062,1835.269079116236,False,1.0,26.0,1.0,11.3725,23.3725,5.0,64.0,0.25,1835.269079116236,False,69.92626961209041,False,20.0,45.0,44.0,274,chunk00
lightglue_plus_union_prior,156,50,3672,1164.0793210001398,False,1.0,27.0,1.0,11.267868852459015,23.267868852459017,5.0,61.0,0.25,1164.0793210001398,False,157.49087394266832,False,50.0,50.0,49.0,150,chunk00
lightglue_plus_union_prior,16,50,5062,796.9439481997352,False,1.0,10.0,1.0,12.041538461538462,24.04153846153846,6.0,52.0,0.25,796.9439481997352,False,112.94767658882404,False,1.0,4.0,24.0,3418,chunk00
lightglue_plus_union_prior,161,50,5438,1868.372477928893,False,1.0,26.0,1.0,10.525,22.525,5.0,50.0,0.1875,1868.372477928893,False,797.6867457884596,False,24.0,22.0,23.0,3515,chunk00
lightglue_plus_union_prior,166,50,2755,803.5274087282285,False,1.0,41.0,1.0,10.055531914893615,22.055531914893617,5.0,47.0,0.125,803.5274087282285,False,223.4526147793804,False,50.0,50.0,46.0,402,chunk00
lightglue_plus_union_prior,171,50,6735,3370.261768819934,False,1.0,3.0,1.0,12.57294117647059,24.57294117647059,6.0,68.0,0.25,3370.261768819934,False,215.2302037162713,False,50.0,50.0,43.0,2025,chunk00
lightglue_plus_union_prior,176,50,5312,1713.606878785646,False,1.0,23.0,1.0,10.75,22.75,6.0,30.0,0.125,1713.606878785646,False,195.18788742717217,False,14.0,7.0,6.0,1279,chunk00
lightglue_plus_union_prior,181,50,1648,26.43326356485385,True,1.0,1.0,1.0,106.72690476190476,117.22690476190476,79.0,525.0,0.6875,26.43326356485385,True,26.43326356485385,True,1.0,1.0,1.0,1648,chunk00
lightglue_plus_union_prior,21,50,5187,857.9458375932353,False,1.0,8.0,1.0,12.58879746835443,24.58879746835443,6.0,79.0,0.1875,857.9458375932353,False,191.49474629961097,False,22.0,4.0,4.0,3543,chunk00
lightglue_plus_union_prior,26,50,1639,1137.074885383116,False,1.0,33.0,1.0,11.02813953488372,23.02813953488372,6.0,43.0,0.125,1137.074885383116,False,21.222233130034205,True,6.0,28.0,41.0,2671,chunk00
lightglue_plus_union_prior,31,50,2547,43.27840235374737,False,6.0,1.0,1.0,101.82875,110.27823974278316,81.0,384.0,0.4375,120.46654044637393,False,11.743486859912798,True,2.0,2.0,2.0,2546,chunk00
lightglue_plus_union_prior,36,50,2295,29.91799671672411,True,3.0,2.0,1.0,124.11917218543049,133.58327380056824,99.0,453.0,0.6875,51.90947933848808,False,5.3505473202788245,True,1.0,2.0,17.0,2296,chunk00
lightglue_plus_union_prior,40,50,2296,46.61974299657225,False,23.0,1.0,1.0,142.13380952380953,147.88489600815197,116.0,525.0,0.375,61.07991040825948,False,12.433470076196253,True,3.0,3.0,7.0,2171,chunk00
lightglue_plus_union_prior,41,50,2297,70.57505276496806,False,1.0,1.0,1.0,130.96063829787232,142.96063829787232,107.0,470.0,0.375,70.57505276496806,False,23.93413529514438,True,2.0,2.0,5.0,2171,chunk00
lightglue_plus_union_prior,46,50,1921,17.573676838494016,True,6.0,1.0,1.0,77.62217002237136,86.07165976515454,55.0,447.0,0.375,1220.3391122683208,False,17.573676838494016,True,1.0,1.0,6.0,1921,chunk00
lightglue_plus_union_prior,50,50,1796,32.750780158481554,True,38.0,1.0,1.0,38.10341004184101,42.07673856862559,25.0,239.0,0.1875,2383.259702865441,False,32.750780158481554,True,1.0,1.0,38.0,1796,chunk00
lightglue_plus_union_prior,51,50,2612,2323.309947476642,False,1.0,20.0,1.0,11.805454545454545,23.805454545454545,6.0,44.0,0.25,2323.309947476642,False,609.6315199018866,False,10.0,20.0,18.0,2063,chunk00
lightglue_plus_union_prior,56,50,1546,38.37405213659071,True,14.0,1.0,1.0,81.62142857142857,87.72499602290311,60.0,420.0,0.375,1304.8592135950698,False,38.37405213659071,True,1.0,1.0,14.0,1546,chunk00
lightglue_plus_union_prior,58,50,1545,68.5429576945674,False,35.0,1.0,1.0,62.19252427184466,66.20670937751888,45.0,309.0,0.375,1302.7271121944514,False,68.5429576945674,False,1.0,1.0,35.0,1545,chunk00
lightglue_plus_union_prior,6,50,3545,25.173257925336667,True,1.0,1.0,1.0,90.9976126126126,102.9976126126126,68.0,444.0,0.4375,25.173257925336667,True,25.173257925336667,True,1.0,1.0,1.0,3545,chunk00
lightglue_plus_union_prior,60,50,1297,44.55530867620633,False,12.0,1.0,1.0,83.87510703363914,90.10715784120802,65.0,327.0,0.5,2001.9312138964376,False,44.55530867620633,False,1.0,1.0,12.0,1297,chunk00
lightglue_plus_union_prior,61,50,1297,50.5003859047478,False,16.0,1.0,1.0,77.64931372549019,83.64931372549019,60.0,306.0,0.4375,2766.812346947861,False,50.5003859047478,False,1.0,1.0,16.0,1297,chunk00
lightglue_plus_union_prior,66,50,4845,2021.3329903035085,False,1.0,4.0,1.0,12.33344262295082,24.33344262295082,6.0,61.0,0.25,2021.3329903035085,False,229.42937681725,False,19.0,29.0,43.0,1795,chunk00
lightglue_plus_union_prior,67,50,1195,847.2239801481543,False,1.0,30.0,1.0,11.139193548387096,23.139193548387095,6.0,31.0,0.1875,847.2239801481543,False,51.45856767862398,False,44.0,40.0,22.0,1047,chunk00
lightglue_plus_union_prior,71,50,4454,1544.7968294820837,False,1.0,6.0,1.0,13.182352941176472,25.18235294117647,6.0,85.0,0.25,1544.7968294820837,False,133.88670830304892,False,31.0,38.0,44.0,295,chunk00
lightglue_plus_union_prior,74,50,833,1299.4507783420756,False,3.0,11.0,1.0,12.84423076923077,22.308332384368523,6.0,65.0,0.3125,1298.765472026796,False,328.2764408317118,False,9.0,11.0,12.0,1794,chunk00
lightglue_plus_union_prior,76,50,3079,1350.405237918493,False,23.0,1.0,1.0,16.892804878048782,22.64389136239123,10.0,82.0,0.1875,1298.9778352303483,False,916.9496863847338,False,7.0,10.0,17.0,3063,chunk00
lightglue_plus_union_prior,79,50,545,34.39601604526073,True,32.0,1.0,1.0,77.85352112676057,81.91418129854038,58.0,355.0,0.5,1298.6943295305837,False,34.39601604526073,True,1.0,1.0,32.0,545,chunk00
lightglue_plus_union_prior,81,50,545,33.224451813680055,True,31.0,1.0,1.0,75.15646892655367,79.23410073871432,55.0,354.0,0.5625,2377.9091337034247,False,33.224451813680055,True,1.0,1.0,31.0,545,chunk00
lightglue_plus_union_prior,86,50,1070,900.5044479268593,False,1.0,31.0,1.0,10.430531914893615,22.430531914893617,5.0,47.0,0.1875,900.5044479268593,False,353.90878423764065,False,11.0,12.0,18.0,1550,chunk00
lightglue_plus_union_prior,90,50,4616,2782.033614942796,False,1.0,4.0,1.0,12.53820895522388,24.53820895522388,6.0,67.0,0.25,2782.033614942796,False,360.51618277749424,False,13.0,14.0,10.0,1549,chunk00
lightglue_plus_union_prior,91,50,1549,367.3152037665876,False,1.0,12.0,1.0,11.585714285714287,23.58571428571429,5.0,70.0,0.25,367.3152037665876,False,339.3618700034074,False,5.0,19.0,41.0,1424,chunk00
lightglue_plus_union_prior,96,50,4577,1689.8586313449596,False,1.0,43.0,1.0,9.959285714285716,21.959285714285716,5.0,28.0,0.1875,1689.8586313449596,False,237.2201546584353,False,8.0,30.0,41.0,423,chunk00
union_rank_only,186,50,3764,688.8220228064212,False,1.0,30.0,3.0,10.448235294117648,22.448235294117648,5.0,34.0,0.25,688.8220228064212,False,24.116585303341022,True,1.0,1.0,4.0,1648,chunk01
union_rank_only,191,50,3764,684.0281076530047,False,1.0,33.0,2.0,10.30923076923077,22.30923076923077,5.0,26.0,0.25,684.0281076530047,False,23.223608820880912,True,1.0,1.0,34.0,1648,chunk01
union_rank_only,196,50,1773,29.408003084881145,True,1.0,1.0,1.0,92.20714285714286,104.20714285714286,69.0,420.0,0.625,29.408003084881145,True,29.408003084881145,True,1.0,1.0,1.0,1773,chunk01
union_rank_only,201,50,2501,819.5605922020729,False,1.0,28.0,2.0,11.164827586206895,23.164827586206897,5.0,58.0,0.25,819.5605922020729,False,23.67719489349913,True,1.0,1.0,2.0,1773,chunk01
union_rank_only,206,50,2501,817.2706479211315,False,1.0,25.0,2.0,11.350365853658538,23.350365853658538,6.0,41.0,0.1875,817.2706479211315,False,24.20512488938083,True,1.0,1.0,2.0,1773,chunk01
union_rank_only,211,50,3128,807.5328667783117,False,1.0,30.0,2.0,10.65537037037037,22.65537037037037,5.0,54.0,0.1875,807.5328667783117,False,26.97018565271046,True,1.0,1.0,10.0,1898,chunk01
union_rank_only,216,50,8161,1772.6590522852166,False,1.0,29.0,2.0,10.774782608695652,22.77478260869565,5.0,46.0,0.25,1772.6590522852166,False,23.8045294338649,True,1.0,1.0,50.0,2023,chunk01
union_rank_only,221,50,6573,2110.4768372652848,False,1.0,40.0,1.0,10.096428571428572,22.09642857142857,5.0,35.0,0.1875,2110.4768372652848,False,372.4751454628172,False,2.0,32.0,50.0,902,chunk01
union_rank_only,226,50,4913,866.3583299619444,False,1.0,4.0,1.0,11.574795918367348,23.574795918367347,6.0,49.0,0.1875,866.3583299619444,False,355.40928138964125,False,25.0,46.0,44.0,1152,chunk01
union_rank_only,231,50,3545,785.2667667704079,False,1.0,37.0,1.0,10.247358490566038,22.24735849056604,5.0,53.0,0.125,785.2667667704079,False,413.26206400920375,False,31.0,31.0,34.0,4026,chunk01
union_rank_only,236,50,5186,1454.8874457642476,False,1.0,13.0,1.0,11.139117647058823,23.139117647058825,5.0,68.0,0.1875,1454.8874457642476,False,365.9454500380948,False,4.0,17.0,36.0,3641,chunk01
union_rank_only,241,50,6086,2328.826169995732,False,1.0,43.0,1.0,10.471428571428572,22.47142857142857,5.0,35.0,0.25,2328.826169995732,False,330.87387904786203,False,36.0,15.0,10.0,3641,chunk01
union_rank_only,246,50,2626,813.8614075701851,False,1.0,33.0,1.0,11.139193548387096,23.139193548387095,6.0,31.0,0.1875,813.8614075701851,False,280.2443674368063,False,36.0,44.0,31.0,4151,chunk01
union_rank_only,251,50,3525,54.018366022810696,False,1.0,4.0,4.0,16.98209677419355,28.98209677419355,9.0,93.0,0.3125,54.018366022810696,False,5.234032282158039,True,2.0,2.0,4.0,3399,chunk01
union_rank_only,256,50,3649,18.74761651796645,True,1.0,2.0,2.0,25.093773584905662,37.09377358490566,16.0,106.0,0.375,18.74761651796645,True,16.2475356965014,True,9.0,8.0,5.0,3524,chunk01
union_rank_only,259,50,3773,39.31594716899188,True,1.0,7.0,5.0,12.075,24.075,6.0,40.0,0.3125,39.31594716899188,True,19.85008059085271,True,4.0,4.0,2.0,3774,chunk01
union_rank_only,261,50,3898,46.68717214122272,False,1.0,1.0,1.0,20.07673913043478,32.07673913043478,12.0,92.0,0.3125,46.68717214122272,False,3.173043086197424,True,13.0,7.0,4.0,3774,chunk01
union_rank_only,266,50,4024,8.73182821171255,True,1.0,39.0,2.0,9.964545454545457,21.96454545454545,5.0,44.0,0.125,8.73182821171255,True,8.73182821171255,True,39.0,2.0,1.0,4024,chunk01
union_rank_only,269,50,3543,684.7896510216616,False,1.0,9.0,1.0,10.925384615384615,22.925384615384612,6.0,39.0,0.125,684.7896510216616,False,7.532041265804385,True,4.0,2.0,5.0,4149,chunk01
union_rank_only,271,50,3542,657.3093286720513,False,1.0,44.0,1.0,9.57074074074074,21.57074074074074,5.0,27.0,0.125,657.3093286720513,False,18.960849223413444,True,1.0,2.0,18.0,4274,chunk01
union_rank_only,276,50,7471,2650.336616009035,False,1.0,17.0,2.0,10.281190476190476,22.281190476190478,5.0,42.0,0.1875,2650.336616009035,False,2.081395031634583,True,1.0,1.0,30.0,4399,chunk01
union_rank_only,281,50,679,1524.9222337367064,False,1.0,44.0,2.0,9.914565217391305,21.914565217391303,5.0,23.0,0.1875,1524.9222337367064,False,45.22320051365482,False,32.0,33.0,38.0,4774,chunk01
union_rank_only,286,50,5964,2289.23928091932,False,1.0,6.0,1.0,11.805454545454545,23.805454545454545,6.0,44.0,0.25,2289.23928091932,False,62.08044324373353,False,33.0,40.0,38.0,4648,chunk01
union_rank_only,288,50,6088,2255.1539348938527,False,1.0,38.0,1.0,10.197820512820511,22.197820512820517,5.0,39.0,0.1875,2255.1539348938527,False,162.36170609886472,False,45.0,42.0,31.0,4401,chunk01
union_rank_only,291,50,3294,856.3120010697285,False,1.0,19.0,1.0,11.30258064516129,23.30258064516129,5.0,62.0,0.25,856.3120010697285,False,195.84393943339256,False,11.0,22.0,25.0,4401,chunk01
union_rank_only,296,50,3419,866.6745032772563,False,1.0,11.0,1.0,10.997358490566038,22.99735849056604,5.0,53.0,0.25,866.6745032772563,False,214.23270813404844,False,32.0,33.0,28.0,4526,chunk01
union_rank_only,300,50,5062,1326.9549189725512,False,1.0,5.0,1.0,11.729444444444445,23.729444444444447,6.0,54.0,0.1875,1326.9549189725512,False,226.93049558039985,False,7.0,22.0,31.0,4651,chunk01
union_rank_only,301,50,3669,860.137510621392,False,1.0,25.0,1.0,10.313636363636364,22.313636363636363,5.0,55.0,0.125,860.137510621392,False,483.1676339771479,False,38.0,18.0,19.0,4410,chunk01
union_rank_only,306,50,6086,2161.074873686161,False,1.0,44.0,2.0,10.171315789473685,22.171315789473685,5.0,38.0,0.1875,2161.074873686161,False,24.63318312855205,True,1.0,1.0,22.0,5774,chunk01
union_rank_only,310,50,2754,1111.3233353635364,False,1.0,17.0,1.0,12.284719101123596,24.2847191011236,5.0,89.0,0.25,1111.3233353635364,False,417.1064487647876,False,50.0,42.0,34.0,4402,chunk01
union_rank_only,311,50,2754,1120.0668501556247,False,1.0,19.0,1.0,11.99669014084507,23.996690140845068,5.0,71.0,0.3125,1120.0668501556247,False,490.40651354349154,False,45.0,43.0,38.0,4151,chunk01
union_rank_only,316,50,2878,1157.9451242733749,False,1.0,42.0,1.0,10.65537037037037,21.15537037037037,5.0,54.0,0.1875,1157.9451242733749,False,509.5745479185914,False,50.0,50.0,49.0,4276,chunk01
union_rank_only,321,50,8162,687.2263923701967,False,1.0,40.0,1.0,10.868163265306125,22.868163265306123,5.0,49.0,0.25,687.2263923701967,False,105.5549280085642,False,1.0,9.0,28.0,5899,chunk01
union_rank_only,326,50,5961,2161.826138106501,False,1.0,39.0,1.0,10.339545454545457,22.33954545454545,5.0,44.0,0.1875,2161.826138106501,False,620.5165660586805,False,40.0,25.0,20.0,4276,chunk01
union_rank_only,331,50,5187,1382.3732683975722,False,1.0,23.0,1.0,11.068030303030303,23.068030303030305,5.0,66.0,0.1875,1382.3732683975722,False,641.2800956692893,False,14.0,11.0,20.0,4911,chunk01
union_rank_only,336,50,5187,1348.555555575376,False,1.0,30.0,1.0,10.755877192982457,22.755877192982457,5.0,57.0,0.1875,1348.555555575376,False,597.7582675304543,False,44.0,42.0,41.0,8163,chunk01
union_rank_only,341,50,6087,2100.953644947774,False,1.0,38.0,1.0,10.339545454545457,22.33954545454545,5.0,44.0,0.1875,2100.953644947774,False,582.1552801675982,False,14.0,39.0,47.0,8288,chunk01
union_rank_only,346,50,6087,2041.6703323527777,False,1.0,49.0,2.0,8.740652173913043,19.24065217391304,4.0,23.0,0.1875,2041.6703323527777,False,554.6601032038253,False,36.0,33.0,28.0,8412,chunk01
union_rank_only,350,50,5062,1206.6462747071005,False,1.0,5.0,1.0,11.858793103448276,23.85879310344828,6.0,58.0,0.1875,1206.6462747071005,False,384.5665590022211,False,17.0,28.0,36.0,5772,chunk01
union_rank_only,351,50,3792,910.8583666707729,False,1.0,23.0,1.0,10.722142857142856,22.722142857142856,5.0,56.0,0.1875,910.8583666707729,False,393.5587273608841,False,39.0,38.0,34.0,5772,chunk01
union_rank_only,356,50,4786,554.4212023113366,False,1.0,29.0,1.0,10.714545454545457,22.71454545454545,5.0,44.0,0.25,554.4212023113366,False,411.89044523211135,False,42.0,47.0,45.0,5773,chunk01
union_rank_only,361,50,2752,1562.1271902949163,False,1.0,6.0,1.0,12.3,24.3,6.0,60.0,0.25,1562.1271902949163,False,453.29333010163214,False,30.0,37.0,30.0,8287,chunk01
union_rank_only,366,50,2753,1580.4337414301965,False,1.0,26.0,2.0,11.198983050847456,23.198983050847456,5.0,59.0,0.25,1580.4337414301965,False,448.17430388885873,False,37.0,24.0,16.0,8288,chunk01
union_rank_only,371,50,3514,1203.7541955446716,False,1.0,8.0,1.0,12.02595238095238,24.025952380952383,6.0,63.0,0.1875,1203.7541955446716,False,441.5170975870403,False,20.0,41.0,43.0,8288,chunk01
union_rank_only,376,50,3055,1165.4147647181148,False,1.0,19.0,3.0,11.51563829787234,23.515638297872343,6.0,47.0,0.1875,1165.4147647181148,False,33.46243989006533,True,2.0,2.0,2.0,6665,chunk01
union_rank_only,381,50,3058,1186.5853465118691,False,1.0,31.0,2.0,10.572820512820511,22.572820512820517,5.0,39.0,0.25,1186.5853465118691,False,12.864052687397322,True,20.0,16.0,14.0,6666,chunk01
union_rank_only,386,50,2878,1739.9983143190402,False,1.0,19.0,1.0,11.40537037037037,23.40537037037037,5.0,54.0,0.3125,1739.9983143190402,False,437.896731514097,False,15.0,33.0,44.0,8163,chunk01
union_rank_only,387,50,2878,1749.5043032384565,False,1.0,36.0,2.0,10.5571568627451,22.5571568627451,5.0,51.0,0.1875,1749.5043032384565,False,11.455529190090122,True,1.0,1.0,4.0,6668,chunk01
union_rank_only,391,50,6086,1468.6284335990222,False,1.0,37.0,1.0,10.495555555555557,22.495555555555555,5.0,36.0,0.25,1468.6284335990222,False,494.57966940539086,False,4.0,7.0,15.0,8288,chunk01
union_rank_only,396,50,5187,704.6446259973131,False,1.0,2.0,1.0,12.40095238095238,24.400952380952383,6.0,63.0,0.25,704.6446259973131,False,511.605741173548,False,24.0,8.0,7.0,5163,chunk01
lightglue_only,186,50,1648,24.116585303341022,True,4.0,1.0,1.0,89.98674518201285,97.48674518201284,65.0,467.0,0.625,688.8220228064212,False,24.116585303341022,True,1.0,1.0,4.0,1648,chunk01
lightglue_only,191,50,1648,23.223608820880912,True,34.0,1.0,1.0,110.60378787878788,114.63277938964292,84.0,495.0,0.6875,684.0281076530047,False,23.223608820880912,True,1.0,1.0,34.0,1648,chunk01
lightglue_only,196,50,1773,29.408003084881145,True,1.0,1.0,1.0,92.20714285714286,104.20714285714286,69.0,420.0,0.625,29.408003084881145,True,29.408003084881145,True,1.0,1.0,1.0,1773,chunk01
lightglue_only,201,50,1773,23.67719489349913,True,2.0,1.0,1.0,99.67237623762377,109.91501692474306,77.0,404.0,0.625,819.5605922020729,False,23.67719489349913,True,1.0,1.0,2.0,1773,chunk01
lightglue_only,206,50,1773,24.20512488938083,True,2.0,1.0,1.0,81.00156424581004,91.24420493292934,61.0,358.0,0.5,817.2706479211315,False,24.20512488938083,True,1.0,1.0,2.0,1773,chunk01
lightglue_only,211,50,1898,26.97018565271046,True,10.0,1.0,1.0,84.11580865603645,90.51317525213749,61.0,439.0,0.5,807.5328667783117,False,26.97018565271046,True,1.0,1.0,10.0,1898,chunk01
lightglue_only,216,50,2023,23.8045294338649,True,50.0,1.0,1.0,97.00802575107296,99.35655388849682,72.0,466.0,0.625,1772.6590522852166,False,23.8045294338649,True,1.0,1.0,50.0,2023,chunk01
lightglue_only,221,50,4267,633.2042694210152,False,44.0,1.0,16.0,12.58879746835443,16.49333150208772,6.0,79.0,0.1875,2110.4768372652848,False,372.4751454628172,False,2.0,32.0,50.0,902,chunk01
lightglue_only,226,50,8161,1673.343195373056,False,9.0,1.0,2.0,12.33344262295082,18.83344262295082,6.0,61.0,0.25,866.3583299619444,False,355.40928138964125,False,25.0,46.0,44.0,1152,chunk01
lightglue_only,231,50,8288,1668.450982056715,False,8.0,1.0,3.0,12.85578947368421,19.477109817243853,6.0,76.0,0.25,785.2667667704079,False,413.26206400920375,False,31.0,31.0,34.0,4026,chunk01
lightglue_only,236,50,5312,1501.927959018859,False,24.0,1.0,7.0,13.145714285714286,17.370459157105874,6.0,84.0,0.25,1454.8874457642476,False,365.9454500380948,False,4.0,17.0,36.0,3641,chunk01
lightglue_only,241,50,8412,1579.155901285814,False,36.0,1.0,16.0,12.96379746835443,16.96379746835443,6.0,79.0,0.25,2328.826169995732,False,330.87387904786203,False,36.0,15.0,10.0,3641,chunk01
lightglue_only,246,50,6084,2242.8901837501867,False,24.0,1.0,6.0,14.496129032258064,20.22087390364965,8.0,62.0,0.25,813.8614075701851,False,280.2443674368063,False,36.0,44.0,31.0,4151,chunk01
lightglue_only,251,50,3398,33.83656940906231,True,6.0,1.0,1.0,63.3940861618799,70.34357590466307,43.0,383.0,0.4375,54.018366022810696,False,5.234032282158039,True,2.0,2.0,4.0,3399,chunk01
lightglue_only,256,50,3648,38.5941965456148,True,2.0,1.0,1.0,34.55437869822485,44.797019385344136,23.0,169.0,0.375,18.74761651796645,True,16.2475356965014,True,9.0,8.0,5.0,3524,chunk01
lightglue_only,259,50,3776,73.50896223686094,False,31.0,1.0,1.0,31.40754901960784,35.48518083176849,19.0,204.0,0.3125,39.31594716899188,True,19.85008059085271,True,4.0,4.0,2.0,3774,chunk01
lightglue_only,261,50,3898,46.68717214122272,False,1.0,1.0,1.0,20.07673913043478,32.07673913043478,12.0,92.0,0.3125,46.68717214122272,False,3.173043086197424,True,13.0,7.0,4.0,3774,chunk01
lightglue_only,266,50,4023,35.430535882178944,True,2.0,1.0,1.0,18.70971830985916,28.95235899697844,11.0,71.0,0.375,8.73182821171255,True,8.73182821171255,True,39.0,2.0,1.0,4024,chunk01
lightglue_only,269,50,4150,36.45578499835364,True,38.0,1.0,16.0,11.77813953488372,15.751468061668296,6.0,43.0,0.25,684.7896510216616,False,7.532041265804385,True,4.0,2.0,5.0,4149,chunk01
lightglue_only,271,50,4274,18.960849223413444,True,18.0,1.0,2.0,14.845,20.75921356237309,9.0,50.0,0.1875,657.3093286720513,False,18.960849223413444,True,1.0,2.0,18.0,4274,chunk01
lightglue_only,276,50,4399,2.081395031634583,True,30.0,1.0,1.0,19.761764705882356,23.857209820892685,13.0,85.0,0.125,2650.336616009035,False,2.081395031634583,True,1.0,1.0,30.0,4399,chunk01
lightglue_only,281,50,4651,71.91698111836607,False,32.0,1.0,1.0,30.54833333333333,34.608993505113155,23.0,96.0,0.125,1524.9222337367064,False,45.22320051365482,False,32.0,33.0,38.0,4774,chunk01
lightglue_only,286,50,277,1278.1238984230704,False,47.0,1.0,34.0,12.896363636363636,15.271553585351004,7.0,44.0,0.25,2289.23928091932,False,62.08044324373353,False,33.0,40.0,38.0,4648,chunk01
lightglue_only,288,50,2627,997.1755991936808,False,22.0,1.0,10.0,12.891688311688313,18.670892609821976,6.0,77.0,0.25,2255.1539348938527,False,162.36170609886472,False,45.0,42.0,31.0,4401,chunk01
lightglue_only,291,50,3418,807.6477848454399,False,8.0,1.0,2.0,13.21906976744186,19.8403901110015,6.0,86.0,0.25,856.3120010697285,False,195.84393943339256,False,11.0,22.0,25.0,4401,chunk01
lightglue_only,296,50,4384,578.5201804749794,False,11.0,1.0,3.0,12.136363636363637,18.445431703830216,6.0,55.0,0.25,866.6745032772563,False,214.23270813404844,False,32.0,33.0,28.0,4526,chunk01
lightglue_only,300,50,5061,1292.1712185392332,False,14.0,1.0,5.0,12.201052631578948,18.304620083053493,6.0,57.0,0.25,1326.9549189725512,False,226.93049558039985,False,7.0,22.0,31.0,4651,chunk01
lightglue_only,301,50,5061,1293.0025498114594,False,12.0,1.0,5.0,12.3,18.53205080756888,6.0,60.0,0.25,860.137510621392,False,483.1676339771479,False,38.0,18.0,19.0,4410,chunk01
lightglue_only,306,50,5774,24.63318312855205,True,22.0,1.0,1.0,65.15718446601943,70.9363887641531,44.0,412.0,0.375,2161.074873686161,False,24.63318312855205,True,1.0,1.0,22.0,5774,chunk01
lightglue_only,310,50,2251,1285.7579611516478,False,15.0,1.0,5.0,13.777623762376235,19.8268171008592,6.0,101.0,0.25,1111.3233353635364,False,417.1064487647876,False,50.0,42.0,34.0,4402,chunk01
lightglue_only,311,50,2251,1294.538941311317,False,9.0,1.0,3.0,14.730476190476187,21.23047619047619,6.0,126.0,0.25,1120.0668501556247,False,490.40651354349154,False,45.0,43.0,38.0,4151,chunk01
lightglue_only,316,50,2752,1207.1260199251735,False,5.0,1.0,2.0,13.365,20.54828157299975,6.0,100.0,0.1875,1157.9451242733749,False,509.5745479185914,False,50.0,50.0,49.0,4276,chunk01
lightglue_only,321,50,5899,105.5549280085642,False,28.0,1.0,9.0,13.74,17.873893419027684,6.0,100.0,0.25,687.2263923701967,False,105.5549280085642,False,1.0,9.0,28.0,5899,chunk01
lightglue_only,326,50,3546,1122.568476879796,False,46.0,1.0,10.0,13.908421052631578,17.79307278956096,7.0,76.0,0.25,2161.826138106501,False,620.5165660586805,False,40.0,25.0,20.0,4276,chunk01
lightglue_only,331,50,8222,2570.7580029101096,False,19.0,1.0,6.0,13.0,18.87649440322337,6.0,80.0,0.25,1382.3732683975722,False,641.2800956692893,False,14.0,11.0,20.0,4911,chunk01
lightglue_only,336,50,2503,1404.2872168079246,False,42.0,1.0,8.0,13.62929906542056,17.555119165193112,6.0,107.0,0.1875,1348.555555575376,False,597.7582675304543,False,44.0,42.0,41.0,8163,chunk01
lightglue_only,341,50,3669,1037.3028289000156,False,12.0,1.0,3.0,13.07268292682927,19.304733734398148,6.0,82.0,0.25,2100.953644947774,False,582.1552801675982,False,14.0,39.0,47.0,8288,chunk01
lightglue_only,346,50,3672,1063.7148498834954,False,32.0,1.0,10.0,12.409324324324324,16.469984496104146,6.0,74.0,0.1875,2041.6703323527777,False,554.6601032038253,False,36.0,33.0,28.0,8412,chunk01
lightglue_only,350,50,3764,993.0227765219356,False,19.0,1.0,8.0,12.82,17.19649440322337,6.0,75.0,0.25,1206.6462747071005,False,384.5665590022211,False,17.0,28.0,36.0,5772,chunk01
lightglue_only,351,50,4535,627.9972278370399,False,6.0,1.0,4.0,12.60782608695652,19.5573158297397,6.0,69.0,0.25,910.8583666707729,False,393.5587273608841,False,39.0,38.0,34.0,5772,chunk01
lightglue_only,356,50,3253,1397.805465248461,False,41.0,1.0,16.0,13.0,16.937042571331638,6.0,80.0,0.25,554.4212023113366,False,411.89044523211135,False,42.0,47.0,45.0,5773,chunk01
lightglue_only,361,50,3640,1077.0301082074643,False,29.0,1.0,6.0,15.495294117647058,19.60946614670937,7.0,119.0,0.25,1562.1271902949163,False,453.29333010163214,False,30.0,37.0,30.0,8287,chunk01
lightglue_only,366,50,5707,1645.7971828766897,False,11.0,1.0,4.0,14.08567901234568,20.394747079812262,7.0,81.0,0.25,1580.4337414301965,False,448.17430388885873,False,37.0,24.0,16.0,8288,chunk01
lightglue_only,371,50,5708,1620.7077590469669,False,13.0,1.0,9.0,12.81,18.97410058867569,6.0,64.0,0.3125,1203.7541955446716,False,441.5170975870403,False,20.0,41.0,43.0,8288,chunk01
lightglue_only,376,50,6666,67.18200454558054,False,8.0,1.0,1.0,38.61997076023392,46.74129110379357,28.0,171.0,0.1875,1165.4147647181148,False,33.46243989006533,True,2.0,2.0,2.0,6665,chunk01
lightglue_only,381,50,6667,42.33542247938391,False,4.0,1.0,1.0,20.132328767123287,29.132328767123287,13.0,73.0,0.25,1186.5853465118691,False,12.864052687397322,True,20.0,16.0,14.0,6666,chunk01
lightglue_only,386,50,5069,1033.7617045909224,False,7.0,1.0,4.0,13.182352941176472,19.95013977923184,6.0,85.0,0.25,1739.9983143190402,False,437.896731514097,False,15.0,33.0,44.0,8163,chunk01
lightglue_only,387,50,6668,11.455529190090122,True,4.0,1.0,1.0,33.990425531914894,42.990425531914894,20.0,235.0,0.375,1749.5043032384565,False,11.455529190090122,True,1.0,1.0,4.0,6668,chunk01
lightglue_only,391,50,3667,852.193658084036,False,39.0,1.0,11.0,13.97897435897436,17.939743281804883,7.0,78.0,0.25,1468.6284335990222,False,494.57966940539086,False,4.0,7.0,15.0,8288,chunk01
lightglue_only,396,50,3447,1291.1630084054386,False,26.0,1.0,9.0,12.991666666666667,17.16836347749577,6.0,90.0,0.1875,704.6446259973131,False,511.605741173548,False,24.0,8.0,7.0,5163,chunk01
lightglue_plus_union_prior,186,50,1648,24.116585303341022,True,4.0,1.0,1.0,89.98674518201285,97.48674518201284,65.0,467.0,0.625,688.8220228064212,False,24.116585303341022,True,1.0,1.0,4.0,1648,chunk01
lightglue_plus_union_prior,191,50,1648,23.223608820880912,True,34.0,1.0,1.0,110.60378787878788,114.63277938964292,84.0,495.0,0.6875,684.0281076530047,False,23.223608820880912,True,1.0,1.0,34.0,1648,chunk01
lightglue_plus_union_prior,196,50,1773,29.408003084881145,True,1.0,1.0,1.0,92.20714285714286,104.20714285714286,69.0,420.0,0.625,29.408003084881145,True,29.408003084881145,True,1.0,1.0,1.0,1773,chunk01
lightglue_plus_union_prior,201,50,1773,23.67719489349913,True,2.0,1.0,1.0,99.67237623762377,109.91501692474306,77.0,404.0,0.625,819.5605922020729,False,23.67719489349913,True,1.0,1.0,2.0,1773,chunk01
lightglue_plus_union_prior,206,50,1773,24.20512488938083,True,2.0,1.0,1.0,81.00156424581004,91.24420493292934,61.0,358.0,0.5,817.2706479211315,False,24.20512488938083,True,1.0,1.0,2.0,1773,chunk01
lightglue_plus_union_prior,211,50,1898,26.97018565271046,True,10.0,1.0,1.0,84.11580865603645,90.51317525213749,61.0,439.0,0.5,807.5328667783117,False,26.97018565271046,True,1.0,1.0,10.0,1898,chunk01
lightglue_plus_union_prior,216,50,2023,23.8045294338649,True,50.0,1.0,1.0,97.00802575107296,99.35655388849682,72.0,466.0,0.625,1772.6590522852166,False,23.8045294338649,True,1.0,1.0,50.0,2023,chunk01
lightglue_plus_union_prior,221,50,6573,2110.4768372652848,False,1.0,40.0,1.0,10.096428571428572,22.09642857142857,5.0,35.0,0.1875,2110.4768372652848,False,372.4751454628172,False,2.0,32.0,50.0,902,chunk01
lightglue_plus_union_prior,226,50,4913,866.3583299619444,False,1.0,4.0,1.0,11.574795918367348,23.574795918367347,6.0,49.0,0.1875,866.3583299619444,False,355.40928138964125,False,25.0,46.0,44.0,1152,chunk01
lightglue_plus_union_prior,231,50,3545,785.2667667704079,False,1.0,37.0,1.0,10.247358490566038,22.24735849056604,5.0,53.0,0.125,785.2667667704079,False,413.26206400920375,False,31.0,31.0,34.0,4026,chunk01
lightglue_plus_union_prior,236,50,5186,1454.8874457642476,False,1.0,13.0,1.0,11.139117647058823,23.139117647058825,5.0,68.0,0.1875,1454.8874457642476,False,365.9454500380948,False,4.0,17.0,36.0,3641,chunk01
lightglue_plus_union_prior,241,50,6086,2328.826169995732,False,1.0,43.0,1.0,10.471428571428572,22.47142857142857,5.0,35.0,0.25,2328.826169995732,False,330.87387904786203,False,36.0,15.0,10.0,3641,chunk01
lightglue_plus_union_prior,246,50,2626,813.8614075701851,False,1.0,33.0,1.0,11.139193548387096,23.139193548387095,6.0,31.0,0.1875,813.8614075701851,False,280.2443674368063,False,36.0,44.0,31.0,4151,chunk01
lightglue_plus_union_prior,251,50,3398,33.83656940906231,True,6.0,1.0,1.0,63.3940861618799,70.34357590466307,43.0,383.0,0.4375,54.018366022810696,False,5.234032282158039,True,2.0,2.0,4.0,3399,chunk01
lightglue_plus_union_prior,256,50,3648,38.5941965456148,True,2.0,1.0,1.0,34.55437869822485,44.797019385344136,23.0,169.0,0.375,18.74761651796645,True,16.2475356965014,True,9.0,8.0,5.0,3524,chunk01
lightglue_plus_union_prior,259,50,3776,73.50896223686094,False,31.0,1.0,1.0,31.40754901960784,35.48518083176849,19.0,204.0,0.3125,39.31594716899188,True,19.85008059085271,True,4.0,4.0,2.0,3774,chunk01
lightglue_plus_union_prior,261,50,3898,46.68717214122272,False,1.0,1.0,1.0,20.07673913043478,32.07673913043478,12.0,92.0,0.3125,46.68717214122272,False,3.173043086197424,True,13.0,7.0,4.0,3774,chunk01
lightglue_plus_union_prior,266,50,4023,35.430535882178944,True,2.0,1.0,1.0,18.70971830985916,28.95235899697844,11.0,71.0,0.375,8.73182821171255,True,8.73182821171255,True,39.0,2.0,1.0,4024,chunk01
lightglue_plus_union_prior,269,50,3543,684.7896510216616,False,1.0,9.0,1.0,10.925384615384615,22.925384615384612,6.0,39.0,0.125,684.7896510216616,False,7.532041265804385,True,4.0,2.0,5.0,4149,chunk01
lightglue_plus_union_prior,271,50,3542,657.3093286720513,False,1.0,44.0,1.0,9.57074074074074,21.57074074074074,5.0,27.0,0.125,657.3093286720513,False,18.960849223413444,True,1.0,2.0,18.0,4274,chunk01
lightglue_plus_union_prior,276,50,4399,2.081395031634583,True,30.0,1.0,1.0,19.761764705882356,23.857209820892685,13.0,85.0,0.125,2650.336616009035,False,2.081395031634583,True,1.0,1.0,30.0,4399,chunk01
lightglue_plus_union_prior,281,50,4651,71.91698111836607,False,32.0,1.0,1.0,30.54833333333333,34.608993505113155,23.0,96.0,0.125,1524.9222337367064,False,45.22320051365482,False,32.0,33.0,38.0,4774,chunk01
lightglue_plus_union_prior,286,50,5964,2289.23928091932,False,1.0,6.0,1.0,11.805454545454545,23.805454545454545,6.0,44.0,0.25,2289.23928091932,False,62.08044324373353,False,33.0,40.0,38.0,4648,chunk01
lightglue_plus_union_prior,288,50,6088,2255.1539348938527,False,1.0,38.0,1.0,10.197820512820511,22.197820512820517,5.0,39.0,0.1875,2255.1539348938527,False,162.36170609886472,False,45.0,42.0,31.0,4401,chunk01
lightglue_plus_union_prior,291,50,3294,856.3120010697285,False,1.0,19.0,1.0,11.30258064516129,23.30258064516129,5.0,62.0,0.25,856.3120010697285,False,195.84393943339256,False,11.0,22.0,25.0,4401,chunk01
lightglue_plus_union_prior,296,50,3419,866.6745032772563,False,1.0,11.0,1.0,10.997358490566038,22.99735849056604,5.0,53.0,0.25,866.6745032772563,False,214.23270813404844,False,32.0,33.0,28.0,4526,chunk01
lightglue_plus_union_prior,300,50,5062,1326.9549189725512,False,1.0,5.0,1.0,11.729444444444445,23.729444444444447,6.0,54.0,0.1875,1326.9549189725512,False,226.93049558039985,False,7.0,22.0,31.0,4651,chunk01
lightglue_plus_union_prior,301,50,3669,860.137510621392,False,1.0,25.0,1.0,10.313636363636364,22.313636363636363,5.0,55.0,0.125,860.137510621392,False,483.1676339771479,False,38.0,18.0,19.0,4410,chunk01
lightglue_plus_union_prior,306,50,5774,24.63318312855205,True,22.0,1.0,1.0,65.15718446601943,70.9363887641531,44.0,412.0,0.375,2161.074873686161,False,24.63318312855205,True,1.0,1.0,22.0,5774,chunk01
lightglue_plus_union_prior,310,50,2754,1111.3233353635364,False,1.0,17.0,1.0,12.284719101123596,24.2847191011236,5.0,89.0,0.25,1111.3233353635364,False,417.1064487647876,False,50.0,42.0,34.0,4402,chunk01
lightglue_plus_union_prior,311,50,2754,1120.0668501556247,False,1.0,19.0,1.0,11.99669014084507,23.996690140845068,5.0,71.0,0.3125,1120.0668501556247,False,490.40651354349154,False,45.0,43.0,38.0,4151,chunk01
lightglue_plus_union_prior,316,50,2878,1157.9451242733749,False,1.0,42.0,1.0,10.65537037037037,21.15537037037037,5.0,54.0,0.1875,1157.9451242733749,False,509.5745479185914,False,50.0,50.0,49.0,4276,chunk01
lightglue_plus_union_prior,321,50,8162,687.2263923701967,False,1.0,40.0,1.0,10.868163265306125,22.868163265306123,5.0,49.0,0.25,687.2263923701967,False,105.5549280085642,False,1.0,9.0,28.0,5899,chunk01
lightglue_plus_union_prior,326,50,5961,2161.826138106501,False,1.0,39.0,1.0,10.339545454545457,22.33954545454545,5.0,44.0,0.1875,2161.826138106501,False,620.5165660586805,False,40.0,25.0,20.0,4276,chunk01
lightglue_plus_union_prior,331,50,5187,1382.3732683975722,False,1.0,23.0,1.0,11.068030303030303,23.068030303030305,5.0,66.0,0.1875,1382.3732683975722,False,641.2800956692893,False,14.0,11.0,20.0,4911,chunk01
lightglue_plus_union_prior,336,50,5187,1348.555555575376,False,1.0,30.0,1.0,10.755877192982457,22.755877192982457,5.0,57.0,0.1875,1348.555555575376,False,597.7582675304543,False,44.0,42.0,41.0,8163,chunk01
lightglue_plus_union_prior,341,50,6087,2100.953644947774,False,1.0,38.0,1.0,10.339545454545457,22.33954545454545,5.0,44.0,0.1875,2100.953644947774,False,582.1552801675982,False,14.0,39.0,47.0,8288,chunk01
lightglue_plus_union_prior,346,50,5313,1259.644753378427,False,4.0,4.0,1.0,11.833333333333334,19.333333333333336,6.0,45.0,0.25,2041.6703323527777,False,554.6601032038253,False,36.0,33.0,28.0,8412,chunk01
lightglue_plus_union_prior,350,50,5062,1206.6462747071005,False,1.0,5.0,1.0,11.858793103448276,23.85879310344828,6.0,58.0,0.1875,1206.6462747071005,False,384.5665590022211,False,17.0,28.0,36.0,5772,chunk01
lightglue_plus_union_prior,351,50,3792,910.8583666707729,False,1.0,23.0,1.0,10.722142857142856,22.722142857142856,5.0,56.0,0.1875,910.8583666707729,False,393.5587273608841,False,39.0,38.0,34.0,5772,chunk01
lightglue_plus_union_prior,356,50,4786,554.4212023113366,False,1.0,29.0,1.0,10.714545454545457,22.71454545454545,5.0,44.0,0.25,554.4212023113366,False,411.89044523211135,False,42.0,47.0,45.0,5773,chunk01
lightglue_plus_union_prior,361,50,2752,1562.1271902949163,False,1.0,6.0,1.0,12.3,24.3,6.0,60.0,0.25,1562.1271902949163,False,453.29333010163214,False,30.0,37.0,30.0,8287,chunk01
lightglue_plus_union_prior,366,50,4786,537.5165107296407,False,2.0,6.0,1.0,12.991666666666667,23.23430735378595,6.0,90.0,0.1875,1580.4337414301965,False,448.17430388885873,False,37.0,24.0,16.0,8288,chunk01
lightglue_plus_union_prior,371,50,3514,1203.7541955446716,False,1.0,8.0,1.0,12.02595238095238,24.025952380952383,6.0,63.0,0.1875,1203.7541955446716,False,441.5170975870403,False,20.0,41.0,43.0,8288,chunk01
lightglue_plus_union_prior,376,50,6666,67.18200454558054,False,8.0,1.0,1.0,38.61997076023392,46.74129110379357,28.0,171.0,0.1875,1165.4147647181148,False,33.46243989006533,True,2.0,2.0,2.0,6665,chunk01
lightglue_plus_union_prior,381,50,6667,42.33542247938391,False,4.0,1.0,1.0,20.132328767123287,29.132328767123287,13.0,73.0,0.25,1186.5853465118691,False,12.864052687397322,True,20.0,16.0,14.0,6666,chunk01
lightglue_plus_union_prior,386,50,2878,1739.9983143190402,False,1.0,19.0,1.0,11.40537037037037,23.40537037037037,5.0,54.0,0.3125,1739.9983143190402,False,437.896731514097,False,15.0,33.0,44.0,8163,chunk01
lightglue_plus_union_prior,387,50,6668,11.455529190090122,True,4.0,1.0,1.0,33.990425531914894,42.990425531914894,20.0,235.0,0.375,1749.5043032384565,False,11.455529190090122,True,1.0,1.0,4.0,6668,chunk01
lightglue_plus_union_prior,391,50,6086,1468.6284335990222,False,1.0,37.0,1.0,10.495555555555557,22.495555555555555,5.0,36.0,0.25,1468.6284335990222,False,494.57966940539086,False,4.0,7.0,15.0,8288,chunk01
lightglue_plus_union_prior,396,50,5187,704.6446259973131,False,1.0,2.0,1.0,12.40095238095238,24.400952380952383,6.0,63.0,0.25,704.6446259973131,False,511.605741173548,False,24.0,8.0,7.0,5163,chunk01
union_rank_only,401,50,5187,657.8984952117341,False,1.0,6.0,1.0,12.395714285714286,24.395714285714284,6.0,84.0,0.125,657.8984952117341,False,528.848159013756,False,12.0,21.0,28.0,5055,chunk02
union_rank_only,405,50,5188,647.6738115691833,False,1.0,5.0,1.0,12.714019607843136,24.71401960784313,7.0,51.0,0.1875,647.6738115691833,False,506.8425549936312,False,20.0,27.0,33.0,5055,chunk02
union_rank_only,406,50,5188,638.7522065909018,False,1.0,48.0,1.0,9.822820512820511,21.822820512820517,5.0,39.0,0.125,638.7522065909018,False,516.6511969580483,False,34.0,31.0,34.0,5056,chunk02
union_rank_only,411,50,2752,2032.3149902408163,False,1.0,4.0,1.0,12.367096774193548,24.36709677419355,6.0,62.0,0.25,2032.3149902408163,False,570.7252416949391,False,15.0,30.0,37.0,5313,chunk02
union_rank_only,416,50,2753,2053.2500309185525,False,1.0,30.0,2.0,11.30258064516129,23.30258064516129,5.0,62.0,0.25,2053.2500309185525,False,528.3118396936975,False,37.0,36.0,26.0,5313,chunk02
union_rank_only,421,50,2751,2160.752353304291,False,1.0,5.0,1.0,12.60782608695652,24.60782608695652,6.0,69.0,0.25,2160.752353304291,False,520.3860503237428,False,36.0,47.0,44.0,5188,chunk02
union_rank_only,426,50,2752,2180.351965591429,False,1.0,28.0,1.0,11.267868852459015,23.267868852459017,5.0,61.0,0.25,2180.351965591429,False,507.3338449905406,False,16.0,28.0,26.0,5189,chunk02
union_rank_only,431,50,3766,1668.6383957276478,False,1.0,1.0,1.0,13.818333333333332,25.81833333333333,7.0,84.0,0.1875,1668.6383957276478,False,604.0953093449966,False,12.0,29.0,34.0,5069,chunk02
union_rank_only,434,50,4393,1559.960669513792,False,1.0,39.0,1.0,10.6,22.6,5.0,40.0,0.25,1559.960669513792,False,835.789434586253,False,11.0,18.0,19.0,8163,chunk02
union_rank_only,436,50,2878,2236.1388877053864,False,1.0,46.0,2.0,9.698235294117648,20.198235294117648,5.0,34.0,0.125,2236.1388877053864,False,561.5194672888637,False,6.0,17.0,37.0,5195,chunk02
union_rank_only,441,50,2753,2304.696419293574,False,1.0,7.0,1.0,11.666538461538462,22.16653846153846,6.0,52.0,0.1875,2304.696419293574,False,507.7740478163093,False,5.0,16.0,41.0,5055,chunk02
union_rank_only,446,50,4669,867.7341459538661,False,1.0,33.0,1.0,10.120555555555557,20.620555555555555,5.0,36.0,0.1875,867.7341459538661,False,712.0044475311521,False,32.0,16.0,13.0,5832,chunk02
union_rank_only,450,50,2626,2470.6735517745165,False,1.0,49.0,1.0,9.721428571428572,20.22142857142857,5.0,35.0,0.125,2470.6735517745165,False,545.7967539691618,False,13.0,10.0,19.0,4818,chunk02
union_rank_only,451,50,4141,1828.048020392965,False,1.0,18.0,1.0,11.198983050847456,23.198983050847456,5.0,59.0,0.25,1828.048020392965,False,543.1452931635603,False,7.0,24.0,27.0,4818,chunk02
union_rank_only,456,50,2751,2505.688392591206,False,1.0,4.0,1.0,12.37376712328767,22.87376712328767,6.0,73.0,0.1875,2505.688392591206,False,440.7646486659891,False,20.0,11.0,10.0,5187,chunk02
union_rank_only,461,50,5962,746.3268418910778,False,1.0,17.0,1.0,11.267868852459015,23.267868852459017,5.0,61.0,0.25,746.3268418910778,False,239.47967447581703,False,13.0,24.0,38.0,6448,chunk02
union_rank_only,466,50,3253,2370.62053536692,False,1.0,49.0,2.0,9.925,21.925,5.0,25.0,0.1875,2370.62053536692,False,449.9043816786569,False,37.0,19.0,11.0,4818,chunk02
union_rank_only,471,50,2501,2493.409614459741,False,1.0,12.0,1.0,11.949795918367348,23.949795918367347,6.0,49.0,0.25,2493.409614459741,False,257.12423443260707,False,5.0,4.0,17.0,5318,chunk02
union_rank_only,474,50,2752,2419.629893026636,False,1.0,34.0,2.0,10.366666666666667,22.366666666666667,5.0,30.0,0.25,2419.629893026636,False,76.6063358441765,False,1.0,1.0,49.0,6064,chunk02
union_rank_only,476,50,6184,256.59715315267795,False,1.0,26.0,4.0,10.9975,22.9975,5.0,64.0,0.1875,256.59715315267795,False,20.5536231608308,True,2.0,2.0,17.0,6066,chunk02
union_rank_only,481,50,8371,2041.8398723734667,False,1.0,37.0,3.0,10.225,22.225,5.0,40.0,0.1875,2041.8398723734667,False,31.27622673898626,True,1.0,1.0,2.0,5817,chunk02
union_rank_only,482,50,8371,2046.1866502453609,False,1.0,23.0,4.0,10.685116279069767,22.685116279069767,5.0,43.0,0.25,2046.1866502453609,False,31.76542721799197,True,3.0,3.0,5.0,5692,chunk02
union_rank_only,486,50,3923,778.3228240796283,False,1.0,44.0,4.0,10.197820512820511,22.197820512820517,5.0,39.0,0.1875,778.3228240796283,False,29.97380956798691,True,2.0,2.0,2.0,5567,chunk02
union_rank_only,491,50,5313,109.49760986283496,False,1.0,1.0,1.0,48.99808510638298,60.99808510638298,33.0,282.0,0.375,109.49760986283496,False,40.88315772816771,False,3.0,3.0,2.0,5442,chunk02
union_rank_only,494,50,2751,2370.003776516973,False,1.0,5.0,1.0,11.275,23.275,5.0,50.0,0.3125,2370.003776516973,False,48.3373283724192,False,1.0,2.0,40.0,5315,chunk02
union_rank_only,496,50,8538,1373.3046119636097,False,1.0,37.0,1.0,9.994444444444444,21.994444444444444,5.0,45.0,0.125,1373.3046119636097,False,68.05207831090016,False,17.0,35.0,32.0,5068,chunk02
union_rank_only,501,50,8413,1390.78324453099,False,1.0,43.0,4.0,9.906190476190476,21.906190476190478,5.0,42.0,0.125,1390.78324453099,False,8.677926862151223,True,6.0,18.0,38.0,4941,chunk02
union_rank_only,503,50,2878,2265.364289886883,False,1.0,8.0,5.0,11.697830188679246,23.697830188679248,6.0,53.0,0.1875,2265.364289886883,False,31.253458854917834,True,2.0,3.0,35.0,4817,chunk02
union_rank_only,506,50,8288,1408.2991069263044,False,1.0,27.0,5.0,10.799855072463767,22.799855072463767,5.0,69.0,0.125,1408.2991069263044,False,44.99229645606101,False,4.0,4.0,15.0,4817,chunk02
union_rank_only,511,50,6620,1969.6657090049323,False,1.0,21.0,9.0,11.350365853658538,23.350365853658538,6.0,41.0,0.1875,1969.6657090049323,False,12.652706327353478,True,7.0,7.0,47.0,4441,chunk02
union_rank_only,516,50,2938,388.24369307145497,False,1.0,35.0,6.0,10.495555555555557,22.495555555555555,5.0,36.0,0.25,388.24369307145497,False,33.93344802551496,True,1.0,2.0,45.0,4317,chunk02
union_rank_only,521,50,4355,1360.6632553775837,False,1.0,14.0,2.0,11.198983050847456,23.198983050847456,5.0,59.0,0.25,1360.6632553775837,False,37.59273079332692,True,1.0,1.0,21.0,4065,chunk02
union_rank_only,526,50,610,1791.9840233814364,False,1.0,30.0,3.0,10.310116279069767,22.310116279069767,5.0,43.0,0.1875,1791.9840233814364,False,40.430737986077,False,1.0,1.0,3.0,3940,chunk02
union_rank_only,531,50,3815,52.25733266847331,False,1.0,2.0,2.0,59.54563829787234,71.54563829787233,42.0,329.0,0.3125,52.25733266847331,False,36.3730824977982,True,3.0,3.0,5.0,3690,chunk02
union_rank_only,533,50,237,1865.6136395628896,False,1.0,20.0,3.0,10.62780487804878,22.62780487804878,5.0,41.0,0.25,1865.6136395628896,False,70.93889371073242,False,1.0,1.0,2.0,3815,chunk02
union_rank_only,536,50,1447,602.698952912004,False,1.0,7.0,1.0,11.95844262295082,23.95844262295082,6.0,61.0,0.1875,602.698952912004,False,72.57024024045764,False,2.0,2.0,3.0,3690,chunk02
union_rank_only,541,50,1487,1682.6679115693355,False,1.0,2.0,1.0,12.16320895522388,24.16320895522388,6.0,67.0,0.1875,1682.6679115693355,False,127.26164541150614,False,34.0,40.0,45.0,3690,chunk02
union_rank_only,546,50,3065,38.952104710276856,True,1.0,4.0,1.0,98.04066282420747,110.04066282420747,79.0,347.0,0.375,38.952104710276856,True,4.344291767816918,True,3.0,3.0,14.0,3066,chunk02
union_rank_only,551,50,2977,1250.6735961045024,False,1.0,16.0,11.0,12.616666666666667,24.616666666666667,7.0,60.0,0.125,1250.6735961045024,False,19.29194610137268,True,1.0,1.0,23.0,2941,chunk02
union_rank_only,556,50,2974,1146.351016721857,False,1.0,21.0,5.0,11.25364864864865,23.25364864864865,6.0,37.0,0.1875,1146.351016721857,False,28.765244690436067,True,1.0,1.0,47.0,2817,chunk02
union_rank_only,561,50,4629,2233.769617515345,False,1.0,8.0,1.0,11.46888888888889,23.46888888888889,6.0,27.0,0.25,2233.769617515345,False,587.2769731974296,False,15.0,19.0,21.0,4557,chunk02
union_rank_only,564,50,5599,1381.470709577026,False,1.0,19.0,2.0,10.656190476190476,22.656190476190478,5.0,42.0,0.25,1381.470709577026,False,47.86307477668596,False,38.0,21.0,15.0,2942,chunk02
union_rank_only,566,50,5599,1381.0982356595218,False,1.0,6.0,2.0,11.893225806451612,23.89322580645161,7.0,31.0,0.125,1381.0982356595218,False,47.33139978436173,False,33.0,18.0,15.0,2942,chunk02
union_rank_only,571,50,2961,692.2938686618959,False,1.0,36.0,1.0,9.925,21.925,5.0,25.0,0.1875,692.2938686618959,False,18.944645732436346,True,10.0,35.0,46.0,2941,chunk02
union_rank_only,573,50,4504,2220.6429085593422,False,1.0,32.0,1.0,10.015,22.015,5.0,16.0,0.1875,2220.6429085593422,False,616.6947089530771,False,15.0,39.0,50.0,4681,chunk02
union_rank_only,576,50,368,1947.52323609762,False,1.0,50.0,6.0,8.39,20.39,4.0,16.0,0.125,1947.52323609762,False,533.3509578907225,False,39.0,43.0,31.0,2456,chunk02
union_rank_only,577,50,368,1949.4163461478024,False,1.0,21.0,1.0,11.25364864864865,23.25364864864865,6.0,37.0,0.1875,1949.4163461478024,False,535.2635983200925,False,48.0,47.0,33.0,2456,chunk02
union_rank_only,581,50,368,1967.7214688758816,False,1.0,6.0,3.0,14.035652173913045,26.035652173913043,8.0,46.0,0.25,1967.7214688758816,False,553.7668739724363,False,37.0,43.0,34.0,2456,chunk02
union_rank_only,586,50,243,2022.8739720310684,False,1.0,2.0,1.0,15.878333333333334,27.87833333333333,10.0,48.0,0.1875,2022.8739720310684,False,511.8771464560593,False,45.0,34.0,16.0,1185,chunk02
union_rank_only,591,50,6538,1327.7703099888802,False,1.0,38.0,3.0,10.312631578947368,22.312631578947368,5.0,19.0,0.25,1327.7703099888802,False,278.6999860848295,False,48.0,4.0,2.0,2930,chunk02
lightglue_only,401,50,5313,663.4804578594518,False,23.0,1.0,13.0,12.96379746835443,17.21488395269688,6.0,79.0,0.25,657.8984952117341,False,528.848159013756,False,12.0,21.0,28.0,5055,chunk02
lightglue_only,405,50,5313,625.1658393991254,False,32.0,1.0,7.0,14.995584415584416,19.05624458736424,8.0,77.0,0.25,647.6738115691833,False,506.8425549936312,False,20.0,27.0,33.0,5055,chunk02
lightglue_only,406,50,8412,646.8028912740182,False,3.0,1.0,2.0,13.366666666666667,21.33076828180442,6.0,90.0,0.25,638.7522065909018,False,516.6511969580483,False,34.0,31.0,34.0,5056,chunk02
lightglue_only,411,50,8412,688.7157191479201,False,32.0,1.0,16.0,13.036296296296296,17.09695646807612,6.0,81.0,0.25,2032.3149902408163,False,570.7252416949391,False,15.0,30.0,37.0,5313,chunk02
lightglue_only,416,50,4258,1703.252027329223,False,18.0,1.0,7.0,14.411111111111111,18.825324673484207,7.0,90.0,0.25,2053.2500309185525,False,528.3118396936975,False,37.0,36.0,26.0,5313,chunk02
lightglue_only,421,50,8288,727.5535521988422,False,37.0,1.0,11.0,13.195,17.181393923832143,6.0,75.0,0.3125,2160.752353304291,False,520.3860503237428,False,36.0,47.0,44.0,5188,chunk02
lightglue_only,426,50,3766,1617.4017281547488,False,4.0,1.0,4.0,13.53076923076923,21.03076923076923,7.0,65.0,0.25,2180.351965591429,False,507.3338449905406,False,16.0,28.0,26.0,5189,chunk02
lightglue_only,431,50,3766,1668.6383957276478,False,1.0,1.0,1.0,13.818333333333332,25.81833333333333,7.0,84.0,0.1875,1668.6383957276478,False,604.0953093449966,False,12.0,29.0,34.0,5069,chunk02
lightglue_only,434,50,3766,1699.838664161366,False,3.0,1.0,2.0,13.21906976744186,21.18317138257961,6.0,86.0,0.25,1559.960669513792,False,835.789434586253,False,11.0,18.0,19.0,8163,chunk02
lightglue_only,436,50,8288,873.8961894191199,False,12.0,1.0,5.0,12.891688311688313,19.12373911925719,6.0,77.0,0.25,2236.1388877053864,False,561.5194672888637,False,6.0,17.0,37.0,5195,chunk02
lightglue_only,441,50,4913,948.7828120517177,False,50.0,1.0,19.0,13.17763157894737,15.526159716371229,6.0,95.0,0.1875,2304.696419293574,False,507.7740478163093,False,5.0,16.0,41.0,5055,chunk02
lightglue_only,446,50,3639,1903.938192493396,False,47.0,1.0,24.0,13.036296296296296,15.411486245283664,6.0,81.0,0.25,867.7341459538661,False,712.0044475311521,False,32.0,16.0,13.0,5832,chunk02
lightglue_only,450,50,3764,1925.046110335544,False,27.0,1.0,12.0,13.017857142857144,17.1725576812364,6.0,70.0,0.3125,2470.6735517745165,False,545.7967539691618,False,13.0,10.0,19.0,4818,chunk02
lightglue_only,451,50,2876,2448.685347945297,False,20.0,1.0,6.0,12.60782608695652,18.449466873456394,6.0,69.0,0.25,1828.048020392965,False,543.1452931635603,False,7.0,24.0,27.0,4818,chunk02
lightglue_only,456,50,2752,2474.2643153447675,False,9.0,1.0,4.0,13.774016393442622,20.274016393442626,7.0,61.0,0.3125,2505.688392591206,False,440.7646486659891,False,20.0,11.0,10.0,5187,chunk02
lightglue_only,461,50,8412,1146.9508121785357,False,21.0,1.0,10.0,13.12376712328767,17.433074464703626,6.0,73.0,0.3125,746.3268418910778,False,239.47967447581703,False,13.0,24.0,38.0,6448,chunk02
lightglue_only,466,50,3002,2429.15619740105,False,20.0,1.0,8.0,12.81,18.651640786499875,6.0,64.0,0.3125,2370.62053536692,False,449.9043816786569,False,37.0,19.0,11.0,4818,chunk02
lightglue_only,471,50,3766,1875.7884809499592,False,24.0,1.0,10.0,13.734366197183098,17.95911106857469,7.0,71.0,0.25,2493.409614459741,False,257.12423443260707,False,5.0,4.0,17.0,5318,chunk02
lightglue_only,474,50,6064,76.6063358441765,False,49.0,1.0,1.0,71.68169811320756,74.03884097035042,50.0,424.0,0.375,2419.629893026636,False,76.6063358441765,False,1.0,1.0,49.0,6064,chunk02
lightglue_only,476,50,6065,45.66336107214153,False,8.0,1.0,1.0,80.86870203160271,87.49002237516235,58.0,443.0,0.4375,256.59715315267795,False,20.5536231608308,True,2.0,2.0,17.0,6066,chunk02
lightglue_only,481,50,5817,31.27622673898626,True,2.0,1.0,1.0,140.2687431693989,149.0113838565182,111.0,549.0,0.75,2041.8398723734667,False,31.27622673898626,True,1.0,1.0,2.0,5817,chunk02
lightglue_only,482,50,5817,37.35161251206383,True,7.0,1.0,1.0,152.76692585895117,159.53471269700654,124.0,553.0,0.625,2046.1866502453609,False,31.76542721799197,True,3.0,3.0,5.0,5692,chunk02
lightglue_only,486,50,5692,47.24095061103159,False,5.0,1.0,1.0,113.97758620689656,121.16086777989632,90.0,435.0,0.625,778.3228240796283,False,29.97380956798691,True,2.0,2.0,2.0,5567,chunk02
lightglue_only,491,50,5313,109.49760986283496,False,1.0,1.0,1.0,48.99808510638298,60.99808510638298,33.0,282.0,0.375,109.49760986283496,False,40.88315772816771,False,3.0,3.0,2.0,5442,chunk02
lightglue_only,494,50,5315,48.3373283724192,False,40.0,1.0,2.0,16.858827160493828,20.807510458544343,10.0,81.0,0.1875,2370.003776516973,False,48.3373283724192,False,1.0,2.0,40.0,5315,chunk02
lightglue_only,496,50,5188,110.1640994420648,False,4.0,1.0,2.0,12.050384615384615,21.050384615384612,6.0,39.0,0.3125,1373.3046119636097,False,68.05207831090016,False,17.0,35.0,32.0,5068,chunk02
lightglue_only,501,50,4942,32.17269108955491,True,41.0,1.0,1.0,37.37790748898679,41.31495006031842,24.0,227.0,0.3125,1390.78324453099,False,8.677926862151223,True,6.0,18.0,38.0,4941,chunk02
lightglue_only,503,50,4818,66.08700348066233,False,9.0,1.0,1.0,71.00877833753148,77.50877833753148,50.0,397.0,0.4375,2265.364289886883,False,31.253458854917834,True,2.0,3.0,35.0,4817,chunk02
lightglue_only,506,50,4693,66.16138734737686,False,12.0,1.0,1.0,96.36936489607388,102.60141570364276,73.0,433.0,0.5625,1408.2991069263044,False,44.99229645606101,False,4.0,4.0,15.0,4817,chunk02
lightglue_only,511,50,4439,74.2480726997925,False,15.0,1.0,1.0,114.26780885780886,121.81700219629182,92.0,429.0,0.375,1969.6657090049323,False,12.652706327353478,True,7.0,7.0,47.0,4441,chunk02
lightglue_only,516,50,4317,33.93344802551496,True,45.0,1.0,2.0,138.5016225165563,142.39604970755622,114.0,453.0,0.5625,388.24369307145497,False,33.93344802551496,True,1.0,2.0,45.0,4317,chunk02
lightglue_only,521,50,4065,37.59273079332692,True,21.0,1.0,1.0,119.81701793721972,125.62632527863568,95.0,446.0,0.6875,1360.6632553775837,False,37.59273079332692,True,1.0,1.0,21.0,4065,chunk02
lightglue_only,526,50,3940,40.430737986077,False,3.0,1.0,1.0,87.98157068062827,97.44567229576602,67.0,382.0,0.5,1791.9840233814364,False,40.430737986077,False,1.0,1.0,3.0,3940,chunk02
lightglue_only,531,50,3942,79.91959780245337,False,12.0,1.0,1.0,77.59304469273742,83.8250955003063,58.0,358.0,0.4375,52.25733266847331,False,36.3730824977982,True,3.0,3.0,5.0,3690,chunk02
lightglue_only,533,50,3815,70.93889371073242,False,2.0,1.0,1.0,40.96313278008299,51.20577346720227,27.0,241.0,0.3125,1865.6136395628896,False,70.93889371073242,False,1.0,1.0,2.0,3815,chunk02
lightglue_only,536,50,3817,103.53943342147568,False,34.0,1.0,3.0,15.643793103448276,19.67278461430333,9.0,87.0,0.125,602.698952912004,False,72.57024024045764,False,2.0,2.0,3.0,3690,chunk02
lightglue_only,541,50,860,1679.1325821729151,False,42.0,1.0,19.0,12.40095238095238,16.326772480724934,6.0,63.0,0.25,1682.6679115693355,False,127.26164541150614,False,34.0,40.0,45.0,3690,chunk02
lightglue_only,546,50,3067,30.95247939415308,True,46.0,1.0,4.0,100.075,103.9596517369294,82.0,320.0,0.375,38.952104710276856,True,4.344291767816918,True,3.0,3.0,14.0,3066,chunk02
lightglue_only,551,50,2941,19.29194610137268,True,23.0,1.0,1.0,152.1718320610687,159.42291854541114,126.0,524.0,0.375,1250.6735961045024,False,19.29194610137268,True,1.0,1.0,23.0,2941,chunk02
lightglue_only,556,50,2817,28.765244690436067,True,47.0,1.0,1.0,138.13645719489983,142.0116471438872,110.0,549.0,0.5625,1146.351016721857,False,28.765244690436067,True,1.0,1.0,47.0,2817,chunk02
lightglue_only,561,50,243,1950.85761921113,False,44.0,1.0,12.0,14.058333333333334,17.962867367066625,8.0,60.0,0.1875,2233.769617515345,False,587.2769731974296,False,15.0,19.0,21.0,4557,chunk02
lightglue_only,564,50,3085,661.2137645249275,False,2.0,1.0,1.0,25.650957446808512,35.8935981339278,18.0,94.0,0.1875,1381.470709577026,False,47.86307477668596,False,38.0,21.0,15.0,2942,chunk02
lightglue_only,566,50,3085,661.1402736900575,False,3.0,1.0,1.0,25.281491228070177,34.74559284320793,17.0,114.0,0.1875,1381.0982356595218,False,47.33139978436173,False,33.0,18.0,15.0,2942,chunk02
lightglue_only,571,50,4612,1667.914268939475,False,21.0,1.0,4.0,14.121463414634148,19.930770756050105,7.0,82.0,0.25,692.2938686618959,False,18.944645732436346,True,10.0,35.0,46.0,2941,chunk02
lightglue_only,573,50,4925,805.1407528850586,False,27.0,1.0,14.0,11.925,17.579700538379253,6.0,60.0,0.1875,2220.6429085593422,False,616.6947089530771,False,15.0,39.0,50.0,4681,chunk02
lightglue_only,576,50,867,1867.2383094972745,False,8.0,1.0,1.0,17.099814814814813,25.22113515837445,11.0,54.0,0.1875,1947.52323609762,False,533.3509578907225,False,39.0,43.0,31.0,2456,chunk02
lightglue_only,577,50,991,1825.274629817135,False,40.0,1.0,14.0,14.318636363636363,18.26731966168688,7.0,77.0,0.3125,1949.4163461478024,False,535.2635983200925,False,48.0,47.0,33.0,2456,chunk02
lightglue_only,581,50,5740,1893.0035852707224,False,24.0,1.0,1.0,21.526666666666667,27.251411538058257,14.0,84.0,0.25,1967.7214688758816,False,553.7668739724363,False,37.0,43.0,34.0,2456,chunk02
lightglue_only,586,50,618,1985.4910767921067,False,3.0,1.0,2.0,18.15142857142857,27.615530186566325,11.0,77.0,0.25,2022.8739720310684,False,511.8771464560593,False,45.0,34.0,16.0,1185,chunk02
lightglue_only,591,50,6615,2073.991926347587,False,20.0,1.0,1.0,29.871927710843373,34.213568497343246,20.0,166.0,0.125,1327.7703099888802,False,278.6999860848295,False,48.0,4.0,2.0,2930,chunk02
lightglue_plus_union_prior,401,50,5187,657.8984952117341,False,1.0,6.0,1.0,12.395714285714286,24.395714285714284,6.0,84.0,0.125,657.8984952117341,False,528.848159013756,False,12.0,21.0,28.0,5055,chunk02
lightglue_plus_union_prior,405,50,5188,647.6738115691833,False,1.0,5.0,1.0,12.714019607843136,24.71401960784313,7.0,51.0,0.1875,647.6738115691833,False,506.8425549936312,False,20.0,27.0,33.0,5055,chunk02
lightglue_plus_union_prior,406,50,5188,638.7522065909018,False,1.0,48.0,1.0,9.822820512820511,21.822820512820517,5.0,39.0,0.125,638.7522065909018,False,516.6511969580483,False,34.0,31.0,34.0,5056,chunk02
lightglue_plus_union_prior,411,50,2752,2032.3149902408163,False,1.0,4.0,1.0,12.367096774193548,24.36709677419355,6.0,62.0,0.25,2032.3149902408163,False,570.7252416949391,False,15.0,30.0,37.0,5313,chunk02
lightglue_plus_union_prior,416,50,2751,2112.750541084254,False,2.0,4.0,1.0,13.145714285714286,23.388354972833568,6.0,84.0,0.25,2053.2500309185525,False,528.3118396936975,False,37.0,36.0,26.0,5313,chunk02
lightglue_plus_union_prior,421,50,2751,2160.752353304291,False,1.0,5.0,1.0,12.60782608695652,24.60782608695652,6.0,69.0,0.25,2160.752353304291,False,520.3860503237428,False,36.0,47.0,44.0,5188,chunk02
lightglue_plus_union_prior,426,50,2752,2180.351965591429,False,1.0,28.0,1.0,11.267868852459015,23.267868852459017,5.0,61.0,0.25,2180.351965591429,False,507.3338449905406,False,16.0,28.0,26.0,5189,chunk02
lightglue_plus_union_prior,431,50,3766,1668.6383957276478,False,1.0,1.0,1.0,13.818333333333332,25.81833333333333,7.0,84.0,0.1875,1668.6383957276478,False,604.0953093449966,False,12.0,29.0,34.0,5069,chunk02
lightglue_plus_union_prior,434,50,4393,1559.960669513792,False,1.0,39.0,1.0,10.6,22.6,5.0,40.0,0.25,1559.960669513792,False,835.789434586253,False,11.0,18.0,19.0,8163,chunk02
lightglue_plus_union_prior,436,50,3766,1720.65961224201,False,2.0,8.0,1.0,12.128636363636364,20.871277050755648,6.0,66.0,0.1875,2236.1388877053864,False,561.5194672888637,False,6.0,17.0,37.0,5195,chunk02
lightglue_plus_union_prior,441,50,2753,2304.696419293574,False,1.0,7.0,1.0,11.666538461538462,22.16653846153846,6.0,52.0,0.1875,2304.696419293574,False,507.7740478163093,False,5.0,16.0,41.0,5055,chunk02
lightglue_plus_union_prior,446,50,4669,867.7341459538661,False,1.0,33.0,1.0,10.120555555555557,20.620555555555555,5.0,36.0,0.1875,867.7341459538661,False,712.0044475311521,False,32.0,16.0,13.0,5832,chunk02
lightglue_plus_union_prior,450,50,2626,2470.6735517745165,False,1.0,49.0,1.0,9.721428571428572,20.22142857142857,5.0,35.0,0.125,2470.6735517745165,False,545.7967539691618,False,13.0,10.0,19.0,4818,chunk02
lightglue_plus_union_prior,451,50,4141,1828.048020392965,False,1.0,18.0,1.0,11.198983050847456,23.198983050847456,5.0,59.0,0.25,1828.048020392965,False,543.1452931635603,False,7.0,24.0,27.0,4818,chunk02
lightglue_plus_union_prior,456,50,2751,2505.688392591206,False,1.0,4.0,1.0,12.37376712328767,22.87376712328767,6.0,73.0,0.1875,2505.688392591206,False,440.7646486659891,False,20.0,11.0,10.0,5187,chunk02
lightglue_plus_union_prior,461,50,5962,746.3268418910778,False,1.0,17.0,1.0,11.267868852459015,23.267868852459017,5.0,61.0,0.25,746.3268418910778,False,239.47967447581703,False,13.0,24.0,38.0,6448,chunk02
lightglue_plus_union_prior,466,50,2626,2503.055905042585,False,2.0,19.0,1.0,11.729444444444445,21.97208513156373,6.0,54.0,0.1875,2370.62053536692,False,449.9043816786569,False,37.0,19.0,11.0,4818,chunk02
lightglue_plus_union_prior,471,50,2501,2493.409614459741,False,1.0,12.0,1.0,11.949795918367348,23.949795918367347,6.0,49.0,0.25,2493.409614459741,False,257.12423443260707,False,5.0,4.0,17.0,5318,chunk02
lightglue_plus_union_prior,474,50,6064,76.6063358441765,False,49.0,1.0,1.0,71.68169811320756,74.03884097035042,50.0,424.0,0.375,2419.629893026636,False,76.6063358441765,False,1.0,1.0,49.0,6064,chunk02
lightglue_plus_union_prior,476,50,6065,45.66336107214153,False,8.0,1.0,1.0,80.86870203160271,87.49002237516235,58.0,443.0,0.4375,256.59715315267795,False,20.5536231608308,True,2.0,2.0,17.0,6066,chunk02
lightglue_plus_union_prior,481,50,5817,31.27622673898626,True,2.0,1.0,1.0,140.2687431693989,149.0113838565182,111.0,549.0,0.75,2041.8398723734667,False,31.27622673898626,True,1.0,1.0,2.0,5817,chunk02
lightglue_plus_union_prior,482,50,5817,37.35161251206383,True,7.0,1.0,1.0,152.76692585895117,159.53471269700654,124.0,553.0,0.625,2046.1866502453609,False,31.76542721799197,True,3.0,3.0,5.0,5692,chunk02
lightglue_plus_union_prior,486,50,5692,47.24095061103159,False,5.0,1.0,1.0,113.97758620689656,121.16086777989632,90.0,435.0,0.625,778.3228240796283,False,29.97380956798691,True,2.0,2.0,2.0,5567,chunk02
lightglue_plus_union_prior,491,50,5313,109.49760986283496,False,1.0,1.0,1.0,48.99808510638298,60.99808510638298,33.0,282.0,0.375,109.49760986283496,False,40.88315772816771,False,3.0,3.0,2.0,5442,chunk02
lightglue_plus_union_prior,494,50,2751,2370.003776516973,False,1.0,5.0,1.0,11.275,23.275,5.0,50.0,0.3125,2370.003776516973,False,48.3373283724192,False,1.0,2.0,40.0,5315,chunk02
lightglue_plus_union_prior,496,50,8538,1373.3046119636097,False,1.0,37.0,1.0,9.994444444444444,21.994444444444444,5.0,45.0,0.125,1373.3046119636097,False,68.05207831090016,False,17.0,35.0,32.0,5068,chunk02
lightglue_plus_union_prior,501,50,4942,32.17269108955491,True,41.0,1.0,1.0,37.37790748898679,41.31495006031842,24.0,227.0,0.3125,1390.78324453099,False,8.677926862151223,True,6.0,18.0,38.0,4941,chunk02
lightglue_plus_union_prior,503,50,4818,66.08700348066233,False,9.0,1.0,1.0,71.00877833753148,77.50877833753148,50.0,397.0,0.4375,2265.364289886883,False,31.253458854917834,True,2.0,3.0,35.0,4817,chunk02
lightglue_plus_union_prior,506,50,4693,66.16138734737686,False,12.0,1.0,1.0,96.36936489607388,102.60141570364276,73.0,433.0,0.5625,1408.2991069263044,False,44.99229645606101,False,4.0,4.0,15.0,4817,chunk02
lightglue_plus_union_prior,511,50,4439,74.2480726997925,False,15.0,1.0,1.0,114.26780885780886,121.81700219629182,92.0,429.0,0.375,1969.6657090049323,False,12.652706327353478,True,7.0,7.0,47.0,4441,chunk02
lightglue_plus_union_prior,516,50,4315,39.32744336246605,True,2.0,2.0,1.0,138.12434537246048,148.36698605957977,114.0,443.0,0.5625,388.24369307145497,False,33.93344802551496,True,1.0,2.0,45.0,4317,chunk02
lightglue_plus_union_prior,521,50,4065,37.59273079332692,True,21.0,1.0,1.0,119.81701793721972,125.62632527863568,95.0,446.0,0.6875,1360.6632553775837,False,37.59273079332692,True,1.0,1.0,21.0,4065,chunk02
lightglue_plus_union_prior,526,50,3940,40.430737986077,False,3.0,1.0,1.0,87.98157068062827,97.44567229576602,67.0,382.0,0.5,1791.9840233814364,False,40.430737986077,False,1.0,1.0,3.0,3940,chunk02
lightglue_plus_union_prior,531,50,3942,79.91959780245337,False,12.0,1.0,1.0,77.59304469273742,83.8250955003063,58.0,358.0,0.4375,52.25733266847331,False,36.3730824977982,True,3.0,3.0,5.0,3690,chunk02
lightglue_plus_union_prior,533,50,3815,70.93889371073242,False,2.0,1.0,1.0,40.96313278008299,51.20577346720227,27.0,241.0,0.3125,1865.6136395628896,False,70.93889371073242,False,1.0,1.0,2.0,3815,chunk02
lightglue_plus_union_prior,536,50,1447,602.698952912004,False,1.0,7.0,1.0,11.95844262295082,23.95844262295082,6.0,61.0,0.1875,602.698952912004,False,72.57024024045764,False,2.0,2.0,3.0,3690,chunk02
lightglue_plus_union_prior,541,50,1487,1682.6679115693355,False,1.0,2.0,1.0,12.16320895522388,24.16320895522388,6.0,67.0,0.1875,1682.6679115693355,False,127.26164541150614,False,34.0,40.0,45.0,3690,chunk02
lightglue_plus_union_prior,546,50,3065,38.952104710276856,True,1.0,4.0,1.0,98.04066282420747,110.04066282420747,79.0,347.0,0.375,38.952104710276856,True,4.344291767816918,True,3.0,3.0,14.0,3066,chunk02
lightglue_plus_union_prior,551,50,2941,19.29194610137268,True,23.0,1.0,1.0,152.1718320610687,159.42291854541114,126.0,524.0,0.375,1250.6735961045024,False,19.29194610137268,True,1.0,1.0,23.0,2941,chunk02
lightglue_plus_union_prior,556,50,2817,28.765244690436067,True,47.0,1.0,1.0,138.13645719489983,142.0116471438872,110.0,549.0,0.5625,1146.351016721857,False,28.765244690436067,True,1.0,1.0,47.0,2817,chunk02
lightglue_plus_union_prior,561,50,4629,2233.769617515345,False,1.0,8.0,1.0,11.46888888888889,23.46888888888889,6.0,27.0,0.25,2233.769617515345,False,587.2769731974296,False,15.0,19.0,21.0,4557,chunk02
lightglue_plus_union_prior,564,50,3085,661.2137645249275,False,2.0,1.0,1.0,25.650957446808512,35.8935981339278,18.0,94.0,0.1875,1381.470709577026,False,47.86307477668596,False,38.0,21.0,15.0,2942,chunk02
lightglue_plus_union_prior,566,50,3085,661.1402736900575,False,3.0,1.0,1.0,25.281491228070177,34.74559284320793,17.0,114.0,0.1875,1381.0982356595218,False,47.33139978436173,False,33.0,18.0,15.0,2942,chunk02
lightglue_plus_union_prior,571,50,2961,692.2938686618959,False,1.0,36.0,1.0,9.925,21.925,5.0,25.0,0.1875,692.2938686618959,False,18.944645732436346,True,10.0,35.0,46.0,2941,chunk02
lightglue_plus_union_prior,573,50,4504,2220.6429085593422,False,1.0,32.0,1.0,10.015,22.015,5.0,16.0,0.1875,2220.6429085593422,False,616.6947089530771,False,15.0,39.0,50.0,4681,chunk02
lightglue_plus_union_prior,576,50,867,1867.2383094972745,False,8.0,1.0,1.0,17.099814814814813,25.22113515837445,11.0,54.0,0.1875,1947.52323609762,False,533.3509578907225,False,39.0,43.0,31.0,2456,chunk02
lightglue_plus_union_prior,577,50,368,1949.4163461478024,False,1.0,21.0,1.0,11.25364864864865,23.25364864864865,6.0,37.0,0.1875,1949.4163461478024,False,535.2635983200925,False,48.0,47.0,33.0,2456,chunk02
lightglue_plus_union_prior,581,50,5740,1893.0035852707224,False,24.0,1.0,1.0,21.526666666666667,27.251411538058257,14.0,84.0,0.25,1967.7214688758816,False,553.7668739724363,False,37.0,43.0,34.0,2456,chunk02
lightglue_plus_union_prior,586,50,243,2022.8739720310684,False,1.0,2.0,1.0,15.878333333333334,27.87833333333333,10.0,48.0,0.1875,2022.8739720310684,False,511.8771464560593,False,45.0,34.0,16.0,1185,chunk02
lightglue_plus_union_prior,591,50,6615,2073.991926347587,False,20.0,1.0,1.0,29.871927710843373,34.213568497343246,20.0,166.0,0.125,1327.7703099888802,False,278.6999860848295,False,48.0,4.0,2.0,2930,chunk02
union_rank_only,596,50,944,636.7641900914416,False,1.0,12.0,1.0,11.486739130434785,23.486739130434785,6.0,46.0,0.1875,636.7641900914416,False,203.23023398275845,False,42.0,18.0,15.0,2806,chunk03
union_rank_only,601,50,5484,1828.5037972274613,False,1.0,19.0,1.0,11.063636363636364,23.063636363636363,5.0,55.0,0.25,1828.5037972274613,False,363.0908847605017,False,49.0,10.0,5.0,4180,chunk03
union_rank_only,606,50,3756,1854.266919243125,False,1.0,18.0,1.0,11.685,23.685,6.0,64.0,0.125,1854.266919243125,False,259.74084824622486,False,2.0,19.0,43.0,3804,chunk03
union_rank_only,611,50,4752,1989.9526269698129,False,1.0,39.0,1.0,10.6,22.6,5.0,40.0,0.25,1989.9526269698129,False,236.93884946274804,False,28.0,33.0,25.0,3930,chunk03
union_rank_only,614,50,4502,1944.7778207945853,False,1.0,36.0,1.0,10.688636363636364,22.688636363636363,5.0,55.0,0.1875,1944.7778207945853,False,141.90573834343806,False,25.0,40.0,39.0,3554,chunk03
union_rank_only,616,50,3505,1784.325931274716,False,1.0,29.0,1.0,10.805531914893615,22.805531914893617,5.0,47.0,0.25,1784.325931274716,False,144.73304604901867,False,19.0,14.0,16.0,3302,chunk03
union_rank_only,621,50,4377,1868.1139578408936,False,1.0,16.0,2.0,11.23,23.23,6.0,50.0,0.125,1868.1139578408936,False,92.44761537497416,False,6.0,15.0,27.0,3177,chunk03
union_rank_only,626,50,4377,1818.051313989629,False,1.0,45.0,1.0,10.171315789473685,20.671315789473685,5.0,38.0,0.1875,1818.051313989629,False,78.78194827733044,False,31.0,8.0,6.0,3301,chunk03
union_rank_only,631,50,3252,1739.9867687668204,False,1.0,5.0,1.0,11.782692307692308,22.282692307692308,5.0,65.0,0.3125,1739.9867687668204,False,94.79163479293052,False,41.0,37.0,31.0,3050,chunk03
union_rank_only,636,50,4258,1547.1419084728109,False,1.0,44.0,1.0,10.225,22.225,5.0,40.0,0.1875,1547.1419084728109,False,346.1792932978889,False,33.0,4.0,3.0,3918,chunk03
union_rank_only,641,50,8162,1456.0213159397708,False,1.0,22.0,1.0,11.575,23.575,5.0,80.0,0.1875,1456.0213159397708,False,197.47445916135064,False,49.0,24.0,10.0,3672,chunk03
union_rank_only,646,50,8412,1521.6150692988497,False,1.0,34.0,1.0,10.92758064516129,21.42758064516129,5.0,62.0,0.1875,1521.6150692988497,False,197.53310364683296,False,42.0,43.0,33.0,3672,chunk03
union_rank_only,651,50,8287,1474.4735519347305,False,1.0,5.0,1.0,12.579662921348316,24.57966292134832,6.0,89.0,0.125,1474.4735519347305,False,132.49855233276165,False,17.0,13.0,20.0,3674,chunk03
union_rank_only,653,50,2626,1786.6107952848515,False,1.0,37.0,1.0,10.823983050847456,22.823983050847456,5.0,59.0,0.1875,1786.6107952848515,False,120.87787245715178,False,20.0,18.0,18.0,3674,chunk03
union_rank_only,656,50,2751,1787.0107260101247,False,1.0,42.0,1.0,10.430531914893615,22.430531914893617,5.0,47.0,0.1875,1787.0107260101247,False,105.3387785762027,False,30.0,40.0,35.0,3674,chunk03
union_rank_only,661,50,5962,1367.5127624076506,False,1.0,19.0,2.0,10.868163265306125,22.868163265306123,5.0,49.0,0.25,1367.5127624076506,False,11.734509580388222,True,1.0,1.0,30.0,3802,chunk03
union_rank_only,662,50,5962,1362.0243143481744,False,1.0,15.0,1.0,11.119444444444444,23.119444444444444,5.0,45.0,0.3125,1362.0243143481744,False,521.125929807719,False,8.0,47.0,47.0,5187,chunk03
union_rank_only,666,50,3766,1254.0048667133594,False,1.0,39.0,1.0,10.572820512820511,22.572820512820517,5.0,39.0,0.25,1254.0048667133594,False,637.0400506225287,False,3.0,26.0,43.0,5068,chunk03
union_rank_only,671,50,1834,1305.0219436645154,False,1.0,8.0,2.0,12.104444444444445,24.104444444444447,6.0,54.0,0.25,1305.0219436645154,False,42.99037776620499,False,1.0,1.0,30.0,4301,chunk03
union_rank_only,676,50,1959,1317.8872570893536,False,1.0,7.0,2.0,11.350365853658538,23.350365853658538,6.0,41.0,0.1875,1317.8872570893536,False,32.61777093376354,True,1.0,1.0,14.0,4426,chunk03
union_rank_only,679,50,6736,2146.192225674439,False,1.0,9.0,3.0,11.40313953488372,23.40313953488372,6.0,43.0,0.1875,2146.192225674439,False,32.906823874506344,True,1.0,1.0,4.0,4551,chunk03
union_rank_only,681,50,5962,1276.3634523485616,False,1.0,33.0,2.0,10.380877192982457,22.380877192982457,5.0,57.0,0.125,1276.3634523485616,False,12.786353215978217,True,1.0,1.0,41.0,4677,chunk03
union_rank_only,686,50,4926,40.339585633533474,False,1.0,4.0,3.0,60.06321256038648,72.06321256038648,47.0,207.0,0.3125,40.339585633533474,False,22.45287476101973,True,1.0,1.0,9.0,4927,chunk03
union_rank_only,691,50,6086,1219.0012174747276,False,1.0,36.0,4.0,10.25280487804878,22.25280487804878,5.0,41.0,0.1875,1219.0012174747276,False,4.6438000296141535,True,2.0,3.0,43.0,5052,chunk03
union_rank_only,694,50,1052,1158.015104757689,False,1.0,49.0,2.0,9.85,21.85,5.0,40.0,0.125,1158.015104757689,False,29.202915593833875,True,1.0,1.0,47.0,5302,chunk03
union_rank_only,696,50,3764,1390.238251555366,False,1.0,19.0,1.0,10.9321568627451,22.9321568627451,5.0,51.0,0.25,1390.238251555366,False,122.26901045520027,False,11.0,27.0,27.0,5055,chunk03
union_rank_only,701,50,4632,1588.9410979873862,False,1.0,49.0,3.0,9.796315789473685,21.796315789473685,5.0,38.0,0.125,1588.9410979873862,False,16.819059467666712,True,2.0,2.0,24.0,5552,chunk03
union_rank_only,706,50,5837,1253.5390143862812,False,1.0,17.0,1.0,11.337460317460316,23.33746031746032,5.0,63.0,0.25,1253.5390143862812,False,343.3629473758603,False,44.0,37.0,20.0,6419,chunk03
union_rank_only,710,50,5962,1300.5140809518205,False,1.0,38.0,1.0,10.120555555555557,22.120555555555555,5.0,36.0,0.1875,1300.5140809518205,False,355.3082739793345,False,24.0,28.0,35.0,4544,chunk03
union_rank_only,711,50,5962,1312.307592332791,False,1.0,27.0,1.0,10.310116279069767,22.310116279069767,5.0,43.0,0.1875,1312.307592332791,False,330.9630720192002,False,17.0,29.0,40.0,4545,chunk03
union_rank_only,716,50,5038,374.380529278546,False,1.0,12.0,1.0,10.774782608695652,22.77478260869565,5.0,46.0,0.25,374.380529278546,False,35.43124384411129,True,14.0,4.0,3.0,5672,chunk03
union_rank_only,721,50,5062,576.4496998220663,False,1.0,14.0,1.0,10.805531914893615,22.805531914893617,5.0,47.0,0.25,576.4496998220663,False,21.93932650415363,True,42.0,47.0,28.0,5671,chunk03
union_rank_only,726,50,5667,85.40564001374445,False,1.0,17.0,3.0,11.300384615384615,23.300384615384612,6.0,39.0,0.1875,85.40564001374445,False,18.428240354271765,True,12.0,16.0,28.0,5544,chunk03
union_rank_only,731,50,5792,60.80614135543527,False,1.0,13.0,2.0,10.727142857142857,22.72714285714286,6.0,28.0,0.125,60.80614135543527,False,25.055578298021143,True,30.0,31.0,21.0,5668,chunk03
union_rank_only,736,50,4127,1415.6386044245187,False,1.0,9.0,3.0,10.797272727272729,22.797272727272727,6.0,33.0,0.125,1415.6386044245187,False,13.343481836262256,True,33.0,36.0,25.0,5541,chunk03
union_rank_only,741,50,4126,1391.3388979164083,False,1.0,29.0,6.0,9.925,21.925,5.0,20.0,0.1875,1391.3388979164083,False,14.615556721619264,True,3.0,3.0,22.0,5539,chunk03
union_rank_only,746,50,4000,1377.942772181576,False,1.0,29.0,6.0,9.937631578947368,21.937631578947368,5.0,19.0,0.1875,1377.942772181576,False,22.60426084187642,True,3.0,3.0,5.0,5538,chunk03
union_rank_only,751,50,5038,172.33322411705478,False,1.0,29.0,5.0,9.981470588235291,21.981470588235293,5.0,17.0,0.1875,172.33322411705478,False,30.042106758080088,True,1.0,1.0,11.0,5535,chunk03
union_rank_only,756,50,5188,1015.379897143752,False,1.0,30.0,9.0,10.197820512820511,22.197820512820517,5.0,39.0,0.1875,1015.379897143752,False,13.631969630047587,True,2.0,2.0,2.0,5534,chunk03
union_rank_only,760,50,5533,19.467920772922326,True,1.0,2.0,2.0,92.5117391304348,104.5117391304348,66.0,506.0,0.625,19.467920772922326,True,19.467920772922326,True,2.0,2.0,1.0,5533,chunk03
union_rank_only,761,50,1763,1247.3141875791946,False,1.0,29.0,7.0,9.981470588235291,21.981470588235293,5.0,17.0,0.1875,1247.3141875791946,False,17.362169902700895,True,5.0,5.0,30.0,5408,chunk03
union_rank_only,766,50,5284,41.52041015426622,False,1.0,2.0,2.0,36.93179775280899,48.93179775280899,25.0,178.0,0.375,41.52041015426622,False,8.20593808751478,True,1.0,1.0,39.0,5283,chunk03
union_rank_only,768,50,5284,54.441350514173294,False,1.0,3.0,2.0,12.168571428571427,24.16857142857143,6.0,56.0,0.25,54.441350514173294,False,29.6064565208196,True,1.0,1.0,29.0,5283,chunk03
union_rank_only,771,50,5159,61.68965418800012,False,1.0,3.0,1.0,12.072830188679246,24.072830188679248,6.0,53.0,0.25,61.68965418800012,False,57.07422416392678,False,2.0,3.0,8.0,5034,chunk03
union_rank_only,776,50,5062,1047.6618148880611,False,1.0,23.0,1.0,10.685116279069767,22.685116279069767,5.0,43.0,0.25,1047.6618148880611,False,69.59687346052735,False,20.0,47.0,47.0,4909,chunk03
union_rank_only,781,50,4382,871.7529317127506,False,1.0,14.0,3.0,11.574795918367348,23.574795918367347,6.0,49.0,0.1875,871.7529317127506,False,109.766621617268,False,1.0,2.0,20.0,4660,chunk03
union_rank_only,786,50,4660,120.07811656491988,False,1.0,2.0,2.0,28.273655462184877,40.27365546218488,19.0,119.0,0.3125,120.07811656491988,False,111.12777201477878,False,1.0,1.0,20.0,4535,chunk03
union_rank_only,791,50,5163,325.16710189062707,False,1.0,28.0,1.0,10.430531914893615,22.430531914893617,5.0,47.0,0.1875,325.16710189062707,False,116.05905767934873,False,23.0,6.0,4.0,4410,chunk03
union_rank_only,794,50,5062,1081.5863965322817,False,1.0,37.0,2.0,10.14554054054054,22.14554054054054,5.0,37.0,0.1875,1081.5863965322817,False,130.72266555115496,False,3.0,1.0,2.0,4410,chunk03
union_rank_only,796,50,3667,374.9047164919319,False,1.0,30.0,2.0,10.55258064516129,22.55258064516129,5.0,62.0,0.125,374.9047164919319,False,144.66276448393762,False,7.0,5.0,4.0,4410,chunk03
lightglue_only,596,50,1212,1024.4607131306004,False,25.0,1.0,11.0,13.0,17.2,6.0,80.0,0.25,636.7641900914416,False,203.23023398275845,False,42.0,18.0,15.0,2806,chunk03
lightglue_only,601,50,5619,2168.53906299791,False,36.0,1.0,19.0,12.409324324324324,16.409324324324324,6.0,74.0,0.1875,1828.5037972274613,False,363.0908847605017,False,49.0,10.0,5.0,4180,chunk03
lightglue_only,606,50,5359,1857.788868176612,False,11.0,1.0,7.0,13.209090909090907,19.51815897655749,7.0,55.0,0.25,1854.266919243125,False,259.74084824622486,False,2.0,19.0,43.0,3804,chunk03
lightglue_only,611,50,7796,1363.4392367682572,False,19.0,1.0,8.0,13.782349397590362,19.65884380081373,7.0,83.0,0.1875,1989.9526269698129,False,236.93884946274804,False,28.0,33.0,25.0,3930,chunk03
lightglue_only,614,50,4751,1993.9058038869432,False,34.0,1.0,14.0,13.329662921348316,17.35865443220337,6.0,89.0,0.25,1944.7778207945853,False,141.90573834343806,False,25.0,40.0,39.0,3554,chunk03
lightglue_only,616,50,5407,1048.1769445986592,False,28.0,1.0,10.0,13.844864864864864,17.97875828389255,8.0,37.0,0.25,1784.325931274716,False,144.73304604901867,False,19.0,14.0,16.0,3302,chunk03
lightglue_only,621,50,5407,1002.4366519736012,False,15.0,1.0,4.0,13.84877358490566,18.39796692338863,8.0,53.0,0.1875,1868.1139578408936,False,92.44761537497416,False,6.0,15.0,27.0,3177,chunk03
lightglue_only,626,50,4042,450.24661269373934,False,32.0,1.0,5.0,14.496129032258064,18.556789204037887,8.0,62.0,0.25,1818.051313989629,False,78.78194827733044,False,31.0,8.0,6.0,3301,chunk03
lightglue_only,631,50,4813,572.2641277266958,False,41.0,1.0,27.0,12.84423076923077,15.281273340562404,6.0,65.0,0.3125,1739.9867687668204,False,94.79163479293052,False,41.0,37.0,31.0,3050,chunk03
lightglue_only,636,50,3890,1289.3054954887366,False,49.0,1.0,16.0,14.447692307692307,16.804835164835165,7.0,91.0,0.25,1547.1419084728109,False,346.1792932978889,False,33.0,4.0,3.0,3918,chunk03
lightglue_only,641,50,4150,967.090688962954,False,38.0,1.0,7.0,14.53,18.50332852678457,9.0,32.0,0.1875,1456.0213159397708,False,197.47445916135064,False,49.0,24.0,10.0,3672,chunk03
lightglue_only,646,50,4785,720.6953220749998,False,40.0,1.0,18.0,13.366666666666667,17.315349964717182,6.0,90.0,0.25,1521.6150692988497,False,197.53310364683296,False,42.0,43.0,33.0,3672,chunk03
lightglue_only,651,50,2877,1743.3833178158188,False,14.0,1.0,4.0,13.557352941176472,19.66092039265102,6.0,85.0,0.3125,1474.4735519347305,False,132.49855233276165,False,17.0,13.0,20.0,3674,chunk03
lightglue_only,653,50,4818,683.0758700508133,False,17.0,1.0,4.0,13.665797101449275,19.621010851667272,7.0,69.0,0.25,1786.6107952848515,False,120.87787245715178,False,20.0,18.0,18.0,3674,chunk03
lightglue_only,656,50,8347,2061.391383002983,False,17.0,1.0,4.0,12.914897959183673,18.87011170940167,6.0,98.0,0.125,1787.0107260101247,False,105.3387785762027,False,30.0,40.0,35.0,3674,chunk03
lightglue_only,661,50,3802,11.734509580388222,True,30.0,1.0,1.0,98.67698113207548,102.77242624708582,76.0,424.0,0.5,1367.5127624076506,False,11.734509580388222,True,1.0,1.0,30.0,3802,chunk03
lightglue_only,662,50,8347,2014.8245961389948,False,33.0,1.0,10.0,13.777936507936507,17.822402443670697,8.0,63.0,0.125,1362.0243143481744,False,521.125929807719,False,8.0,47.0,47.0,5187,chunk03
lightglue_only,666,50,2751,1806.932885610433,False,38.0,1.0,20.0,12.784324324324324,16.7576528511089,6.0,74.0,0.25,1254.0048667133594,False,637.0400506225287,False,3.0,26.0,43.0,5068,chunk03
lightglue_only,671,50,4301,42.99037776620499,False,30.0,1.0,1.0,55.8331914893617,59.92863660437204,39.0,282.0,0.5,1305.0219436645154,False,42.99037776620499,False,1.0,1.0,30.0,4301,chunk03
lightglue_only,676,50,4426,32.61777093376354,True,14.0,1.0,1.0,50.69396551724138,55.29753296871593,34.0,290.0,0.4375,1317.8872570893536,False,32.61777093376354,True,1.0,1.0,14.0,4426,chunk03
lightglue_only,679,50,4551,32.906823874506344,True,4.0,1.0,1.0,69.0625,76.5625,51.0,320.0,0.4375,2146.192225674439,False,32.906823874506344,True,1.0,1.0,4.0,4551,chunk03
lightglue_only,681,50,4677,12.786353215978217,True,41.0,1.0,1.0,46.534590163934425,48.97163273526606,32.0,244.0,0.375,1276.3634523485616,False,12.786353215978217,True,1.0,1.0,41.0,4677,chunk03
lightglue_only,686,50,4927,22.45287476101973,True,9.0,1.0,1.0,86.36059322033898,92.86059322033898,69.0,295.0,0.4375,40.339585633533474,False,22.45287476101973,True,1.0,1.0,9.0,4927,chunk03
lightglue_only,691,50,5051,34.63261527477846,True,41.0,1.0,1.0,104.07368421052632,106.51072678185795,83.0,380.0,0.5,1219.0012174747276,False,4.6438000296141535,True,2.0,3.0,43.0,5052,chunk03
lightglue_only,694,50,5302,29.202915593833875,True,47.0,1.0,1.0,83.43734567901235,85.81253562799972,62.0,405.0,0.4375,1158.015104757689,False,29.202915593833875,True,1.0,1.0,47.0,5302,chunk03
lightglue_only,696,50,5067,526.9349155176915,False,6.0,1.0,3.0,13.59,20.53948974278318,6.0,96.0,0.25,1390.238251555366,False,122.26901045520027,False,11.0,27.0,27.0,5055,chunk03
lightglue_only,701,50,5678,61.55216960815184,False,5.0,1.0,1.0,127.24229729729728,134.42557887029704,108.0,333.0,0.4375,1588.9410979873862,False,16.819059467666712,True,2.0,2.0,24.0,5552,chunk03
lightglue_only,706,50,892,1763.829192899285,False,43.0,1.0,15.0,13.17851851851852,17.093509940514146,7.0,54.0,0.25,1253.5390143862812,False,343.3629473758603,False,44.0,37.0,20.0,6419,chunk03
lightglue_only,710,50,5566,564.0989630929165,False,14.0,1.0,8.0,12.367096774193548,18.47066422566809,6.0,62.0,0.25,1300.5140809518205,False,355.3082739793345,False,24.0,28.0,35.0,4544,chunk03
lightglue_only,711,50,1018,1679.2651563727916,False,23.0,1.0,14.0,12.33344262295082,16.584529107293267,6.0,61.0,0.25,1312.307592332791,False,330.9630720192002,False,17.0,29.0,40.0,4545,chunk03
lightglue_only,716,50,5313,537.308434229905,False,6.0,1.0,3.0,12.865,19.81448974278318,7.0,56.0,0.1875,374.380529278546,False,35.43124384411129,True,14.0,4.0,3.0,5672,chunk03
lightglue_only,721,50,5040,261.55930254391467,False,47.0,1.0,11.0,12.479444444444445,16.354634393431812,6.0,54.0,0.3125,576.4496998220663,False,21.93932650415363,True,42.0,47.0,28.0,5671,chunk03
lightglue_only,726,50,5669,25.145697730086088,True,7.0,1.0,1.0,17.372500000000002,24.140286838055367,11.0,64.0,0.1875,85.40564001374445,False,18.428240354271765,True,12.0,16.0,28.0,5544,chunk03
lightglue_only,731,50,5795,99.9800410919998,False,42.0,1.0,1.0,19.81783018867925,23.7436502884518,12.0,106.0,0.1875,60.80614135543527,False,25.055578298021143,True,30.0,31.0,21.0,5668,chunk03
lightglue_only,736,50,5665,38.85073375217966,True,12.0,1.0,1.0,44.27767772511848,50.50972853268736,31.0,211.0,0.375,1415.6386044245187,False,13.343481836262256,True,33.0,36.0,25.0,5541,chunk03
lightglue_only,741,50,5412,90.3457810253043,False,11.0,1.0,1.0,69.46880471380472,75.7778727812713,53.0,297.0,0.3125,1391.3388979164083,False,14.615556721619264,True,3.0,3.0,22.0,5539,chunk03
lightglue_only,746,50,5664,57.44979758492786,False,18.0,1.0,1.0,86.86163507109005,91.27584863346314,64.0,422.0,0.5625,1377.942772181576,False,22.60426084187642,True,3.0,3.0,5.0,5538,chunk03
lightglue_only,751,50,5535,30.042106758080088,True,11.0,1.0,1.0,80.43137026239067,86.74043832985726,61.0,343.0,0.5,172.33322411705478,False,30.042106758080088,True,1.0,1.0,11.0,5535,chunk03
lightglue_only,756,50,5659,22.227620784818537,True,15.0,1.0,1.0,96.76459161147903,102.813784949962,73.0,453.0,0.5,1015.379897143752,False,13.631969630047587,True,2.0,2.0,2.0,5534,chunk03
lightglue_only,760,50,5534,23.202605205928045,True,3.0,1.0,1.0,95.24944206008584,104.7135436752236,71.0,466.0,0.5,19.467920772922326,True,19.467920772922326,True,2.0,2.0,1.0,5533,chunk03
lightglue_only,761,50,5534,32.13542616524085,True,4.0,1.0,1.0,88.91911347517731,97.91911347517733,66.0,423.0,0.5625,1247.3141875791946,False,17.362169902700895,True,5.0,5.0,30.0,5408,chunk03
lightglue_only,766,50,5283,8.20593808751478,True,39.0,1.0,1.0,53.34794676806083,57.30871569089136,38.0,263.0,0.375,41.52041015426622,False,8.20593808751478,True,1.0,1.0,39.0,5283,chunk03
lightglue_only,768,50,5283,29.6064565208196,True,29.0,1.0,1.0,32.3177397260274,37.93191175508971,22.0,146.0,0.3125,54.441350514173294,False,29.6064565208196,True,1.0,1.0,29.0,5283,chunk03
lightglue_only,771,50,5035,91.67722711552967,False,13.0,1.0,2.0,16.079285714285714,23.7433863029614,10.0,56.0,0.1875,61.68965418800012,False,57.07422416392678,False,2.0,3.0,8.0,5034,chunk03
lightglue_only,776,50,3418,563.1470494911742,False,30.0,1.0,19.0,12.447830188679246,16.54327530368958,6.0,53.0,0.3125,1047.6618148880611,False,69.59687346052735,False,20.0,47.0,47.0,4909,chunk03
lightglue_only,781,50,4660,109.766621617268,False,20.0,1.0,2.0,28.932268907563024,34.7739096940629,20.0,119.0,0.25,871.7529317127506,False,109.766621617268,False,1.0,2.0,20.0,4660,chunk03
lightglue_only,786,50,4535,111.12777201477878,False,20.0,1.0,1.0,41.25796610169491,47.09960688819479,30.0,177.0,0.25,120.07811656491988,False,111.12777201477878,False,1.0,1.0,20.0,4535,chunk03
lightglue_only,791,50,4153,138.13829085697634,False,21.0,1.0,4.0,14.633636363636365,20.44294370505232,8.0,88.0,0.125,325.16710189062707,False,116.05905767934873,False,23.0,6.0,4.0,4410,chunk03
lightglue_only,794,50,5039,349.45118206680576,False,45.0,1.0,11.0,12.891688311688313,16.786115502688226,6.0,77.0,0.25,1081.5863965322817,False,130.72266555115496,False,3.0,1.0,2.0,4410,chunk03
lightglue_only,796,50,4937,1079.4237820552207,False,2.0,1.0,1.0,13.24,23.48264068711929,7.0,56.0,0.25,374.9047164919319,False,144.66276448393762,False,7.0,5.0,4.0,4410,chunk03
lightglue_plus_union_prior,596,50,944,636.7641900914416,False,1.0,12.0,1.0,11.486739130434785,23.486739130434785,6.0,46.0,0.1875,636.7641900914416,False,203.23023398275845,False,42.0,18.0,15.0,2806,chunk03
lightglue_plus_union_prior,601,50,5484,1828.5037972274613,False,1.0,19.0,1.0,11.063636363636364,23.063636363636363,5.0,55.0,0.25,1828.5037972274613,False,363.0908847605017,False,49.0,10.0,5.0,4180,chunk03
lightglue_plus_union_prior,606,50,3756,1854.266919243125,False,1.0,18.0,1.0,11.685,23.685,6.0,64.0,0.125,1854.266919243125,False,259.74084824622486,False,2.0,19.0,43.0,3804,chunk03
lightglue_plus_union_prior,611,50,4752,1989.9526269698129,False,1.0,39.0,1.0,10.6,22.6,5.0,40.0,0.25,1989.9526269698129,False,236.93884946274804,False,28.0,33.0,25.0,3930,chunk03
lightglue_plus_union_prior,614,50,4502,1944.7778207945853,False,1.0,36.0,1.0,10.688636363636364,22.688636363636363,5.0,55.0,0.1875,1944.7778207945853,False,141.90573834343806,False,25.0,40.0,39.0,3554,chunk03
lightglue_plus_union_prior,616,50,3505,1784.325931274716,False,1.0,29.0,1.0,10.805531914893615,22.805531914893617,5.0,47.0,0.25,1784.325931274716,False,144.73304604901867,False,19.0,14.0,16.0,3302,chunk03
lightglue_plus_union_prior,621,50,4502,1874.744270189468,False,2.0,2.0,1.0,13.0,23.242640687119284,6.0,80.0,0.25,1868.1139578408936,False,92.44761537497416,False,6.0,15.0,27.0,3177,chunk03
lightglue_plus_union_prior,626,50,4377,1818.051313989629,False,1.0,45.0,1.0,10.171315789473685,20.671315789473685,5.0,38.0,0.1875,1818.051313989629,False,78.78194827733044,False,31.0,8.0,6.0,3301,chunk03
lightglue_plus_union_prior,631,50,3252,1739.9867687668204,False,1.0,5.0,1.0,11.782692307692308,22.282692307692308,5.0,65.0,0.3125,1739.9867687668204,False,94.79163479293052,False,41.0,37.0,31.0,3050,chunk03
lightglue_plus_union_prior,636,50,4258,1547.1419084728109,False,1.0,44.0,1.0,10.225,22.225,5.0,40.0,0.1875,1547.1419084728109,False,346.1792932978889,False,33.0,4.0,3.0,3918,chunk03
lightglue_plus_union_prior,641,50,8162,1456.0213159397708,False,1.0,22.0,1.0,11.575,23.575,5.0,80.0,0.1875,1456.0213159397708,False,197.47445916135064,False,49.0,24.0,10.0,3672,chunk03
lightglue_plus_union_prior,646,50,8412,1521.6150692988497,False,1.0,34.0,1.0,10.92758064516129,21.42758064516129,5.0,62.0,0.1875,1521.6150692988497,False,197.53310364683296,False,42.0,43.0,33.0,3672,chunk03
lightglue_plus_union_prior,651,50,8287,1474.4735519347305,False,1.0,5.0,1.0,12.579662921348316,24.57966292134832,6.0,89.0,0.125,1474.4735519347305,False,132.49855233276165,False,17.0,13.0,20.0,3674,chunk03
lightglue_plus_union_prior,653,50,2626,1786.6107952848515,False,1.0,37.0,1.0,10.823983050847456,22.823983050847456,5.0,59.0,0.1875,1786.6107952848515,False,120.87787245715178,False,20.0,18.0,18.0,3674,chunk03
lightglue_plus_union_prior,656,50,2751,1787.0107260101247,False,1.0,42.0,1.0,10.430531914893615,22.430531914893617,5.0,47.0,0.1875,1787.0107260101247,False,105.3387785762027,False,30.0,40.0,35.0,3674,chunk03
lightglue_plus_union_prior,661,50,3802,11.734509580388222,True,30.0,1.0,1.0,98.67698113207548,102.77242624708582,76.0,424.0,0.5,1367.5127624076506,False,11.734509580388222,True,1.0,1.0,30.0,3802,chunk03
lightglue_plus_union_prior,662,50,5962,1362.0243143481744,False,1.0,15.0,1.0,11.119444444444444,23.119444444444444,5.0,45.0,0.3125,1362.0243143481744,False,521.125929807719,False,8.0,47.0,47.0,5187,chunk03
lightglue_plus_union_prior,666,50,3766,1254.0048667133594,False,1.0,39.0,1.0,10.572820512820511,22.572820512820517,5.0,39.0,0.25,1254.0048667133594,False,637.0400506225287,False,3.0,26.0,43.0,5068,chunk03
lightglue_plus_union_prior,671,50,4301,42.99037776620499,False,30.0,1.0,1.0,55.8331914893617,59.92863660437204,39.0,282.0,0.5,1305.0219436645154,False,42.99037776620499,False,1.0,1.0,30.0,4301,chunk03
lightglue_plus_union_prior,676,50,4426,32.61777093376354,True,14.0,1.0,1.0,50.69396551724138,55.29753296871593,34.0,290.0,0.4375,1317.8872570893536,False,32.61777093376354,True,1.0,1.0,14.0,4426,chunk03
lightglue_plus_union_prior,679,50,4551,32.906823874506344,True,4.0,1.0,1.0,69.0625,76.5625,51.0,320.0,0.4375,2146.192225674439,False,32.906823874506344,True,1.0,1.0,4.0,4551,chunk03
lightglue_plus_union_prior,681,50,4677,12.786353215978217,True,41.0,1.0,1.0,46.534590163934425,48.97163273526606,32.0,244.0,0.375,1276.3634523485616,False,12.786353215978217,True,1.0,1.0,41.0,4677,chunk03
lightglue_plus_union_prior,686,50,4927,22.45287476101973,True,9.0,1.0,1.0,86.36059322033898,92.86059322033898,69.0,295.0,0.4375,40.339585633533474,False,22.45287476101973,True,1.0,1.0,9.0,4927,chunk03
lightglue_plus_union_prior,691,50,5051,34.63261527477846,True,41.0,1.0,1.0,104.07368421052632,106.51072678185795,83.0,380.0,0.5,1219.0012174747276,False,4.6438000296141535,True,2.0,3.0,43.0,5052,chunk03
lightglue_plus_union_prior,694,50,5302,29.202915593833875,True,47.0,1.0,1.0,83.43734567901235,85.81253562799972,62.0,405.0,0.4375,1158.015104757689,False,29.202915593833875,True,1.0,1.0,47.0,5302,chunk03
lightglue_plus_union_prior,696,50,3764,1390.238251555366,False,1.0,19.0,1.0,10.9321568627451,22.9321568627451,5.0,51.0,0.25,1390.238251555366,False,122.26901045520027,False,11.0,27.0,27.0,5055,chunk03
lightglue_plus_union_prior,701,50,5678,61.55216960815184,False,5.0,1.0,1.0,127.24229729729728,134.42557887029704,108.0,333.0,0.4375,1588.9410979873862,False,16.819059467666712,True,2.0,2.0,24.0,5552,chunk03
lightglue_plus_union_prior,706,50,5837,1253.5390143862812,False,1.0,17.0,1.0,11.337460317460316,23.33746031746032,5.0,63.0,0.25,1253.5390143862812,False,343.3629473758603,False,44.0,37.0,20.0,6419,chunk03
lightglue_plus_union_prior,710,50,5962,1300.5140809518205,False,1.0,38.0,1.0,10.120555555555557,22.120555555555555,5.0,36.0,0.1875,1300.5140809518205,False,355.3082739793345,False,24.0,28.0,35.0,4544,chunk03
lightglue_plus_union_prior,711,50,5962,1312.307592332791,False,1.0,27.0,1.0,10.310116279069767,22.310116279069767,5.0,43.0,0.1875,1312.307592332791,False,330.9630720192002,False,17.0,29.0,40.0,4545,chunk03
lightglue_plus_union_prior,716,50,5038,374.380529278546,False,1.0,12.0,1.0,10.774782608695652,22.77478260869565,5.0,46.0,0.25,374.380529278546,False,35.43124384411129,True,14.0,4.0,3.0,5672,chunk03
lightglue_plus_union_prior,721,50,5062,576.4496998220663,False,1.0,14.0,1.0,10.805531914893615,22.805531914893617,5.0,47.0,0.25,576.4496998220663,False,21.93932650415363,True,42.0,47.0,28.0,5671,chunk03
lightglue_plus_union_prior,726,50,5669,25.145697730086088,True,7.0,1.0,1.0,17.372500000000002,24.140286838055367,11.0,64.0,0.1875,85.40564001374445,False,18.428240354271765,True,12.0,16.0,28.0,5544,chunk03
lightglue_plus_union_prior,731,50,5795,99.9800410919998,False,42.0,1.0,1.0,19.81783018867925,23.7436502884518,12.0,106.0,0.1875,60.80614135543527,False,25.055578298021143,True,30.0,31.0,21.0,5668,chunk03
lightglue_plus_union_prior,736,50,5665,38.85073375217966,True,12.0,1.0,1.0,44.27767772511848,50.50972853268736,31.0,211.0,0.375,1415.6386044245187,False,13.343481836262256,True,33.0,36.0,25.0,5541,chunk03
lightglue_plus_union_prior,741,50,5412,90.3457810253043,False,11.0,1.0,1.0,69.46880471380472,75.7778727812713,53.0,297.0,0.3125,1391.3388979164083,False,14.615556721619264,True,3.0,3.0,22.0,5539,chunk03
lightglue_plus_union_prior,746,50,5664,57.44979758492786,False,18.0,1.0,1.0,86.86163507109005,91.27584863346314,64.0,422.0,0.5625,1377.942772181576,False,22.60426084187642,True,3.0,3.0,5.0,5538,chunk03
lightglue_plus_union_prior,751,50,5535,30.042106758080088,True,11.0,1.0,1.0,80.43137026239067,86.74043832985726,61.0,343.0,0.5,172.33322411705478,False,30.042106758080088,True,1.0,1.0,11.0,5535,chunk03
lightglue_plus_union_prior,756,50,5659,22.227620784818537,True,15.0,1.0,1.0,96.76459161147903,102.813784949962,73.0,453.0,0.5,1015.379897143752,False,13.631969630047587,True,2.0,2.0,2.0,5534,chunk03
lightglue_plus_union_prior,760,50,5534,23.202605205928045,True,3.0,1.0,1.0,95.24944206008584,104.7135436752236,71.0,466.0,0.5,19.467920772922326,True,19.467920772922326,True,2.0,2.0,1.0,5533,chunk03
lightglue_plus_union_prior,761,50,5534,32.13542616524085,True,4.0,1.0,1.0,88.91911347517731,97.91911347517733,66.0,423.0,0.5625,1247.3141875791946,False,17.362169902700895,True,5.0,5.0,30.0,5408,chunk03
lightglue_plus_union_prior,766,50,5283,8.20593808751478,True,39.0,1.0,1.0,53.34794676806083,57.30871569089136,38.0,263.0,0.375,41.52041015426622,False,8.20593808751478,True,1.0,1.0,39.0,5283,chunk03
lightglue_plus_union_prior,768,50,5283,29.6064565208196,True,29.0,1.0,1.0,32.3177397260274,37.93191175508971,22.0,146.0,0.3125,54.441350514173294,False,29.6064565208196,True,1.0,1.0,29.0,5283,chunk03
lightglue_plus_union_prior,771,50,5159,61.68965418800012,False,1.0,3.0,1.0,12.072830188679246,24.072830188679248,6.0,53.0,0.25,61.68965418800012,False,57.07422416392678,False,2.0,3.0,8.0,5034,chunk03
lightglue_plus_union_prior,776,50,5062,1047.6618148880611,False,1.0,23.0,1.0,10.685116279069767,22.685116279069767,5.0,43.0,0.25,1047.6618148880611,False,69.59687346052735,False,20.0,47.0,47.0,4909,chunk03
lightglue_plus_union_prior,781,50,4785,112.37136693283368,False,10.0,2.0,1.0,28.897006802721087,35.29437339882212,19.0,147.0,0.25,871.7529317127506,False,109.766621617268,False,1.0,2.0,20.0,4660,chunk03
lightglue_plus_union_prior,786,50,4535,111.12777201477878,False,20.0,1.0,1.0,41.25796610169491,47.09960688819479,30.0,177.0,0.25,120.07811656491988,False,111.12777201477878,False,1.0,1.0,20.0,4535,chunk03
lightglue_plus_union_prior,791,50,5163,325.16710189062707,False,1.0,28.0,1.0,10.430531914893615,22.430531914893617,5.0,47.0,0.1875,325.16710189062707,False,116.05905767934873,False,23.0,6.0,4.0,4410,chunk03
lightglue_plus_union_prior,794,50,4410,130.72266555115496,False,2.0,3.0,1.0,12.46923076923077,22.711871456350053,6.0,65.0,0.25,1081.5863965322817,False,130.72266555115496,False,3.0,1.0,2.0,4410,chunk03
lightglue_plus_union_prior,796,50,4937,1079.4237820552207,False,2.0,1.0,1.0,13.24,23.48264068711929,7.0,56.0,0.25,374.9047164919319,False,144.66276448393762,False,7.0,5.0,4.0,4410,chunk03
union_rank_only,801,50,3667,361.51714137544445,False,1.0,47.0,3.0,10.051060606060606,22.05106060606061,5.0,33.0,0.1875,361.51714137544445,False,29.92338858544328,True,1.0,1.0,22.0,3906,chunk04
union_rank_only,806,50,1030,731.7833333936509,False,1.0,22.0,3.0,10.62780487804878,22.62780487804878,5.0,41.0,0.25,731.7833333936509,False,44.04963395262849,False,1.0,1.0,22.0,3658,chunk04
union_rank_only,808,50,905,742.7329791240966,False,1.0,13.0,2.0,11.267868852459015,23.267868852459017,5.0,61.0,0.25,742.7329791240966,False,127.09621430989348,False,8.0,10.0,10.0,3155,chunk04
union_rank_only,811,50,906,706.6712273765341,False,1.0,43.0,1.0,9.87780487804878,21.87780487804878,5.0,41.0,0.125,706.6712273765341,False,115.33990016058202,False,38.0,40.0,38.0,3031,chunk04
union_rank_only,816,50,5062,1171.4230547176946,False,1.0,11.0,1.0,11.55,23.55,6.0,60.0,0.125,1171.4230547176946,False,60.69788945549802,False,37.0,39.0,36.0,3031,chunk04
union_rank_only,820,50,4758,955.4124913891902,False,1.0,35.0,1.0,10.688636363636364,21.188636363636363,5.0,55.0,0.1875,955.4124913891902,False,258.0798407709618,False,30.0,11.0,7.0,3777,chunk04
union_rank_only,821,50,3542,387.399096011705,False,1.0,40.0,1.0,10.310116279069767,22.310116279069767,5.0,43.0,0.1875,387.399096011705,False,75.70846883864482,False,5.0,14.0,40.0,3281,chunk04
union_rank_only,826,50,5062,1226.6413084336166,False,1.0,36.0,1.0,10.858333333333334,22.85833333333333,5.0,60.0,0.1875,1226.6413084336166,False,412.4779548957948,False,1.0,11.0,17.0,3542,chunk04
union_rank_only,831,50,3667,464.4411753555097,False,1.0,7.0,1.0,12.022391304347826,24.022391304347828,5.0,92.0,0.1875,464.4411753555097,False,337.6406520237112,False,27.0,22.0,23.0,3784,chunk04
union_rank_only,833,50,3542,457.16768259975663,False,1.0,1.0,1.0,14.26576923076923,26.26576923076923,6.0,104.0,0.3125,457.16768259975663,False,417.8667281607512,False,6.0,25.0,34.0,3292,chunk04
union_rank_only,836,50,3542,480.0899289933768,False,1.0,2.0,1.0,13.44086956521739,25.44086956521739,6.0,92.0,0.25,480.0899289933768,False,178.5544757993623,False,18.0,17.0,24.0,3031,chunk04
union_rank_only,841,50,3541,499.181799099622,False,1.0,35.0,1.0,10.225,22.225,5.0,40.0,0.1875,499.181799099622,False,169.91287786935953,False,15.0,48.0,50.0,2781,chunk04
union_rank_only,844,50,3291,474.95086577908216,False,1.0,40.0,2.0,10.25280487804878,22.25280487804878,5.0,41.0,0.1875,474.95086577908216,False,12.990215636604606,True,1.0,1.0,9.0,2032,chunk04
union_rank_only,846,50,7780,1628.1365438339212,False,1.0,25.0,4.0,10.87864864864865,22.87864864864865,6.0,37.0,0.125,1628.1365438339212,False,18.899398119433105,True,3.0,3.0,44.0,1907,chunk04
union_rank_only,851,50,7655,1654.551713142942,False,1.0,49.0,1.0,9.616666666666667,21.616666666666667,5.0,30.0,0.125,1654.551713142942,False,83.38576950866104,False,2.0,10.0,18.0,2032,chunk04
union_rank_only,856,50,2769,546.7635177863077,False,1.0,5.0,1.0,12.57294117647059,24.57294117647059,6.0,68.0,0.25,546.7635177863077,False,108.94832984920473,False,20.0,3.0,3.0,1280,chunk04
union_rank_only,861,50,1155,117.74651638580436,False,1.0,6.0,4.0,14.020957446808511,26.02095744680851,9.0,47.0,0.0625,117.74651638580436,False,30.80812498220632,True,1.0,1.0,4.0,1407,chunk04
union_rank_only,866,50,903,241.44875964629128,False,1.0,15.0,6.0,11.231666666666666,23.231666666666666,6.0,36.0,0.1875,241.44875964629128,False,23.925626103800425,True,1.0,1.0,10.0,1408,chunk04
union_rank_only,871,50,1535,14.798990101236136,True,1.0,4.0,4.0,28.273703703703703,40.2737037037037,19.0,108.0,0.375,14.798990101236136,True,14.798990101236136,True,4.0,4.0,1.0,1535,chunk04
union_rank_only,874,50,1410,31.14777683607325,True,1.0,1.0,1.0,65.691,77.691,51.0,250.0,0.3125,31.14777683607325,True,18.228112771903355,True,15.0,13.0,9.0,1536,chunk04
union_rank_only,876,50,1537,28.62164933537884,True,1.0,1.0,1.0,30.57180904522613,42.57180904522613,18.0,199.0,0.375,28.62164933537884,True,16.28565991021154,True,5.0,4.0,4.0,1536,chunk04
union_rank_only,881,50,1538,14.123732545453406,True,1.0,1.0,1.0,49.345,61.345,36.0,200.0,0.4375,14.123732545453406,True,14.123732545453406,True,1.0,1.0,1.0,1538,chunk04
union_rank_only,886,50,1539,27.878433612311373,True,1.0,2.0,1.0,52.14364341085271,64.14364341085272,37.0,258.0,0.375,27.878433612311373,True,27.878433612311373,True,2.0,1.0,1.0,1539,chunk04
union_rank_only,891,50,1717,1768.1538537599326,False,1.0,15.0,1.0,11.487586206896552,23.48758620689655,6.0,29.0,0.25,1768.1538537599326,False,275.5467183526005,False,33.0,9.0,6.0,662,chunk04
union_rank_only,896,50,3312,840.4042232468381,False,1.0,9.0,3.0,12.70844262295082,24.70844262295082,6.0,61.0,0.3125,840.4042232468381,False,91.88547148846855,False,1.0,1.0,24.0,1918,chunk04
union_rank_only,901,50,1643,843.7251270932561,False,1.0,37.0,4.0,10.120555555555557,22.120555555555555,5.0,36.0,0.1875,843.7251270932561,False,28.97941511847734,True,1.0,1.0,23.0,1917,chunk04
union_rank_only,905,50,1285,317.0646624528016,False,1.0,44.0,6.0,9.543333333333331,21.543333333333333,5.0,24.0,0.125,317.0646624528016,False,15.897900428032882,True,3.0,3.0,19.0,2042,chunk04
union_rank_only,906,50,2421,171.49810222269602,False,1.0,6.0,6.0,31.45193548387097,43.45193548387097,23.0,124.0,0.125,171.49810222269602,False,6.518283749267923,True,5.0,5.0,10.0,2042,chunk04
union_rank_only,911,50,2419,78.49361233757456,False,1.0,1.0,1.0,73.57327485380118,85.57327485380118,55.0,342.0,0.375,78.49361233757456,False,13.573170300515988,True,5.0,6.0,13.0,2292,chunk04
union_rank_only,914,50,1639,1004.873250541032,False,1.0,19.0,7.0,11.605,23.605,6.0,50.0,0.1875,1004.873250541032,False,13.05692563080806,True,6.0,6.0,48.0,2417,chunk04
union_rank_only,916,50,1764,1003.1813243459532,False,1.0,20.0,4.0,11.472142857142856,23.472142857142856,5.0,56.0,0.3125,1003.1813243459532,False,15.605417872477034,True,3.0,3.0,3.0,2417,chunk04
union_rank_only,921,50,5312,1003.4578513427084,False,1.0,8.0,1.0,12.473095238095237,24.47309523809524,5.0,84.0,0.3125,1003.4578513427084,False,240.59944735787232,False,19.0,8.0,8.0,3542,chunk04
union_rank_only,926,50,3792,249.9765902036271,False,1.0,15.0,2.0,12.06005376344086,24.060053763440862,5.0,93.0,0.1875,249.9765902036271,False,112.89593804954649,False,1.0,1.0,31.0,3293,chunk04
union_rank_only,927,50,5187,927.455438898094,False,1.0,2.0,2.0,14.496129032258064,24.996129032258064,8.0,62.0,0.25,927.455438898094,False,101.17045446041286,False,1.0,1.0,32.0,3293,chunk04
union_rank_only,931,50,3542,120.1643702648155,False,1.0,35.0,2.0,10.461666666666666,22.461666666666662,5.0,48.0,0.1875,120.1643702648155,False,55.34376954836931,False,1.0,1.0,32.0,3293,chunk04
union_rank_only,936,50,3792,129.77354726998772,False,1.0,8.0,4.0,12.104444444444445,24.104444444444447,6.0,54.0,0.25,129.77354726998772,False,15.694195572838836,True,2.0,2.0,14.0,3292,chunk04
union_rank_only,937,50,3542,48.873800412552576,False,1.0,7.0,2.0,12.23282608695652,24.23282608695652,6.0,69.0,0.1875,48.873800412552576,False,26.1573141859628,True,1.0,1.0,15.0,3418,chunk04
union_rank_only,941,50,3667,35.3101526602474,True,1.0,4.0,3.0,42.69847457627118,54.69847457627118,30.0,236.0,0.125,35.3101526602474,True,35.3101526602474,True,4.0,3.0,1.0,3667,chunk04
union_rank_only,946,50,3794,56.7320278350509,False,1.0,1.0,1.0,64.75757575757575,76.75757575757575,46.0,330.0,0.5,56.7320278350509,False,15.51218295013687,True,2.0,2.0,5.0,3792,chunk04
union_rank_only,951,50,8287,1218.7824387169526,False,1.0,9.0,4.0,12.576052631578948,24.576052631578943,6.0,57.0,0.3125,1218.7824387169526,False,56.84686085777754,False,2.0,2.0,16.0,3793,chunk04
union_rank_only,952,50,8287,1206.8408681726803,False,1.0,47.0,2.0,9.64,21.64,5.0,16.0,0.125,1206.8408681726803,False,68.23011698206149,False,1.0,3.0,35.0,3793,chunk04
union_rank_only,956,50,3797,195.66699096861063,False,1.0,10.0,1.0,11.666538461538462,23.66653846153846,6.0,52.0,0.1875,195.66699096861063,False,115.2956920878903,False,29.0,19.0,17.0,3793,chunk04
union_rank_only,961,50,5039,212.7542738139796,False,1.0,45.0,2.0,10.015,22.015,5.0,16.0,0.1875,212.7542738139796,False,51.0478323564105,False,12.0,1.0,2.0,4416,chunk04
union_rank_only,963,50,5064,766.658156110132,False,1.0,50.0,4.0,9.475,21.475,5.0,40.0,0.0625,766.658156110132,False,52.56444011931175,False,4.0,23.0,48.0,4541,chunk04
union_rank_only,966,50,3669,274.54044450102793,False,1.0,3.0,3.0,13.292727272727271,25.292727272727276,6.0,88.0,0.25,274.54044450102793,False,98.6194427799762,False,1.0,1.0,19.0,4795,chunk04
union_rank_only,971,50,2752,1526.709899175818,False,1.0,38.0,1.0,10.347142857142856,22.347142857142856,5.0,56.0,0.125,1526.709899175818,False,103.48975692439232,False,6.0,27.0,45.0,5040,chunk04
union_rank_only,976,50,5188,714.5802015283639,False,1.0,8.0,1.0,12.40095238095238,24.400952380952383,6.0,63.0,0.25,714.5802015283639,False,121.93784962960392,False,50.0,50.0,44.0,4669,chunk04
union_rank_only,981,50,5291,55.02432514423607,False,1.0,1.0,1.0,57.09757294429708,69.09757294429707,37.0,377.0,0.4375,55.02432514423607,False,43.89824877636903,False,3.0,3.0,3.0,5417,chunk04
union_rank_only,986,50,5542,73.32555618651371,False,1.0,5.0,4.0,15.163150684931509,27.16315068493151,9.0,73.0,0.125,73.32555618651371,False,24.202508544067587,True,4.0,5.0,47.0,5418,chunk04
union_rank_only,990,50,5187,608.4026350038117,False,1.0,4.0,2.0,12.784324324324324,24.784324324324324,6.0,74.0,0.25,608.4026350038117,False,28.98054211551957,True,1.0,1.0,21.0,5419,chunk04
lightglue_only,801,50,3906,29.92338858544328,True,22.0,1.0,1.0,106.14615702479338,111.92536132292705,80.0,484.0,0.6875,361.51714137544445,False,29.92338858544328,True,1.0,1.0,22.0,3906,chunk04
lightglue_only,806,50,3658,44.04963395262849,False,22.0,1.0,1.0,111.8207438016529,117.59994809978656,86.0,484.0,0.625,731.7833333936509,False,44.04963395262849,False,1.0,1.0,22.0,3658,chunk04
lightglue_only,808,50,3544,428.2422870176828,False,21.0,1.0,6.0,13.285652173913045,19.094959515329,8.0,46.0,0.125,742.7329791240966,False,127.09621430989348,False,8.0,10.0,10.0,3155,chunk04
lightglue_only,811,50,4383,871.2310373992216,False,36.0,1.0,18.0,12.927758620689657,16.927758620689655,7.0,58.0,0.1875,706.6712273765341,False,115.33990016058202,False,38.0,40.0,38.0,3031,chunk04
lightglue_only,816,50,4936,1125.018248345988,False,12.0,1.0,5.0,13.0,19.23205080756888,6.0,80.0,0.25,1171.4230547176946,False,60.69788945549802,False,37.0,39.0,36.0,3031,chunk04
lightglue_only,820,50,7959,2272.911365077279,False,40.0,1.0,13.0,13.06,17.008683298050517,7.0,50.0,0.25,955.4124913891902,False,258.0798407709618,False,30.0,11.0,7.0,3777,chunk04
lightglue_only,821,50,5187,1214.8577589098168,False,3.0,1.0,3.0,13.778736263736263,21.742837878874017,6.0,91.0,0.3125,387.399096011705,False,75.70846883864482,False,5.0,14.0,40.0,3281,chunk04
lightglue_only,826,50,3542,412.4779548957948,False,17.0,1.0,11.0,13.07268292682927,17.527896677047266,6.0,82.0,0.25,1226.6413084336166,False,412.4779548957948,False,1.0,11.0,17.0,3542,chunk04
lightglue_only,831,50,3542,443.2560251527706,False,14.0,1.0,6.0,13.702424242424245,19.80599169389879,6.0,99.0,0.25,464.4411753555097,False,337.6406520237112,False,27.0,22.0,23.0,3784,chunk04
lightglue_only,833,50,3542,457.16768259975663,False,1.0,1.0,1.0,14.26576923076923,26.26576923076923,6.0,104.0,0.3125,457.16768259975663,False,417.8667281607512,False,6.0,25.0,34.0,3292,chunk04
lightglue_only,836,50,7370,3372.283398806708,False,23.0,1.0,5.0,14.05,19.801086484342445,7.0,80.0,0.25,480.0899289933768,False,178.5544757993623,False,18.0,17.0,24.0,3031,chunk04
lightglue_only,841,50,3167,452.7491043405707,False,35.0,1.0,11.0,12.58879746835443,16.60298257402865,6.0,79.0,0.1875,499.181799099622,False,169.91287786935953,False,15.0,48.0,50.0,2781,chunk04
lightglue_only,844,50,2032,12.990215636604606,True,9.0,1.0,1.0,30.504310344827587,37.00431034482759,21.0,145.0,0.1875,474.95086577908216,False,12.990215636604606,True,1.0,1.0,9.0,2032,chunk04
lightglue_only,846,50,2031,30.51554736035384,True,47.0,1.0,1.0,79.756567695962,82.13175764494937,57.0,421.0,0.5625,1628.1365438339212,False,18.899398119433105,True,3.0,3.0,44.0,1907,chunk04
lightglue_only,851,50,6749,3506.024956759601,False,40.0,1.0,21.0,13.256764705882354,15.705448003932869,7.0,68.0,0.1875,1654.551713142942,False,83.38576950866104,False,2.0,10.0,18.0,2032,chunk04
lightglue_only,856,50,1154,157.25618013975168,False,18.0,1.0,11.0,13.036296296296296,17.450509858669392,6.0,81.0,0.25,546.7635177863077,False,108.94832984920473,False,20.0,3.0,3.0,1280,chunk04
lightglue_only,861,50,1407,30.80812498220632,True,4.0,1.0,1.0,54.32541984732825,63.32541984732825,39.0,262.0,0.375,117.74651638580436,False,30.80812498220632,True,1.0,1.0,4.0,1407,chunk04
lightglue_only,866,50,1408,23.925626103800425,True,10.0,1.0,1.0,90.73457478005864,98.63194137615967,72.0,341.0,0.375,241.44875964629128,False,23.925626103800425,True,1.0,1.0,10.0,1408,chunk04
lightglue_only,871,50,1283,84.39496525936207,False,14.0,1.0,2.0,54.4835294117647,62.087096863239246,42.0,204.0,0.25,14.798990101236136,True,14.798990101236136,True,4.0,4.0,1.0,1535,chunk04
lightglue_only,874,50,1410,31.14777683607325,True,1.0,1.0,1.0,65.691,77.691,51.0,250.0,0.3125,31.14777683607325,True,18.228112771903355,True,15.0,13.0,9.0,1536,chunk04
lightglue_only,876,50,1537,28.62164933537884,True,1.0,1.0,1.0,30.57180904522613,42.57180904522613,18.0,199.0,0.375,28.62164933537884,True,16.28565991021154,True,5.0,4.0,4.0,1536,chunk04
lightglue_only,881,50,1538,14.123732545453406,True,1.0,1.0,1.0,49.345,61.345,36.0,200.0,0.4375,14.123732545453406,True,14.123732545453406,True,1.0,1.0,1.0,1538,chunk04
lightglue_only,886,50,1538,60.38844900185378,False,5.0,1.0,2.0,54.52021126760563,63.20349284060538,38.0,284.0,0.4375,27.878433612311373,True,27.878433612311373,True,2.0,1.0,1.0,1539,chunk04
lightglue_only,891,50,3741,2675.488938658484,False,13.0,1.0,7.0,13.591403508771933,19.75550409744762,8.0,57.0,0.125,1768.1538537599326,False,275.5467183526005,False,33.0,9.0,6.0,662,chunk04
lightglue_only,896,50,1918,91.88547148846855,False,24.0,1.0,1.0,24.26427710843373,28.489021979825324,17.0,83.0,0.1875,840.4042232468381,False,91.88547148846855,False,1.0,1.0,24.0,1918,chunk04
lightglue_only,901,50,1917,28.97941511847734,True,23.0,1.0,1.0,95.56285714285714,99.8139436271996,72.0,448.0,0.5,843.7251270932561,False,28.97941511847734,True,1.0,1.0,23.0,1917,chunk04
lightglue_only,905,50,2169,81.00622048131706,False,31.0,1.0,1.0,59.4571635883905,63.53479540055115,40.0,379.0,0.3125,317.0646624528016,False,15.897900428032882,True,3.0,3.0,19.0,2042,chunk04
lightglue_only,906,50,2295,122.52994855877648,False,8.0,1.0,1.0,60.76,68.88132034355964,43.0,344.0,0.25,171.49810222269602,False,6.518283749267923,True,5.0,5.0,10.0,2042,chunk04
lightglue_only,911,50,2419,78.49361233757456,False,1.0,1.0,1.0,73.57327485380118,85.57327485380118,55.0,342.0,0.375,78.49361233757456,False,13.573170300515988,True,5.0,6.0,13.0,2292,chunk04
lightglue_only,914,50,2419,63.21254379566714,False,2.0,1.0,1.0,73.08927745664741,83.3319181437667,54.0,346.0,0.4375,1004.873250541032,False,13.05692563080806,True,6.0,6.0,48.0,2417,chunk04
lightglue_only,916,50,2544,65.52836861665449,False,7.0,1.0,1.0,64.03420168067227,72.30198851872763,45.0,357.0,0.375,1003.1813243459532,False,15.605417872477034,True,3.0,3.0,3.0,2417,chunk04
lightglue_only,921,50,3671,304.77763574943367,False,38.0,1.0,21.0,13.103064516129033,15.576393042913608,6.0,93.0,0.1875,1003.4578513427084,False,240.59944735787232,False,19.0,8.0,8.0,3542,chunk04
lightglue_only,926,50,3293,112.89593804954649,False,31.0,1.0,1.0,29.80764705882353,33.88527887098418,21.0,136.0,0.125,249.9765902036271,False,112.89593804954649,False,1.0,1.0,31.0,3293,chunk04
lightglue_only,927,50,3293,101.17045446041286,False,32.0,1.0,1.0,40.05577092511013,44.116431096889954,27.0,227.0,0.25,927.455438898094,False,101.17045446041286,False,1.0,1.0,32.0,3293,chunk04
lightglue_only,931,50,3293,55.34376954836931,False,32.0,1.0,1.0,66.5543883792049,70.61504855098471,49.0,327.0,0.3125,120.1643702648155,False,55.34376954836931,False,1.0,1.0,32.0,3293,chunk04
lightglue_only,936,50,3418,33.72218842371321,True,10.0,1.0,1.0,62.87777777777777,69.27514437387879,43.0,360.0,0.5,129.77354726998772,False,15.694195572838836,True,2.0,2.0,14.0,3292,chunk04
lightglue_only,937,50,3418,26.1573141859628,True,15.0,1.0,1.0,52.18673913043478,58.23593246891775,36.0,276.0,0.4375,48.873800412552576,False,26.1573141859628,True,1.0,1.0,15.0,3418,chunk04
lightglue_only,941,50,3670,97.74791328776612,False,30.0,1.0,1.0,56.61447204968945,60.70991716469978,39.0,322.0,0.375,35.3101526602474,True,35.3101526602474,True,4.0,3.0,1.0,3667,chunk04
lightglue_only,946,50,3794,56.7320278350509,False,1.0,1.0,1.0,64.75757575757575,76.75757575757575,46.0,330.0,0.5,56.7320278350509,False,15.51218295013687,True,2.0,2.0,5.0,3792,chunk04
lightglue_only,951,50,3919,58.32853895068372,False,26.0,1.0,1.0,28.37646853146853,32.55316534229763,19.0,143.0,0.1875,1218.7824387169526,False,56.84686085777754,False,2.0,2.0,16.0,3793,chunk04
lightglue_only,952,50,3793,68.23011698206149,False,35.0,1.0,3.0,17.370588235294118,21.384773340968337,10.0,85.0,0.25,1206.8408681726803,False,68.23011698206149,False,1.0,3.0,35.0,3793,chunk04
lightglue_only,956,50,6169,552.5398384895058,False,27.0,1.0,11.0,13.936428571428571,18.091129109807824,8.0,56.0,0.1875,195.66699096861063,False,115.2956920878903,False,29.0,19.0,17.0,3793,chunk04
lightglue_only,961,50,5063,738.0967190620515,False,8.0,1.0,4.0,13.768888888888888,20.39020923244853,7.0,72.0,0.25,212.7542738139796,False,51.0478323564105,False,12.0,1.0,2.0,4416,chunk04
lightglue_only,963,50,4670,99.6655463608454,False,39.0,1.0,1.0,32.038459119496856,35.99922804232738,22.0,159.0,0.1875,766.658156110132,False,52.56444011931175,False,4.0,23.0,48.0,4541,chunk04
lightglue_only,966,50,4795,98.6194427799762,False,19.0,1.0,1.0,45.38821299638989,51.26470739961326,30.0,277.0,0.3125,274.54044450102793,False,98.6194427799762,False,1.0,1.0,19.0,4795,chunk04
lightglue_only,971,50,3891,961.6728757159564,False,28.0,1.0,10.0,13.0,18.63389341902768,6.0,80.0,0.25,1526.709899175818,False,103.48975692439232,False,6.0,27.0,45.0,5040,chunk04
lightglue_only,976,50,3674,450.5864181911322,False,40.0,1.0,16.0,13.478009708737863,17.42669300678838,6.0,103.0,0.1875,714.5802015283639,False,121.93784962960392,False,50.0,50.0,44.0,4669,chunk04
lightglue_only,981,50,5291,55.02432514423607,False,1.0,1.0,1.0,57.09757294429708,69.09757294429707,37.0,377.0,0.4375,55.02432514423607,False,43.89824877636903,False,3.0,3.0,3.0,5417,chunk04
lightglue_only,986,50,5417,52.63105937159396,False,4.0,1.0,1.0,44.81622676579926,53.81622676579926,29.0,269.0,0.4375,73.32555618651371,False,24.202508544067587,True,4.0,5.0,47.0,5418,chunk04
lightglue_only,990,50,5419,28.98054211551957,True,21.0,1.0,1.0,44.53433884297521,50.34364618439116,29.0,242.0,0.5625,608.4026350038117,False,28.98054211551957,True,1.0,1.0,21.0,5419,chunk04
lightglue_plus_union_prior,801,50,3906,29.92338858544328,True,22.0,1.0,1.0,106.14615702479338,111.92536132292705,80.0,484.0,0.6875,361.51714137544445,False,29.92338858544328,True,1.0,1.0,22.0,3906,chunk04
lightglue_plus_union_prior,806,50,3658,44.04963395262849,False,22.0,1.0,1.0,111.8207438016529,117.59994809978656,86.0,484.0,0.625,731.7833333936509,False,44.04963395262849,False,1.0,1.0,22.0,3658,chunk04
lightglue_plus_union_prior,808,50,3545,463.1495766619553,False,2.0,2.0,1.0,13.256764705882354,23.49940539300164,7.0,68.0,0.1875,742.7329791240966,False,127.09621430989348,False,8.0,10.0,10.0,3155,chunk04
lightglue_plus_union_prior,811,50,906,706.6712273765341,False,1.0,43.0,1.0,9.87780487804878,21.87780487804878,5.0,41.0,0.125,706.6712273765341,False,115.33990016058202,False,38.0,40.0,38.0,3031,chunk04
lightglue_plus_union_prior,816,50,5062,1171.4230547176946,False,1.0,11.0,1.0,11.55,23.55,6.0,60.0,0.125,1171.4230547176946,False,60.69788945549802,False,37.0,39.0,36.0,3031,chunk04
lightglue_plus_union_prior,820,50,4758,955.4124913891902,False,1.0,35.0,1.0,10.688636363636364,21.188636363636363,5.0,55.0,0.1875,955.4124913891902,False,258.0798407709618,False,30.0,11.0,7.0,3777,chunk04
lightglue_plus_union_prior,821,50,3542,387.399096011705,False,1.0,40.0,1.0,10.310116279069767,22.310116279069767,5.0,43.0,0.1875,387.399096011705,False,75.70846883864482,False,5.0,14.0,40.0,3281,chunk04
lightglue_plus_union_prior,826,50,5062,1226.6413084336166,False,1.0,36.0,1.0,10.858333333333334,22.85833333333333,5.0,60.0,0.1875,1226.6413084336166,False,412.4779548957948,False,1.0,11.0,17.0,3542,chunk04
lightglue_plus_union_prior,831,50,3667,464.4411753555097,False,1.0,7.0,1.0,12.022391304347826,24.022391304347828,5.0,92.0,0.1875,464.4411753555097,False,337.6406520237112,False,27.0,22.0,23.0,3784,chunk04
lightglue_plus_union_prior,833,50,3542,457.16768259975663,False,1.0,1.0,1.0,14.26576923076923,26.26576923076923,6.0,104.0,0.3125,457.16768259975663,False,417.8667281607512,False,6.0,25.0,34.0,3292,chunk04
lightglue_plus_union_prior,836,50,3542,480.0899289933768,False,1.0,2.0,1.0,13.44086956521739,25.44086956521739,6.0,92.0,0.25,480.0899289933768,False,178.5544757993623,False,18.0,17.0,24.0,3031,chunk04
lightglue_plus_union_prior,841,50,3541,499.181799099622,False,1.0,35.0,1.0,10.225,22.225,5.0,40.0,0.1875,499.181799099622,False,169.91287786935953,False,15.0,48.0,50.0,2781,chunk04
lightglue_plus_union_prior,844,50,2032,12.990215636604606,True,9.0,1.0,1.0,30.504310344827587,37.00431034482759,21.0,145.0,0.1875,474.95086577908216,False,12.990215636604606,True,1.0,1.0,9.0,2032,chunk04
lightglue_plus_union_prior,846,50,2031,30.51554736035384,True,47.0,1.0,1.0,79.756567695962,82.13175764494937,57.0,421.0,0.5625,1628.1365438339212,False,18.899398119433105,True,3.0,3.0,44.0,1907,chunk04
lightglue_plus_union_prior,851,50,7655,1654.551713142942,False,1.0,49.0,1.0,9.616666666666667,21.616666666666667,5.0,30.0,0.125,1654.551713142942,False,83.38576950866104,False,2.0,10.0,18.0,2032,chunk04
lightglue_plus_union_prior,856,50,2769,546.7635177863077,False,1.0,5.0,1.0,12.57294117647059,24.57294117647059,6.0,68.0,0.25,546.7635177863077,False,108.94832984920473,False,20.0,3.0,3.0,1280,chunk04
lightglue_plus_union_prior,861,50,1407,30.80812498220632,True,4.0,1.0,1.0,54.32541984732825,63.32541984732825,39.0,262.0,0.375,117.74651638580436,False,30.80812498220632,True,1.0,1.0,4.0,1407,chunk04
lightglue_plus_union_prior,866,50,1408,23.925626103800425,True,10.0,1.0,1.0,90.73457478005864,98.63194137615967,72.0,341.0,0.375,241.44875964629128,False,23.925626103800425,True,1.0,1.0,10.0,1408,chunk04
lightglue_plus_union_prior,871,50,1409,35.11110436750353,True,5.0,2.0,1.0,53.83771966527197,62.52100123827172,39.0,239.0,0.4375,14.798990101236136,True,14.798990101236136,True,4.0,4.0,1.0,1535,chunk04
lightglue_plus_union_prior,874,50,1410,31.14777683607325,True,1.0,1.0,1.0,65.691,77.691,51.0,250.0,0.3125,31.14777683607325,True,18.228112771903355,True,15.0,13.0,9.0,1536,chunk04
lightglue_plus_union_prior,876,50,1537,28.62164933537884,True,1.0,1.0,1.0,30.57180904522613,42.57180904522613,18.0,199.0,0.375,28.62164933537884,True,16.28565991021154,True,5.0,4.0,4.0,1536,chunk04
lightglue_plus_union_prior,881,50,1538,14.123732545453406,True,1.0,1.0,1.0,49.345,61.345,36.0,200.0,0.4375,14.123732545453406,True,14.123732545453406,True,1.0,1.0,1.0,1538,chunk04
lightglue_plus_union_prior,886,50,1539,27.878433612311373,True,1.0,2.0,1.0,52.14364341085271,64.14364341085272,37.0,258.0,0.375,27.878433612311373,True,27.878433612311373,True,2.0,1.0,1.0,1539,chunk04
lightglue_plus_union_prior,891,50,1717,1768.1538537599326,False,1.0,15.0,1.0,11.487586206896552,23.48758620689655,6.0,29.0,0.25,1768.1538537599326,False,275.5467183526005,False,33.0,9.0,6.0,662,chunk04
lightglue_plus_union_prior,896,50,1918,91.88547148846855,False,24.0,1.0,1.0,24.26427710843373,28.489021979825324,17.0,83.0,0.1875,840.4042232468381,False,91.88547148846855,False,1.0,1.0,24.0,1918,chunk04
lightglue_plus_union_prior,901,50,1917,28.97941511847734,True,23.0,1.0,1.0,95.56285714285714,99.8139436271996,72.0,448.0,0.5,843.7251270932561,False,28.97941511847734,True,1.0,1.0,23.0,1917,chunk04
lightglue_plus_union_prior,905,50,2169,81.00622048131706,False,31.0,1.0,1.0,59.4571635883905,63.53479540055115,40.0,379.0,0.3125,317.0646624528016,False,15.897900428032882,True,3.0,3.0,19.0,2042,chunk04
lightglue_plus_union_prior,906,50,2295,122.52994855877648,False,8.0,1.0,1.0,60.76,68.88132034355964,43.0,344.0,0.25,171.49810222269602,False,6.518283749267923,True,5.0,5.0,10.0,2042,chunk04
lightglue_plus_union_prior,911,50,2419,78.49361233757456,False,1.0,1.0,1.0,73.57327485380118,85.57327485380118,55.0,342.0,0.375,78.49361233757456,False,13.573170300515988,True,5.0,6.0,13.0,2292,chunk04
lightglue_plus_union_prior,914,50,2419,63.21254379566714,False,2.0,1.0,1.0,73.08927745664741,83.3319181437667,54.0,346.0,0.4375,1004.873250541032,False,13.05692563080806,True,6.0,6.0,48.0,2417,chunk04
lightglue_plus_union_prior,916,50,2544,65.52836861665449,False,7.0,1.0,1.0,64.03420168067227,72.30198851872763,45.0,357.0,0.375,1003.1813243459532,False,15.605417872477034,True,3.0,3.0,3.0,2417,chunk04
lightglue_plus_union_prior,921,50,5312,1003.4578513427084,False,1.0,8.0,1.0,12.473095238095237,24.47309523809524,5.0,84.0,0.3125,1003.4578513427084,False,240.59944735787232,False,19.0,8.0,8.0,3542,chunk04
lightglue_plus_union_prior,926,50,3293,112.89593804954649,False,31.0,1.0,1.0,29.80764705882353,33.88527887098418,21.0,136.0,0.125,249.9765902036271,False,112.89593804954649,False,1.0,1.0,31.0,3293,chunk04
lightglue_plus_union_prior,927,50,3293,101.17045446041286,False,32.0,1.0,1.0,40.05577092511013,44.116431096889954,27.0,227.0,0.25,927.455438898094,False,101.17045446041286,False,1.0,1.0,32.0,3293,chunk04
lightglue_plus_union_prior,931,50,3293,55.34376954836931,False,32.0,1.0,1.0,66.5543883792049,70.61504855098471,49.0,327.0,0.3125,120.1643702648155,False,55.34376954836931,False,1.0,1.0,32.0,3293,chunk04
lightglue_plus_union_prior,936,50,3418,33.72218842371321,True,10.0,1.0,1.0,62.87777777777777,69.27514437387879,43.0,360.0,0.5,129.77354726998772,False,15.694195572838836,True,2.0,2.0,14.0,3292,chunk04
lightglue_plus_union_prior,937,50,3418,26.1573141859628,True,15.0,1.0,1.0,52.18673913043478,58.23593246891775,36.0,276.0,0.4375,48.873800412552576,False,26.1573141859628,True,1.0,1.0,15.0,3418,chunk04
lightglue_plus_union_prior,941,50,3670,97.74791328776612,False,30.0,1.0,1.0,56.61447204968945,60.70991716469978,39.0,322.0,0.375,35.3101526602474,True,35.3101526602474,True,4.0,3.0,1.0,3667,chunk04
lightglue_plus_union_prior,946,50,3794,56.7320278350509,False,1.0,1.0,1.0,64.75757575757575,76.75757575757575,46.0,330.0,0.5,56.7320278350509,False,15.51218295013687,True,2.0,2.0,5.0,3792,chunk04
lightglue_plus_union_prior,951,50,3919,58.32853895068372,False,26.0,1.0,1.0,28.37646853146853,32.55316534229763,19.0,143.0,0.1875,1218.7824387169526,False,56.84686085777754,False,2.0,2.0,16.0,3793,chunk04
lightglue_plus_union_prior,952,50,3543,136.48737195369202,False,2.0,6.0,1.0,12.608793103448276,22.85143379056756,6.0,58.0,0.3125,1206.8408681726803,False,68.23011698206149,False,1.0,3.0,35.0,3793,chunk04
lightglue_plus_union_prior,956,50,3797,195.66699096861063,False,1.0,10.0,1.0,11.666538461538462,23.66653846153846,6.0,52.0,0.1875,195.66699096861063,False,115.2956920878903,False,29.0,19.0,17.0,3793,chunk04
lightglue_plus_union_prior,961,50,4416,51.0478323564105,False,2.0,12.0,1.0,12.28,22.522640687119285,7.0,32.0,0.1875,212.7542738139796,False,51.0478323564105,False,12.0,1.0,2.0,4416,chunk04
lightglue_plus_union_prior,963,50,4670,99.6655463608454,False,39.0,1.0,1.0,32.038459119496856,35.99922804232738,22.0,159.0,0.1875,766.658156110132,False,52.56444011931175,False,4.0,23.0,48.0,4541,chunk04
lightglue_plus_union_prior,966,50,4795,98.6194427799762,False,19.0,1.0,1.0,45.38821299638989,51.26470739961326,30.0,277.0,0.3125,274.54044450102793,False,98.6194427799762,False,1.0,1.0,19.0,4795,chunk04
lightglue_plus_union_prior,971,50,2752,1526.709899175818,False,1.0,38.0,1.0,10.347142857142856,22.347142857142856,5.0,56.0,0.125,1526.709899175818,False,103.48975692439232,False,6.0,27.0,45.0,5040,chunk04
lightglue_plus_union_prior,976,50,5188,714.5802015283639,False,1.0,8.0,1.0,12.40095238095238,24.400952380952383,6.0,63.0,0.25,714.5802015283639,False,121.93784962960392,False,50.0,50.0,44.0,4669,chunk04
lightglue_plus_union_prior,981,50,5291,55.02432514423607,False,1.0,1.0,1.0,57.09757294429708,69.09757294429707,37.0,377.0,0.4375,55.02432514423607,False,43.89824877636903,False,3.0,3.0,3.0,5417,chunk04
lightglue_plus_union_prior,986,50,5417,52.63105937159396,False,4.0,1.0,1.0,44.81622676579926,53.81622676579926,29.0,269.0,0.4375,73.32555618651371,False,24.202508544067587,True,4.0,5.0,47.0,5418,chunk04
lightglue_plus_union_prior,990,50,5419,28.98054211551957,True,21.0,1.0,1.0,44.53433884297521,50.34364618439116,29.0,242.0,0.5625,608.4026350038117,False,28.98054211551957,True,1.0,1.0,21.0,5419,chunk04
union_rank_only,1001,50,3669,421.47301108214026,False,1.0,45.0,1.0,10.369444444444444,22.369444444444444,5.0,45.0,0.1875,421.47301108214026,False,140.27755868742017,False,50.0,47.0,29.0,4670,chunk05
union_rank_only,1003,50,5837,1451.3429936995262,False,1.0,45.0,1.0,10.051060606060606,22.05106060606061,5.0,33.0,0.1875,1451.3429936995262,False,119.61189706319978,False,30.0,35.0,23.0,4670,chunk05
union_rank_only,1006,50,4016,1071.9084544081295,False,1.0,28.0,3.0,10.471428571428572,22.47142857142857,5.0,35.0,0.25,1071.9084544081295,False,23.396869293329225,True,2.0,2.0,33.0,5046,chunk05
union_rank_only,1011,50,3766,1073.9047958072035,False,1.0,11.0,4.0,11.761363636363637,23.761363636363637,6.0,55.0,0.1875,1073.9047958072035,False,13.682006877251826,True,1.0,1.0,26.0,4796,chunk05
union_rank_only,1015,50,3641,1070.8946037313794,False,1.0,16.0,2.0,11.03037037037037,23.03037037037037,5.0,54.0,0.25,1070.8946037313794,False,57.31226687911721,False,1.0,1.0,31.0,4796,chunk05
union_rank_only,1016,50,3641,1068.1100982164487,False,1.0,7.0,2.0,11.605,23.605,6.0,50.0,0.1875,1068.1100982164487,False,68.25559491425004,False,1.0,1.0,44.0,4796,chunk05
union_rank_only,1021,50,3130,1460.8047621520047,False,1.0,21.0,1.0,10.62780487804878,22.62780487804878,5.0,41.0,0.25,1460.8047621520047,False,86.80600705150891,False,9.0,26.0,29.0,4671,chunk05
union_rank_only,1024,50,3797,132.80768039191744,False,1.0,26.0,2.0,10.495555555555557,22.495555555555555,5.0,36.0,0.25,132.80768039191744,False,84.7228662485706,False,4.0,6.0,11.0,4546,chunk05
union_rank_only,1026,50,6087,1533.5792669721586,False,1.0,18.0,1.0,10.858333333333334,22.85833333333333,5.0,60.0,0.1875,1533.5792669721586,False,112.25132307087064,False,6.0,4.0,3.0,3797,chunk05
union_rank_only,1031,50,2752,1560.9626037493472,False,1.0,48.0,3.0,8.365652173913043,20.36565217391304,4.0,23.0,0.125,1560.9626037493472,False,28.6650035798724,True,3.0,27.0,44.0,3920,chunk05
union_rank_only,1034,50,2752,1555.339979327092,False,1.0,43.0,2.0,9.676060606060606,21.67606060606061,5.0,33.0,0.125,1555.339979327092,False,26.63331622078549,True,1.0,1.0,13.0,3920,chunk05
union_rank_only,991,50,5187,596.7933337640835,False,1.0,2.0,2.0,14.08567901234568,26.08567901234568,7.0,81.0,0.25,596.7933337640835,False,38.63535894604138,True,1.0,1.0,21.0,5419,chunk05
union_rank_only,996,50,5062,569.9928764836168,False,1.0,18.0,2.0,11.443030303030303,23.443030303030305,5.0,66.0,0.25,569.9928764836168,False,283.03307000393545,False,11.0,10.0,7.0,5038,chunk05
lightglue_only,1001,50,3546,451.57462168464167,False,44.0,1.0,15.0,13.440294117647058,17.344828151380348,6.0,102.0,0.1875,421.47301108214026,False,140.27755868742017,False,50.0,47.0,29.0,4670,chunk05
lightglue_only,1003,50,3542,450.5856805591234,False,46.0,1.0,22.0,13.553571428571429,15.93822316550081,6.0,105.0,0.1875,1451.3429936995262,False,119.61189706319978,False,30.0,35.0,23.0,4670,chunk05
lightglue_only,1006,50,5047,47.27441558948068,False,3.0,1.0,1.0,123.94115384615384,133.4052554612916,99.0,468.0,0.5625,1071.9084544081295,False,23.396869293329225,True,2.0,2.0,33.0,5046,chunk05
lightglue_only,1011,50,4796,13.682006877251826,True,26.0,1.0,1.0,58.12545454545455,62.30215135628365,43.0,275.0,0.25,1073.9047958072035,False,13.682006877251826,True,1.0,1.0,26.0,4796,chunk05
lightglue_only,1015,50,4796,57.31226687911721,False,31.0,1.0,1.0,63.87344522968198,67.95107704184262,48.0,283.0,0.3125,1070.8946037313794,False,57.31226687911721,False,1.0,1.0,31.0,4796,chunk05
lightglue_only,1016,50,4796,68.25559491425004,False,44.0,1.0,1.0,65.93922535211267,69.84375938584596,50.0,284.0,0.3125,1068.1100982164487,False,68.25559491425004,False,1.0,1.0,44.0,4796,chunk05
lightglue_only,1021,50,3516,1063.114368669856,False,18.0,1.0,6.0,13.053028169014084,18.96724173138718,6.0,71.0,0.3125,1460.8047621520047,False,86.80600705150891,False,9.0,26.0,29.0,4671,chunk05
lightglue_only,1024,50,5188,655.8953114625604,False,3.0,1.0,1.0,14.020957446808511,23.485059061946263,9.0,47.0,0.0625,132.80768039191744,False,84.7228662485706,False,4.0,6.0,11.0,4546,chunk05
lightglue_only,1026,50,5188,665.1148755586643,False,4.0,1.0,3.0,12.48078947368421,21.48078947368421,6.0,76.0,0.1875,1533.5792669721586,False,112.25132307087064,False,6.0,4.0,3.0,3797,chunk05
lightglue_only,1031,50,4913,377.6694258518582,False,34.0,1.0,11.0,13.028736263736263,17.057727774591317,6.0,91.0,0.1875,1560.9626037493472,False,28.6650035798724,True,3.0,27.0,44.0,3920,chunk05
lightglue_only,1034,50,3920,26.63331622078549,True,13.0,1.0,1.0,56.39449438202247,62.55859497069816,36.0,356.0,0.625,1555.339979327092,False,26.63331622078549,True,1.0,1.0,13.0,3920,chunk05
lightglue_only,991,50,5419,38.63535894604138,True,21.0,1.0,1.0,39.25978260869565,45.0690899501116,25.0,230.0,0.4375,596.7933337640835,False,38.63535894604138,True,1.0,1.0,21.0,5419,chunk05
lightglue_only,996,50,5187,566.4513304403324,False,2.0,1.0,1.0,13.403736263736263,23.646376950855547,6.0,91.0,0.25,569.9928764836168,False,283.03307000393545,False,11.0,10.0,7.0,5038,chunk05
lightglue_plus_union_prior,1001,50,3669,421.47301108214026,False,1.0,45.0,1.0,10.369444444444444,22.369444444444444,5.0,45.0,0.1875,421.47301108214026,False,140.27755868742017,False,50.0,47.0,29.0,4670,chunk05
lightglue_plus_union_prior,1003,50,5837,1451.3429936995262,False,1.0,45.0,1.0,10.051060606060606,22.05106060606061,5.0,33.0,0.1875,1451.3429936995262,False,119.61189706319978,False,30.0,35.0,23.0,4670,chunk05
lightglue_plus_union_prior,1006,50,5047,47.27441558948068,False,3.0,1.0,1.0,123.94115384615384,133.4052554612916,99.0,468.0,0.5625,1071.9084544081295,False,23.396869293329225,True,2.0,2.0,33.0,5046,chunk05
lightglue_plus_union_prior,1011,50,4796,13.682006877251826,True,26.0,1.0,1.0,58.12545454545455,62.30215135628365,43.0,275.0,0.25,1073.9047958072035,False,13.682006877251826,True,1.0,1.0,26.0,4796,chunk05
lightglue_plus_union_prior,1015,50,4796,57.31226687911721,False,31.0,1.0,1.0,63.87344522968198,67.95107704184262,48.0,283.0,0.3125,1070.8946037313794,False,57.31226687911721,False,1.0,1.0,31.0,4796,chunk05
lightglue_plus_union_prior,1016,50,4796,68.25559491425004,False,44.0,1.0,1.0,65.93922535211267,69.84375938584596,50.0,284.0,0.3125,1068.1100982164487,False,68.25559491425004,False,1.0,1.0,44.0,4796,chunk05
lightglue_plus_union_prior,1021,50,3130,1460.8047621520047,False,1.0,21.0,1.0,10.62780487804878,22.62780487804878,5.0,41.0,0.25,1460.8047621520047,False,86.80600705150891,False,9.0,26.0,29.0,4671,chunk05
lightglue_plus_union_prior,1024,50,5188,655.8953114625604,False,3.0,1.0,1.0,14.020957446808511,23.485059061946263,9.0,47.0,0.0625,132.80768039191744,False,84.7228662485706,False,4.0,6.0,11.0,4546,chunk05
lightglue_plus_union_prior,1026,50,6087,1533.5792669721586,False,1.0,18.0,1.0,10.858333333333334,22.85833333333333,5.0,60.0,0.1875,1533.5792669721586,False,112.25132307087064,False,6.0,4.0,3.0,3797,chunk05
lightglue_plus_union_prior,1031,50,2501,1610.9441290954385,False,5.0,2.0,1.0,12.46923076923077,21.15251234223052,6.0,65.0,0.25,1560.9626037493472,False,28.6650035798724,True,3.0,27.0,44.0,3920,chunk05
lightglue_plus_union_prior,1034,50,3920,26.63331622078549,True,13.0,1.0,1.0,56.39449438202247,62.55859497069816,36.0,356.0,0.625,1555.339979327092,False,26.63331622078549,True,1.0,1.0,13.0,3920,chunk05
lightglue_plus_union_prior,991,50,5419,38.63535894604138,True,21.0,1.0,1.0,39.25978260869565,45.0690899501116,25.0,230.0,0.4375,596.7933337640835,False,38.63535894604138,True,1.0,1.0,21.0,5419,chunk05
lightglue_plus_union_prior,996,50,5187,566.4513304403324,False,2.0,1.0,1.0,13.403736263736263,23.646376950855547,6.0,91.0,0.25,569.9928764836168,False,283.03307000393545,False,11.0,10.0,7.0,5038,chunk05
