policy,policy_type,event_index,correction_role,sequence_frame_id,token,tile_id,reference_cumulative_distance_m,gap_since_previous_event_m,baseline_x_m,baseline_y_m,pre_correction_x_m,pre_correction_y_m,pre_correction_error_m,absolute_fix_x_m,absolute_fix_y_m,post_correction_x_m,post_correction_y_m,post_correction_error_m,manifest_fix_error_m_eval_only,fix_error_consistency_delta_m,position_shift_applied_m,error_improvement_m,error_worsened,correction_true_eval_only,correction_false_eval_only,correction_dangerous_false_gt100m_eval_only,offset_before_x_m,offset_before_y_m,offset_after_x_m,offset_after_y_m
oracle_position_reset_eval_only,candidate_pool_oracle_eval_only,0,initialization,0,1,3545,0.0,0.0,-1.359850087417669,-0.4660028431250111,-1.359850087417669,-0.4660028431250111,1.4374807511930154,-6.767451161635108,-13.430098543409258,-6.767451161635108,-13.430098543409258,15.038814518132732,15.072437260721763,0.03362274258903142,14.046705190328659,-13.601333766939716,True,True,False,False,0.0,0.0,-5.407601074217439,-12.964095700284247
oracle_position_reset_eval_only,candidate_pool_oracle_eval_only,1,relocalization,5,6,3545,11.737876502062866,11.737876502062866,-2.290180575102704,10.791856415869864,-7.697781649320143,-2.172239284414383,14.809682148532108,-6.767451161635108,-13.430098543409258,-6.767451161635108,-13.43009854340926,25.09728167850475,25.173257925336667,0.0759762468319174,11.296234324395583,-10.287599529972642,True,True,False,False,-5.407601074217439,-12.964095700284247,-4.477270586532404,-24.221954959279124
oracle_position_reset_eval_only,candidate_pool_oracle_eval_only,2,relocalization,10,11,3420,54.64278341865671,42.904906916593845,-2.732780360875151,53.01944343508369,-7.210050947407555,28.797488475804563,25.45558277543819,-7.290479287155904,21.367446025833488,-7.290479287155904,21.367446025833488,32.80080137832537,32.90649485062182,0.10569347229645132,7.430477745488971,-7.345218602887176,True,True,False,False,-4.477270586532404,-24.221954959279124,-4.557698926280753,-31.6519974092502
oracle_position_reset_eval_only,candidate_pool_oracle_eval_only,3,relocalization,25,26,2671,220.3799579346575,165.7371745160008,8.163769234731044,220.7126190118628,3.606070308450291,189.06062160261263,30.11375047158407,24.54326320567634,230.6784807601944,24.54326320567634,230.6784807601944,21.22974247971018,21.222233130034205,0.007509349675974164,46.58768342894896,8.88400799187389,False,True,False,False,-4.557698926280753,-31.6519974092502,16.379493970945298,9.965861748331577
oracle_position_reset_eval_only,candidate_pool_oracle_eval_only,4,relocalization,30,31,2546,276.7436757733336,56.36371783867611,16.733114148634126,276.69653941433745,33.11260811957942,286.662401162669,20.635207584841762,24.020094828563742,265.4760392168537,24.020094828563742,265.4760392168537,11.72853454999116,11.743486859912798,0.014952309921637763,23.055058673670505,8.906673034850602,False,True,False,False,16.379493970945298,9.965861748331577,7.286980679929616,-11.220500197483773
oracle_position_reset_eval_only,candidate_pool_oracle_eval_only,5,relocalization,35,36,2296,335.5411407227439,58.797464949410255,17.468665985366954,334.1951156746408,24.75564666529657,322.97461547715704,12.30259463402566,22.973742033238523,335.0711604501121,22.973742033238523,335.0711604501121,5.357451765981062,5.3505473202788245,0.006904445702237361,12.227084051419354,6.945142868044598,False,True,False,False,7.286980679929616,-11.220500197483773,5.505076047871569,0.8760447754712573
oracle_position_reset_eval_only,candidate_pool_oracle_eval_only,6,relocalization,39,40,2171,383.5292662314617,47.988125508717815,16.80587215055637,381.09260766071566,22.31094819842794,381.9686524361869,4.949477032072195,22.45055761514232,369.8687232285738,22.45055761514232,369.8687232285738,12.401796886859742,12.433470076196253,0.03167318933651053,12.10073459003561,-7.4523198547875475,True,True,False,False,5.505076047871569,0.8760447754712573,5.644685464585947,-11.223884432141858
oracle_position_reset_eval_only,candidate_pool_oracle_eval_only,7,relocalization,40,41,2171,395.49859310760905,11.969326876147363,16.660905753606247,392.8519682815633,22.305591218192195,381.62808384942144,12.568678175935068,22.45055761514232,369.8687232285738,22.45055761514232,369.8687232285738,23.859086646543542,23.93413529514438,0.07504864860083771,11.760254141275476,-11.290408470608474,True,True,False,False,5.644685464585947,-11.223884432141858,5.789651861536072,-22.983245052989503
oracle_position_reset_eval_only,candidate_pool_oracle_eval_only,8,relocalization,45,46,1921,458.5574763660672,63.05888325845814,15.757647978296326,454.6695998377597,21.547299839832398,431.6863547847702,25.09364921580735,21.40417273784988,439.46385310497135,21.40417273784988,439.46385310497135,17.521943377500712,17.573676838494016,0.05173346099330445,7.778815172508859,7.571705838306638,False,True,False,False,5.789651861536072,-22.983245052989503,5.646524759553554,-15.205746732788327
oracle_position_reset_eval_only,candidate_pool_oracle_eval_only,9,relocalization,49,50,1796,508.7616222039138,50.204145837846625,15.301928968022716,504.8392448678336,20.948453727576272,489.6334981350453,17.72610637501365,20.880972278886475,474.2614202033728,20.880972278886475,474.2614202033728,32.64556786497675,32.750780158481554,0.1052122935048061,15.37222604840723,-14.919461489963098,True,True,False,False,5.646524759553554,-15.205746732788327,5.579043310863758,-30.57782466446082
oracle_position_reset_eval_only,candidate_pool_oracle_eval_only,10,relocalization,55,56,1546,583.9056175120653,75.14399530815149,14.801693637307777,577.9766574374977,20.380736948171535,547.3988327730369,34.87490769906203,19.83455531997606,543.8565587215126,19.83455531997606,543.8565587215126,38.25077502786657,38.37405213659071,0.12327710872414599,3.584134459961171,-3.3758673288045387,True,True,False,False,5.579043310863758,-30.57782466446082,5.032861682668285,-34.12009871598514
oracle_position_reset_eval_only,candidate_pool_oracle_eval_only,11,relocalization,78,79,545,844.4569724412229,260.5513549291576,19.38182692760224,843.5890073743221,24.414688610270524,809.468908658337,36.277884697483046,-19.321601661504246,821.7113686478697,-19.321601661504246,821.7113686478697,34.39991683326031,34.39601604526073,0.0039007879995835992,45.41740760250687,1.8779678642227324,False,True,False,False,5.032861682668285,-34.12009871598514,-38.70342858910649,-21.87763872645246
oracle_position_reset_eval_only,candidate_pool_oracle_eval_only,12,relocalization,80,81,545,847.3137521681801,2.8567797269572566,17.555914918867117,844.5525433702586,-21.14751367023937,822.6749046438061,34.072768981781465,-19.321601661504246,821.7113686478697,-19.321601661504246,821.7113686478697,33.21907280485133,33.224451813680055,0.005379008828725773,2.0645474756247224,0.8536961769301357,False,True,False,False,-38.70342858910649,-21.87763872645246,-36.87751658037136,-22.841174722388928
oracle_position_reset_eval_only,candidate_pool_oracle_eval_only,13,relocalization,100,101,540,1066.5489001062754,219.23514793809522,-205.9783669067029,846.4150802111085,-242.85588348707427,823.5739054887196,33.492946703746576,-194.1729206891032,819.0839101858437,-194.1729206891032,819.0839101858437,26.828129460140964,26.85274048842789,0.02461102828692674,48.88957889579826,6.6648172436056115,False,True,False,False,-36.87751658037136,-22.841174722388928,11.805446217599695,-27.331170025264782
oracle_position_reset_eval_only,candidate_pool_oracle_eval_only,14,relocalization,110,111,537,1186.5188215405103,119.96992143423495,-336.8904324851721,844.2698105552636,-325.0849862675724,816.9386405299988,19.53538024136361,-299.08366626501083,817.5086753894575,-299.08366626501083,817.5086753894575,37.88220339129428,37.855949002529584,0.026254388764698433,26.00756777587258,-18.34682314993067,True,True,False,False,11.805446217599695,-27.331170025264782,37.80676622016125,-26.76113516580608
oracle_position_reset_eval_only,candidate_pool_oracle_eval_only,15,relocalization,128,129,529,1401.9195601573342,215.4007386168239,-586.4883625303844,837.7256541366925,-548.6815963102231,810.9645189708864,18.958452937940173,-578.8454865706153,813.3125969446264,-578.8454865706153,813.3125969446264,34.96893708953633,34.942808561132146,0.026128528404186113,30.255144121483685,-16.01048415159616,True,True,False,False,37.80676622016125,-26.76113516580608,7.642875959769071,-24.41305719206605
oracle_position_reset_eval_only,candidate_pool_oracle_eval_only,16,relocalization,130,131,529,1425.2642621114535,23.344701954119273,-610.6249717176629,836.7635335866034,-602.9820957578938,812.3504763945374,35.85754800127241,-578.8454865706153,813.3125969446264,-578.8454865706153,813.3125969446264,17.671384716804813,17.713301616081825,0.041916899277012476,24.15577734233202,18.1861632844676,False,True,False,False,7.642875959769071,-24.41305719206605,31.77948514704758,-23.450936641977023
oracle_position_reset_eval_only,candidate_pool_oracle_eval_only,17,relocalization,135,136,528,1479.1132468436915,53.84898473223802,-666.5337306421518,834.7097146582246,-634.7542454951042,811.2587780162476,19.43104270538967,-613.8156969500706,812.7885522413999,-613.8156969500706,812.7885522413999,19.187098913063178,19.217471287595927,0.030372374532749546,20.994356964495754,0.243943792326494,False,True,False,False,31.77948514704758,-23.450936641977023,52.718033692081235,-21.9211624168247
oracle_position_reset_eval_only,candidate_pool_oracle_eval_only,18,relocalization,138,139,527,1514.8163175694035,35.703070725711996,-703.4985525840973,833.4091797375228,-650.7805188920161,811.4880173206981,18.915651807822396,-648.7859035201836,812.2646108935587,-648.7859035201836,812.2646108935587,19.445139473772066,19.47232333343605,0.027183859663985288,2.140464449356411,-0.5294876659496701,True,True,False,False,52.718033692081235,-21.9211624168247,54.71264906391366,-21.144568843964066
oracle_position_reset_eval_only,candidate_pool_oracle_eval_only,19,relocalization,140,141,401,1538.6508865327703,23.83456896336679,-728.2223750773478,832.466696145538,-673.5097260134341,811.3221273015739,19.282714858757156,-684.2773086238885,846.5382798938081,-684.2773086238885,846.5382798938081,19.566308133868766,19.63179225203028,0.065484118161514,36.82551070484264,-0.2835932751116097,True,True,False,False,54.71264906391366,-21.144568843964066,43.945066453459276,14.071583748270086
oracle_position_reset_eval_only,candidate_pool_oracle_eval_only,20,relocalization,180,181,1648,1926.6973536358632,388.04646710309294,-812.1543345225043,491.80210787145126,-768.209268069045,505.87369161972134,8.353606284707874,-783.9788869633339,496.99248331272975,-783.9788869633339,496.99248331272975,26.449865943979567,26.43326356485385,0.01660237912571816,18.098528698855326,-18.096259659271695,True,True,False,False,43.945066453459276,14.071583748270086,28.17544755917038,5.190375441278491
oracle_position_reset_eval_only,candidate_pool_oracle_eval_only,21,relocalization,185,186,1648,1932.6752350517088,5.977881415845559,-812.3504131365153,485.4086013707609,-784.1749655773449,490.5989768120394,26.957311183473045,-783.9788869633339,496.99248331272975,-783.9788869633339,496.99248331272975,24.150978070721326,24.116585303341022,0.034392767380303724,6.396512502703517,2.8063331127517195,False,True,False,False,28.17544755917038,5.190375441278491,28.371526173181337,11.583881941968855
oracle_position_reset_eval_only,candidate_pool_oracle_eval_only,22,relocalization,190,191,1648,1938.440742845247,5.765507793538291,-812.6679065868932,480.1188969943351,-784.2963804137119,491.70277893630396,24.553686345872844,-783.9788869633339,496.99248331272975,-783.9788869633339,496.99248331272975,23.26640297418134,23.223608820880912,0.04279415330042724,5.299223950826293,1.2872833716915046,False,True,False,False,28.371526173181337,11.583881941968855,28.68901962355926,16.873586318394644
oracle_position_reset_eval_only,candidate_pool_oracle_eval_only,23,relocalization,195,196,1773,1956.506294645568,18.065551800320918,-813.9789277221983,460.05664616087273,-785.289908098639,476.9302324792674,24.9685056876861,-783.4580463828752,462.19500210508704,-783.4580463828752,462.19500210508704,29.40406920388955,29.408003084881145,0.003933880991596084,14.848660933762606,-4.435563516203448,True,True,False,False,28.68901962355926,16.873586318394644,30.52088133932307,2.138355944214311
oracle_position_reset_eval_only,candidate_pool_oracle_eval_only,24,relocalization,200,201,1773,1971.5889309154436,15.082636269875593,-814.533501587254,443.51361778852726,-784.012620247931,445.65197373274157,31.248525291117303,-783.4580463828752,462.19500210508704,-783.4580463828752,462.19500210508704,23.719182127384208,23.67719489349913,0.0419872338850773,16.55232128434046,7.529343163733095,False,True,False,False,30.52088133932307,2.138355944214311,31.07545520437884,18.681384316559786
oracle_position_reset_eval_only,candidate_pool_oracle_eval_only,25,relocalization,205,206,1773,1981.047264600488,9.458333685044408,-815.2016448014697,434.158145160888,-784.1261895970908,452.8395294774478,24.569672037063725,-783.4580463828752,462.19500210508704,-783.4580463828752,462.19500210508704,24.24271640186356,24.20512488938083,0.03759151248273085,9.379300797032238,0.32695563520016435,False,True,False,False,31.07545520437884,18.681384316559786,31.7435984185945,28.03685694419903
oracle_position_reset_eval_only,candidate_pool_oracle_eval_only,26,relocalization,210,211,1898,1995.9062558328087,14.858991232320705,-816.6316883713446,417.9644927233884,-784.8880899527501,446.0013496675874,25.117572504687374,-782.9372111251578,427.3975223405287,-782.9372111251578,427.3975223405287,26.982040005719625,26.97018565271046,0.011854353009166374,18.705836506688595,-1.8644675010322516,True,True,False,False,31.7435984185945,28.03685694419903,33.69447724618681,9.433029617140335
oracle_position_reset_eval_only,candidate_pool_oracle_eval_only,27,relocalization,215,216,2023,2036.4742383006333,40.56798246782455,-820.7135220978075,373.375947303516,-787.0190448516207,382.80897692065633,32.53801791681701,-782.4163811902981,392.600044017192,-782.4163811902981,392.600044017192,23.833709377820185,23.8045294338649,0.02917994395528467,10.818942077122069,8.704308538996827,False,True,False,False,33.69447724618681,9.433029617140335,38.2971409075094,19.224096713675976
oracle_position_reset_eval_only,candidate_pool_oracle_eval_only,28,relocalization,250,251,3399,2423.036147494842,386.56190919420897,-836.4298135125243,-35.663993760950696,-798.1326726050149,-16.43989704727472,63.426175369542506,-741.7150467209285,10.351318392902613,-741.7150467209285,10.351318392902613,5.218622238395081,5.234032282158039,0.015410043762957848,62.455726199914885,58.20755313114742,False,True,False,False,38.2971409075094,19.224096713675976,94.71476679159582,46.01531215385331
oracle_position_reset_eval_only,candidate_pool_oracle_eval_only,29,relocalization,255,256,3524,2479.0039020090703,55.96775451422809,-840.5406408318013,-93.56818190361857,-745.8258740402055,-47.55286974976526,7.8707254789857855,-741.1941778404871,-24.446146419737488,-741.1941778404871,-24.446146419737488,16.19361358001406,16.2475356965014,0.053922116487342464,23.56635891980208,-8.322888101028273,True,True,False,False,94.71476679159582,46.01531215385331,99.34646299131418,69.12203548388108
oracle_position_reset_eval_only,candidate_pool_oracle_eval_only,30,relocalization,258,259,3774,2512.694933194015,33.69103118494468,-842.9518594009262,-127.74874145471333,-743.605396409612,-58.62670597083225,15.823413643370996,-740.1524560515536,-94.04107172042131,-740.1524560515536,-94.04107172042131,19.783918589350705,19.85008059085271,0.06616200150200413,35.58230035512004,-3.960504945979709,True,True,False,False,99.34646299131418,69.12203548388108,102.7994033493726,33.70766973429201
oracle_position_reset_eval_only,candidate_pool_oracle_eval_only,31,relocalization,260,261,3774,2535.5253024158897,22.830369221874662,-844.4307102842217,-151.0075913349513,-741.6313069348491,-117.29992160065927,20.192896643280406,-740.1524560515536,-94.04107172042131,-740.1524560515536,-94.04107172042131,3.163391883036027,3.173043086197424,0.009651203161397337,23.3058168208383,17.02950476024438,False,True,False,False,102.7994033493726,33.70766973429201,104.27825423266813,56.96651961452997
oracle_position_reset_eval_only,candidate_pool_oracle_eval_only,32,relocalization,265,266,4024,2593.37572279381,57.85042037792027,-848.2819199511903,-208.8694858068752,-744.0036657185221,-151.90296619234522,5.1894549402002195,-739.110755559057,-163.63599125435576,-739.110755559057,-163.63599125435576,8.702810540371926,8.73182821171255,0.029017671340623608,12.712373772603001,-3.513355600171707,True,True,False,False,104.27825423266813,56.96651961452997,109.17116439213328,45.23349455251943
oracle_position_reset_eval_only,candidate_pool_oracle_eval_only,33,relocalization,268,269,4149,2629.3947980347853,36.019075240975326,-850.7852962466459,-245.6181455577644,-741.6141318545126,-200.38465100524496,9.648504263648947,-738.5899132988416,-198.4334488590248,-738.5899132988416,-198.4334488590248,7.507249138362187,7.532041265804385,0.02479212744219783,3.5990398286041834,2.1412551252867598,False,True,False,False,109.17116439213328,45.23349455251943,112.19538294780432,47.1846966987396
oracle_position_reset_eval_only,candidate_pool_oracle_eval_only,34,relocalization,270,271,4274,2652.7788412785085,23.384043243723227,-852.3186854031142,-269.7240309646055,-740.1233024553098,-222.5393342658659,8.25601822833573,-738.0690763628809,-233.23090502247211,-738.0690763628809,-233.23090502247211,18.89753836892933,18.960849223413444,0.063310854484115,10.887126805651391,-10.641520140593599,True,True,False,False,112.19538294780432,47.1846966987396,114.24960904023328,36.49312594213339
oracle_position_reset_eval_only,candidate_pool_oracle_eval_only,35,relocalization,275,276,4399,2708.194222382337,55.41538110382862,-856.9103026001603,-327.0031728701972,-742.660693559927,-290.51004692806384,21.118409932280446,-737.5482447510585,-268.0283597437665,-737.5482447510585,-268.0283597437665,2.077786969282251,2.081395031634583,0.00360806235233202,23.055658556543147,19.040622962998196,False,True,False,False,114.24960904023328,36.49312594213339,119.3620578491018,58.97481312643072
oracle_position_reset_eval_only,candidate_pool_oracle_eval_only,36,relocalization,305,306,5774,3065.4750671153506,357.2808447330135,-869.3431482172775,-699.8473284846967,-749.9810903681757,-640.872515358266,27.310813290895,-731.8194484177511,-650.800266542472,-731.8194484177511,-650.800266542472,24.557404477080162,24.63318312855205,0.07577865147188945,20.697958399584373,2.7534088138148363,False,True,False,False,119.3620578491018,58.97481312643072,137.5236997995264,49.047061942224786
oracle_position_reset_eval_only,candidate_pool_oracle_eval_only,37,relocalization,375,376,6665,3858.4671241995184,792.9920570841678,-291.1192964469006,-931.4199812202114,-153.59559664737418,-882.3729192779866,48.78844378423923,-168.56999565300066,-885.9947711927816,-168.56999565300066,-885.9947711927816,33.50155788777725,33.46243989006533,0.03911799771191937,15.406181774612799,15.286885896461975,False,True,False,False,137.5236997995264,49.047061942224786,122.54930079389993,45.425210027429785
oracle_position_reset_eval_only,candidate_pool_oracle_eval_only,38,relocalization,380,381,6666,3918.802417796444,60.33529359692557,-228.15772298864056,-920.1265588438564,-105.60842219474063,-874.7013488164266,40.369214903590375,-133.5947012802353,-885.4696725350805,-133.5947012802353,-885.4696725350805,12.834876018429592,12.864052687397322,0.029176668967730635,29.986473830060785,27.534338885160786,False,True,False,False,122.54930079389993,45.425210027429785,94.56302170840524,34.65688630877594
oracle_position_reset_eval_only,candidate_pool_oracle_eval_only,39,relocalization,386,387,6668,3991.10252571315,72.30010791670611,-152.97607660985133,-908.017922027242,-58.41305490144609,-873.361035718466,23.594297839638894,-63.64410106372088,-884.4191652587615,-63.64410106372088,-884.4191652587615,11.422828406678828,11.455529190090122,0.032700783411293344,12.232991166587377,12.171469432960066,False,True,False,False,94.56302170840524,34.65688630877594,89.33197554613045,23.598756768480484
oracle_position_reset_eval_only,candidate_pool_oracle_eval_only,40,relocalization,475,476,6066,4991.506235181863,1000.4037094687133,572.8120196268678,-578.8776663070117,662.1439951729983,-555.2789095385313,148.26672371992296,738.1635830599116,-698.3206690349616,738.1635830599116,-698.3206690349616,20.495237916121944,20.5536231608308,0.05838524470885531,161.98741525912055,127.77148580380103,False,True,False,False,89.33197554613045,23.598756768480484,165.3515634330438,-119.44300272794987
oracle_position_reset_eval_only,candidate_pool_oracle_eval_only,41,relocalization,480,481,5817,5052.685233124886,61.178997943022296,560.096362630738,-523.2432419901312,725.4479260637818,-642.6862447180811,30.413695489126276,772.0880920478376,-628.1976640727371,772.0880920478376,-628.1976640727371,31.314236850098492,31.27622673898626,0.03801011111223218,48.8387556366551,-0.9005413609722162,True,True,False,False,165.3515634330438,-119.44300272794987,211.99172941709958,-104.9544220826059
oracle_position_reset_eval_only,candidate_pool_oracle_eval_only,42,relocalization,481,482,5692,5064.544979629139,11.859746504253053,557.6071029059926,-512.2374074197514,769.5988323230922,-617.1918295023573,29.6510912761358,771.5628984686919,-593.4000614946708,771.5628984686919,-593.4000614946708,31.801499964467403,31.76542721799197,0.03607274647543335,23.872699486146658,-2.150408688331602,True,True,False,False,211.99172941709958,-104.9544220826059,213.95579556269922,-81.16265407491937
oracle_position_reset_eval_only,candidate_pool_oracle_eval_only,43,relocalization,485,486,5567,5112.866852659654,48.321873030515235,547.7918738334622,-468.01703845144624,761.7476693961614,-549.1796925263657,22.298116822368353,771.0376995200058,-558.6024574781768,771.0376995200058,-558.6024574781768,30.029357659374945,29.97380956798691,0.055548091388036624,13.23227716755574,-7.731240837006592,True,True,False,False,213.95579556269922,-81.16265407491937,223.24582568654364,-90.58541902673056
oracle_position_reset_eval_only,candidate_pool_oracle_eval_only,44,relocalization,500,501,4941,5293.072823593685,180.20597093403103,513.5480318808807,-305.88072560677443,736.7938575674243,-396.466144633505,19.198879477652934,733.4376694587991,-385.1422543409281,733.4376694587991,-385.1422543409281,8.657231056468405,8.677926862151223,0.020695805682818147,11.810778550916728,10.54164842118453,False,True,False,False,223.24582568654364,-90.58541902673056,219.8896375779184,-79.26152873415367
oracle_position_reset_eval_only,candidate_pool_oracle_eval_only,45,relocalization,502,503,4817,5317.011127228425,23.938303634739896,508.9721221552892,-284.0829850118289,728.8617597332076,-363.34451374598257,12.761338364527479,767.8863930704538,-349.8168031633832,767.8863930704538,-349.8168031633832,31.31031040254342,31.253458854917834,0.056851547625583976,41.302796039893934,-18.54897203801594,True,True,False,False,219.8896375779184,-79.26152873415367,258.9142709151646,-65.73381815155432
oracle_position_reset_eval_only,candidate_pool_oracle_eval_only,46,relocalization,510,511,4441,5412.322651138414,95.31152390998886,489.90771030218826,-197.2708268078509,748.8219812173529,-263.00464495940525,14.739497750069594,731.3371238369728,-245.9518104013987,731.3371238369728,-245.9518104013987,12.615275377997685,12.652706327353478,0.03743094935579272,24.42374672475494,2.124222372071909,False,True,False,False,258.9142709151646,-65.73381815155432,241.4294135347845,-48.68098359354778
oracle_position_reset_eval_only,candidate_pool_oracle_eval_only,47,relocalization,515,516,4317,5470.28670602077,57.96405488235632,477.7621882817932,-144.64586258143467,719.1916018165778,-193.32684617498245,15.810840675909164,765.7854147169273,-210.6263381787576,765.7854147169273,-210.6263381787576,33.978151466285375,33.93344802551496,0.04470344077041233,49.70166822332489,-18.167310790376213,True,True,False,False,241.4294135347845,-48.68098359354778,288.0232264351341,-65.98047559732294
oracle_position_reset_eval_only,candidate_pool_oracle_eval_only,48,relocalization,520,521,4065,5525.589007354143,55.30230133337318,466.5450136605138,-93.94326395351482,754.568240095648,-159.92373955083775,26.872854233515294,694.7884270232171,-142.08672428503633,694.7884270232171,-142.08672428503633,37.66147651871035,37.59273079332692,0.0687457253834296,62.38417399122323,-10.788622285195057,True,True,False,False,288.0232264351341,-65.98047559732294,228.24341336270328,-48.14346033152151
oracle_position_reset_eval_only,candidate_pool_oracle_eval_only,49,relocalization,530,531,3690,5635.977201409314,110.38819405517097,443.6716093649978,8.087252352461118,671.9150227277011,-40.05620797906039,57.86571140771491,693.2132215873571,-37.69387473491952,693.2132215873571,-37.69387473491952,36.440010528415996,36.3730824977982,0.06692803061779529,21.428809883468272,21.425700879298915,False,True,False,False,228.24341336270328,-48.14346033152151,249.54161222235933,-45.78112708738064
oracle_position_reset_eval_only,candidate_pool_oracle_eval_only,50,relocalization,545,546,3066,5809.060463631563,173.08326222224878,410.5253109867008,166.6879454018069,660.0669232090602,120.90681831442626,71.68729150322109,725.560180499102,136.82202914357185,725.560180499102,136.82202914357185,4.349017691311736,4.344291767816918,0.004725923494818041,67.3992632466837,67.33827381190936,False,True,False,False,249.54161222235933,-45.78112708738064,315.0348695124012,-29.865916258235046
oracle_position_reset_eval_only,candidate_pool_oracle_eval_only,51,relocalization,550,551,2941,5860.434572645745,51.37410901418207,402.3134841652318,213.7926287029644,717.348353677633,183.92671244472936,14.926958071871029,725.0349716232158,171.61965955328196,725.0349716232158,171.61965955328196,19.238128657163667,19.29194610137268,0.05381744420901313,14.510260036065512,-4.311170585292638,True,True,False,False,315.0348695124012,-29.865916258235046,322.72148745798404,-42.172969149682444
oracle_position_reset_eval_only,candidate_pool_oracle_eval_only,52,relocalization,555,556,2817,5880.7177312225285,20.283158576783535,398.791488884364,231.6422934601981,721.5129763423481,189.46932431051565,22.505552909638368,759.4819642086513,206.9451949056238,759.4819642086513,206.9451949056238,28.816846085655897,28.765244690436067,0.05160139521982998,41.797728319233414,-6.311293176017529,True,True,False,False,322.72148745798404,-42.172969149682444,360.6904753242873,-24.697098554574296
oracle_position_reset_eval_only,candidate_pool_oracle_eval_only,53,relocalization,570,571,2941,5901.251998133614,20.53426691108507,396.9369992187963,214.24475675335387,757.6274745430836,189.54765819877957,26.692746138988834,725.0349716232158,171.61965955328196,725.0349716232158,171.61965955328196,18.891847010336345,18.944645732436346,0.05279872210000036,37.19790830160421,7.800899128652489,False,True,False,False,360.6904753242873,-24.697098554574296,328.0979724044195,-42.625097200071906
oracle_position_reset_eval_only,candidate_pool_oracle_eval_only,54,relocalization,660,661,3802,6563.978285757233,662.7262876236191,7.819859851466475,-134.67559167737653,335.91783225588597,-177.30068887744844,148.8185404051332,239.08931193384345,-79.34309351909906,239.08931193384345,-79.34309351909906,11.705542100371392,11.734509580388222,0.028967480016829583,137.73689714868095,137.11299830476182,False,True,False,False,328.0979724044195,-42.625097200071906,231.26945208237697,55.332498158277474
oracle_position_reset_eval_only,candidate_pool_oracle_eval_only,55,relocalization,675,676,4426,6745.523718269561,181.54543251232826,57.789025133237416,-302.5673480594133,289.0584772156144,-247.23484990113582,49.939534636707045,206.7344315202208,-253.85721745481715,206.73443152022082,-253.85721745481715,32.67705649631954,32.61777093376354,0.05928556255599915,82.58997670222038,17.262478140387508,False,True,False,False,231.26945208237697,55.332498158277474,148.9454063869834,48.710130604596145
oracle_position_reset_eval_only,candidate_pool_oracle_eval_only,56,relocalization,678,679,4551,6781.654537020147,36.130818750585604,67.5088692196285,-334.50615318388765,216.45427560661187,-285.7960225792915,23.695864546162813,207.2580337593099,-288.654773352202,207.2580337593099,-288.654773352202,32.96771191530367,32.906823874506344,0.06088804079732313,9.630333332532386,-9.271847369140854,True,True,False,False,148.9454063869834,48.710130604596145,139.74916453968143,45.85137983168562
oracle_position_reset_eval_only,candidate_pool_oracle_eval_only,57,relocalization,680,681,4677,6805.703212033749,24.048675013602406,73.92378750750326,-355.9298690827939,213.6729520471847,-310.0784892511083,26.83465033456089,242.75532225542705,-322.9260316388681,242.75532225542707,-322.9260316388681,12.74535648357311,12.786353215978217,0.04099673240510704,31.79376672139598,14.089293850987781,False,True,False,False,139.74916453968143,45.85137983168562,168.8315347479238,33.00383744392582
oracle_position_reset_eval_only,candidate_pool_oracle_eval_only,58,relocalization,685,686,4927,6865.552271312361,59.849059278612,90.76003531379848,-409.4476411444755,259.5915700617223,-376.44380370054967,18.576374462535203,243.8027055937564,-392.5211438587867,243.8027055937564,-392.5211438587867,22.378287221290066,22.45287476101973,0.07458753972966292,22.533732663530376,-3.801912758754863,True,True,False,False,168.8315347479238,33.00383744392582,153.04267027995792,16.92649728568881
oracle_position_reset_eval_only,candidate_pool_oracle_eval_only,59,relocalization,690,691,5052,6927.287839755705,61.735568443344164,108.96567151026356,-464.6841222760799,262.0083417902215,-447.7576249903911,24.128754082602413,244.326389232534,-427.3186978083104,244.32638923253404,-427.3186978083104,4.628671428550393,4.6438000296141535,0.01512860106376035,27.025935517696855,19.50008265405202,False,True,False,False,153.04267027995792,16.92649728568881,135.36071772227046,37.365424467769515
oracle_position_reset_eval_only,candidate_pool_oracle_eval_only,60,relocalization,693,694,5302,6963.201426948189,35.91358719248365,120.24358271848898,-497.46702077311375,255.60430044075946,-460.10159630534423,13.083195056248623,245.3737404493149,-496.913801390212,245.3737404493149,-496.913801390212,29.105334118901986,29.202915593833875,0.09758147493188929,38.207365794423836,-16.022139062653363,True,True,False,False,135.36071772227046,37.365424467769515,125.13015773082593,0.5532193829017729
oracle_position_reset_eval_only,candidate_pool_oracle_eval_only,61,relocalization,700,701,5552,7045.227832256677,82.02640530848839,146.4538498401301,-572.5433785662023,271.58400757095603,-571.9901591833004,32.65183989161933,246.42107025138105,-566.5088992114179,246.42107025138105,-566.5088992114179,16.763525344081465,16.819059467666712,0.055534123585246675,25.753011968082898,15.888314547537867,False,True,False,False,125.13015773082593,0.5532193829017729,99.96722041125096,6.0344793547843665
oracle_position_reset_eval_only,candidate_pool_oracle_eval_only,62,relocalization,715,716,5672,7206.671387017605,161.44355476092824,16.03577341233555,-649.0664402877957,116.00299382358651,-643.0319609330113,63.709094834168845,72.0721950402949,-603.936741094105,72.0721950402949,-603.936741094105,35.42570035607303,35.43124384411129,0.005543488038263433,58.80774860501354,28.283394478095815,False,True,False,False,99.96722041125096,6.0344793547843665,56.03642162795935,45.129699193690726
oracle_position_reset_eval_only,candidate_pool_oracle_eval_only,63,relocalization,720,721,5671,7266.610768090341,59.93938107273516,-39.58994279959838,-668.839898052642,16.446478828360966,-623.7101988589512,47.047210176419966,37.0977001094725,-604.4624901399948,37.097700109472505,-604.4624901399948,21.86784057226772,21.93932650415363,0.07148593188590979,28.230253830442727,25.179369604152246,False,True,False,False,56.03642162795935,45.129699193690726,76.68764290907089,64.37740791264719
oracle_position_reset_eval_only,candidate_pool_oracle_eval_only,64,relocalization,725,726,5544,7326.547055237322,59.93628714698116,-95.75515226638068,-688.954658335662,-19.06750935730979,-624.5772504230148,40.85222847844938,-33.374112707795575,-570.7161619728431,-33.374112707795575,-570.7161619728431,18.412925314107937,18.428240354271765,0.01531504016382712,55.728769486373444,22.439303164341446,False,True,False,False,76.68764290907089,64.37740791264719,62.3810395585851,118.23849636281886
oracle_position_reset_eval_only,candidate_pool_oracle_eval_only,65,relocalization,730,731,5668,7386.974308558674,60.42725332135251,-152.1765480724904,-709.1093191556873,-89.79550851390529,-590.8708227928685,10.94896987483591,-67.82576172309928,-606.0391173185781,-67.82576172309928,-606.0391173185781,25.00493798111433,25.055578298021143,0.05064031690681148,26.697320705846174,-14.05596810627842,True,True,False,False,62.3810395585851,118.23849636281886,84.35078634939111,103.07020183710927
oracle_position_reset_eval_only,candidate_pool_oracle_eval_only,66,relocalization,735,736,5541,7447.107261664644,60.132953105970046,-208.47791481352743,-729.133528018285,-124.12712846413632,-626.0633261811757,44.05159104189963,-138.29724317672662,-572.292180608958,-138.29724317672662,-572.292180608958,13.301947688694568,13.343481836262256,0.04153414756768825,55.60690826791757,30.74964335320506,False,True,False,False,84.35078634939111,103.07020183710927,70.18067163680081,156.841347409327
oracle_position_reset_eval_only,candidate_pool_oracle_eval_only,67,relocalization,740,741,5539,7507.435878377927,60.32861671328283,-264.29733431466195,-749.1687889724662,-194.11666267786114,-592.3274415631392,9.438207567017686,-208.24597770592663,-573.3423430649564,-208.24597770592663,-573.3423430649564,14.583227028284746,14.615556721619264,0.03232969333451763,23.665829969557862,-5.14501946126706,True,True,False,False,70.18067163680081,156.841347409327,56.05135660873532,175.82644590750988
oracle_position_reset_eval_only,candidate_pool_oracle_eval_only,68,relocalization,745,746,5538,7567.569316746155,60.13343836822787,-319.04849024801064,-769.398597826607,-262.9971336392753,-593.5721519190971,6.421427598750211,-243.2203392384108,-573.8672693027183,-243.2203392384108,-573.8672693027183,22.60591008831716,22.60426084187642,0.0016492464407384944,27.917807859846963,-16.18448248956695,True,True,False,False,56.05135660873532,175.82644590750988,75.82815100959985,195.53132852388865
oracle_position_reset_eval_only,candidate_pool_oracle_eval_only,69,relocalization,750,751,5535,7627.510116073938,59.94079932778277,-373.7532369578032,-789.7688292038894,-297.92508594820333,-594.2375006800007,23.944669607114747,-348.1434009120567,-575.4414280569181,-348.1434009120567,-575.4414280569181,30.064505313451804,30.042106758080088,0.022398555371715645,53.62062573171795,-6.1198357063370565,True,True,False,False,75.82815100959985,195.53132852388865,25.609836045746533,214.32740114697128
oracle_position_reset_eval_only,candidate_pool_oracle_eval_only,70,relocalization,755,756,5534,7685.274109947746,57.76399387380843,-427.3631561355048,-808.5823510492299,-401.7533200897583,-594.2549499022587,23.41228636179827,-383.1177471653791,-575.9659409890883,-383.1177471653791,-575.9659409890883,13.592371327179682,13.631969630047587,0.03959830286790478,26.1107722070007,9.819915034618587,False,True,False,False,25.609836045746533,214.32740114697128,44.24540897012571,232.61641006014167
oracle_position_reset_eval_only,candidate_pool_oracle_eval_only,71,relocalization,759,760,5533,7720.956548082106,35.68243813435947,-457.92269378637945,-792.9965836635449,-413.67728481625375,-560.3801736034033,11.24031471962082,-418.0920895996969,-576.4903505942784,-418.0920895996969,-576.4903505942784,19.464471590127303,19.467920772922326,0.0034491827950233755,16.70414032368133,-8.224156870506484,True,True,False,False,44.24540897012571,232.61641006014167,39.830604186682535,216.5062330692665
oracle_position_reset_eval_only,candidate_pool_oracle_eval_only,72,relocalization,760,761,5408,7731.136627345944,10.180079263838707,-464.753726821416,-785.5641291868005,-424.9231226347335,-569.057896117534,22.60406126297396,-418.6137985290261,-541.6928746961057,-418.6137985290261,-541.6928746961057,17.340864754748956,17.362169902700895,0.021305147951938608,28.082947994576543,5.263196508225004,False,True,False,False,39.830604186682535,216.5062330692665,46.139928292389925,243.8712544906948
oracle_position_reset_eval_only,candidate_pool_oracle_eval_only,73,relocalization,765,766,5283,7787.326291758035,56.18966441209068,-497.7873513774029,-740.9567652485722,-451.647423085013,-497.0855107578774,26.559575780954397,-419.1355127922725,-506.8953973567113,-419.1355127922725,-506.8953973567113,8.203457031871773,8.20593808751478,0.002481055643006158,33.959655268644674,18.356118749082626,False,True,False,False,46.139928292389925,243.8712544906948,78.6518385851304,234.06136789186087
oracle_position_reset_eval_only,candidate_pool_oracle_eval_only,74,relocalization,767,768,5283,7809.696712747035,22.370420989000195,-510.3611487484041,-722.6526821332857,-431.7093101632737,-488.5913142414248,8.288863796527211,-419.1355127922725,-506.8953973567113,-419.1355127922725,-506.8953973567113,29.534703920129463,29.6064565208196,0.07175260069013589,22.206752104220776,-21.24584012360225,True,True,False,False,78.6518385851304,234.06136789186087,91.22563595613161,215.75728477657435
oracle_position_reset_eval_only,candidate_pool_oracle_eval_only,75,relocalization,800,801,3906,8181.686294540867,371.98958179383135,-658.23840667935,-380.1622096475365,-567.0127707232184,-164.40492487096213,112.09541611516505,-494.8207220543409,-125.17165947239846,-494.8207220543409,-125.17165947239846,29.950585310615303,29.92338858544328,0.027196725172021985,82.1641101993061,82.14483080454974,False,True,False,False,91.22563595613161,215.75728477657435,163.4176846250091,254.99055017513803
oracle_position_reset_eval_only,candidate_pool_oracle_eval_only,76,relocalization,843,844,2032,8686.745426519003,505.05913197813607,-803.6605425769956,115.52705637596088,-640.2428579519865,370.5176065510989,161.8864375031935,-467.67341542313807,397.315106656868,-467.67341542313807,397.315106656868,13.0072593429527,12.990215636604606,0.017043706348093934,174.63767779788017,148.8791781602408,False,True,False,False,163.4176846250091,254.99055017513803,335.9871271538575,281.7880502809071
oracle_position_reset_eval_only,candidate_pool_oracle_eval_only,77,relocalization,845,846,1907,8711.794529447752,25.049102928749562,-810.7231701630337,140.44493303803347,-474.7360430091762,422.23298331894057,7.326978249990011,-468.19517085747793,432.1126191066578,-468.19517085747793,432.1126191066578,18.880519976090007,18.899398119433105,0.01887814334309823,11.848637550486782,-11.553541726099995,True,True,False,False,335.9871271538575,281.7880502809071,342.5279993055558,291.66768606862433
oracle_position_reset_eval_only,candidate_pool_oracle_eval_only,78,relocalization,860,861,1407,8838.521091116023,126.72656166827073,-834.8701476073659,267.46174585389593,-492.3421483018101,559.1294319225203,23.385486516631797,-470.2822459170129,571.3026833236217,-470.2822459170129,571.3026833236217,30.714122977529303,30.80812498220632,0.0940020046770158,25.19578025982124,-7.328636460897506,True,True,False,False,342.5279993055558,291.66768606862433,364.58790169035296,303.8409374697258
oracle_position_reset_eval_only,candidate_pool_oracle_eval_only,79,relocalization,865,866,1408,8884.638018144327,46.11692702830442,-789.1351024038174,283.56937496982016,-424.54720071346446,587.410312439546,39.811484829096536,-435.3113003943581,571.8271148842759,-435.3113003943581,571.8271148842759,23.847914030348694,23.925626103800425,0.07771207345173181,18.93942681251971,15.963570798747842,False,True,False,False,364.58790169035296,303.8409374697258,353.8238020094593,288.2577399144558
oracle_position_reset_eval_only,candidate_pool_oracle_eval_only,80,relocalization,870,871,1535,8943.504714088618,58.86669594429077,-728.9289673193116,298.31580873463275,-375.1051653098523,586.5735486490885,36.17774085142439,-364.8473126258468,538.078758454416,-364.8473126258468,538.078758454416,14.771238493663077,14.798990101236136,0.027751607573058834,49.56781433260967,21.406502357761312,False,True,False,False,353.8238020094593,288.2577399144558,364.08165469346477,239.7629497197832
oracle_position_reset_eval_only,candidate_pool_oracle_eval_only,81,relocalization,873,874,1536,8973.42253915776,29.917825069142054,-704.1145311689461,326.0954681199011,-340.0328764754813,565.8584178396843,14.91027406157894,-329.8762528174557,538.6034962711856,-329.8762528174557,538.6034962711856,18.21477279846977,18.228112771903355,0.013339973433584618,29.08586862783684,-3.30449873689083,True,True,False,False,364.08165469346477,239.7629497197832,374.2382783514904,212.50802815128446
oracle_position_reset_eval_only,candidate_pool_oracle_eval_only,82,relocalization,875,876,1536,8995.88675661827,22.464217460510554,-675.852499535647,310.6745547222454,-301.6142211841566,523.1825828735298,34.40268242480363,-329.8762528174557,538.6034962711856,-329.8762528174557,538.6034962711856,16.260252671890733,16.28565991021154,0.025407238320806158,32.19545002107595,18.142429752912896,False,True,False,False,374.2382783514904,212.50802815128446,345.9762467181913,227.9289415489402
oracle_position_reset_eval_only,candidate_pool_oracle_eval_only,83,relocalization,880,881,1538,9055.52964156162,59.64288494334869,-615.4449171286738,324.6233851703987,-269.46867041048245,552.5523267193389,8.623820277826283,-259.9341217502952,539.6532819555141,-259.9341217502952,539.6532819555141,14.07674701097701,14.123732545453406,0.046985534476394974,16.040354546350716,-5.452926733150727,True,True,False,False,345.9762467181913,227.9289415489402,355.51079537837853,215.0298967851154
oracle_position_reset_eval_only,candidate_pool_oracle_eval_only,84,relocalization,885,886,1539,9114.973284905238,59.44364334361853,-555.495863382582,338.09759183197826,-199.98506800420347,553.1274886170936,2.608738590172068,-224.9630504886154,540.1783298240043,-224.9630504886154,540.1783298240043,27.889754867203997,27.878433612311373,0.011321254892624921,28.135037274548456,-25.28101627703193,True,True,False,False,355.51079537837853,215.0298967851154,330.5328128939666,202.08073799202606
oracle_position_reset_eval_only,candidate_pool_oracle_eval_only,85,relocalization,900,901,1917,9275.815067619327,160.84178271408928,-450.745756791089,265.59751128475114,-120.21294389712239,467.6782492767772,6.435412221343075,-118.48143040912692,437.3614335642196,-118.48143040912692,437.3614335642196,28.8868468854754,28.97941511847734,0.09256823300194128,30.36622225283033,-22.451434664132325,True,True,False,False,330.5328128939666,202.08073799202606,332.26432638196206,171.7639222794685
oracle_position_reset_eval_only,candidate_pool_oracle_eval_only,86,relocalization,904,905,2042,9324.366007110746,48.55093949141883,-441.3291646656816,217.33698168198117,-109.06483828371955,389.10090396144966,28.46792026599791,-117.95864663505928,402.5638831229881,-117.95864663505927,402.5638831229881,15.856013931289684,15.897900428032882,0.041886496743197554,16.135415547620045,12.611906334708227,False,True,False,False,332.26432638196206,171.7639222794685,323.37051803062235,185.22690144100693
oracle_position_reset_eval_only,candidate_pool_oracle_eval_only,87,relocalization,905,906,2042,9336.446147214894,12.080140104148086,-439.2211980794655,205.46671558575227,-115.85068004884317,390.69361702675917,15.1011726508,-117.95864663505928,402.5638831229881,-117.95864663505927,402.5638831229881,6.524796232981744,6.518283749267923,0.006512483713821737,12.055983590063716,8.576376417818256,False,True,False,False,323.37051803062235,185.22690144100693,321.26255144440626,197.09716753723583
oracle_position_reset_eval_only,candidate_pool_oracle_eval_only,88,relocalization,910,911,2292,9396.96124882234,60.515101607445104,-426.3800674254778,146.42905944340208,-105.11751598107156,343.52622698063794,5.383137189480392,-116.91309511521833,332.96878656186163,-116.91309511521831,332.96878656186163,13.54523692607621,13.573170300515988,0.027933374439777836,15.830200103155052,-8.162099736595819,True,True,False,False,321.26255144440626,197.09716753723583,309.4669723102595,186.53972711845955
oracle_position_reset_eval_only,candidate_pool_oracle_eval_only,89,relocalization,913,914,2417,9432.87684190412,35.91559308178148,-418.63357614831614,111.57336855932468,-109.16660383805663,298.11309567778426,10.811575778018911,-116.390327369445,298.1712404433638,-116.390327369445,298.1712404433638,13.035861345281353,13.05692563080806,0.02106428552670714,7.2239575352917464,-2.2242855672624415,True,True,False,False,309.4669723102595,186.53972711845955,302.24324877887113,186.5978718840391
oracle_position_reset_eval_only,candidate_pool_oracle_eval_only,90,relocalization,915,916,2417,9456.92869949076,24.051857586639017,-413.3084334289344,87.82076640790808,-111.06518465006326,274.4186382919472,10.832724054737211,-116.390327369445,298.1712404433638,-116.390327369445,298.1712404433638,15.574173116109082,15.605417872477034,0.03124475636795232,24.342211361034217,-4.7414490613718705,True,True,False,False,302.24324877887113,186.5978718840391,296.9181060594894,210.3504740354557
oracle_position_reset_eval_only,candidate_pool_oracle_eval_only,91,relocalization,935,936,3292,9697.557656364548,240.6289568737884,-352.4340338867585,-149.10033784760216,-55.51592782726914,61.25013618785354,48.35333727749012,-112.73110274865758,54.58845794154331,-112.73110274865758,54.58845794154331,15.687422751116554,15.694195572838836,0.006772821722282885,57.60168572483308,32.66591452637357,False,True,False,False,296.9181060594894,210.3504740354557,239.70293113810095,203.68879578914547
oracle_position_reset_eval_only,candidate_pool_oracle_eval_only,92,relocalization,936,937,3418,9709.52817728014,11.970520915592715,-349.11963496755646,-160.9099797820979,-109.41670382945551,42.77881600704757,13.710000926913105,-77.23574874992482,20.316327566746622,-77.23574874992482,20.316327566746622,26.175161475683684,26.1573141859628,0.017847289720883452,39.2450921359783,-12.465160548770578,True,True,False,False,239.70293113810095,203.68879578914547,271.88388621763164,181.22630734884453
oracle_position_reset_eval_only,candidate_pool_oracle_eval_only,93,relocalization,940,941,3667,9758.739977696418,49.211800416276674,-336.092410752885,-207.470956680166,-64.20852453525333,-26.244649331321483,35.985687946586864,-111.16294376901352,-49.80414152285084,-111.16294376901351,-49.80414152285084,35.21599280072626,35.3101526602474,0.09415985952113459,52.533486062724236,0.7696951458606023,False,True,False,False,271.88388621763164,181.22630734884453,224.92946698387146,157.66681515731517
oracle_position_reset_eval_only,candidate_pool_oracle_eval_only,94,relocalization,945,946,3792,9818.92380719282,60.18382949640181,-319.1445221580984,-265.4975100946794,-94.21505517422696,-107.83069493736423,31.030062655657094,-110.64023479493336,-84.60167179722339,-110.64023479493335,-84.60167179722339,15.522347441093551,15.51218295013687,0.01016449095668115,28.449499848286745,15.507715214563543,False,True,False,False,224.92946698387146,157.66681515731517,208.50428736316508,180.895838297456
oracle_position_reset_eval_only,candidate_pool_oracle_eval_only,95,relocalization,985,986,5418,10278.501090747475,459.5772835546559,-166.35634162843556,-673.9769759028782,42.14794573472952,-493.08113760542216,100.22723858964947,-68.87123033078387,-536.4440909312107,-68.87123033078387,-536.4440909312107,24.16280091610683,24.202508544067587,0.039707627960758884,119.18726096106066,76.06443767354264,False,True,False,False,208.50428736316508,180.895838297456,97.48511129765168,137.5328849716675
oracle_position_reset_eval_only,candidate_pool_oracle_eval_only,96,relocalization,989,990,5419,10321.88186587281,43.380775125335276,-123.65011199761364,-663.7726718475462,-26.16500069996195,-526.2397868758787,16.95158183695859,-33.89695248880889,-535.9186442536302,-33.89695248880889,-535.9186442536302,28.972238516902646,28.98054211551957,0.00830359861692287,12.388032878706257,-12.020656679944057,True,True,False,False,97.48511129765168,137.5328849716675,89.75315950880474,127.85402759391604
oracle_position_reset_eval_only,candidate_pool_oracle_eval_only,97,relocalization,990,991,5419,10333.555052634902,11.673186762091063,-112.18506847765164,-660.718512830209,-22.431908968846898,-532.8644852362929,27.34803009823295,-33.89695248880889,-535.9186442536302,-33.89695248880889,-535.9186442536302,38.66066966355172,38.63535894604138,0.02531071751034375,11.86486874001584,-11.312639565318772,True,True,False,False,89.75315950880474,127.85402759391604,78.28811598884275,124.79986857657877
oracle_position_reset_eval_only,candidate_pool_oracle_eval_only,98,relocalization,1005,1006,5046,10466.811818018574,133.25676538367225,-110.6124029565005,-545.0188151976881,-32.324286967657756,-420.21894662110935,60.93795542745773,34.4824464158155,-430.4748562746681,34.48244641581549,-430.4748562746681,23.328714448719506,23.396869293329225,0.06815484460971888,67.58937274596089,37.60924097873823,False,True,False,False,78.28811598884275,124.79986857657877,145.094849372316,114.54395892302
oracle_position_reset_eval_only,candidate_pool_oracle_eval_only,99,relocalization,1010,1011,4796,10525.5526341387,58.7408161201256,-124.9055189159814,-488.11748592616766,20.189330456334588,-373.57352700314766,24.711798844983253,33.43630750698503,-360.8797926488333,33.436307506985045,-360.8797926488333,13.657134929074394,13.682006877251826,0.024871948177432657,18.347024086711176,11.05466391590886,False,True,False,False,145.094849372316,114.54395892302,158.34182642296645,127.23769327733436
oracle_position_reset_eval_only,candidate_pool_oracle_eval_only,100,relocalization,1030,1031,3920,10743.341835472442,217.7892013337423,-174.91962945292937,-285.3155581499047,-16.577803029962922,-158.07786487257033,44.89465626751909,-5.1983988616848364,-117.82272360799834,-5.1983988616848364,-117.82272360799834,28.680784795139886,28.6650035798724,0.015781215267484328,41.83260973756803,16.213871472379203,False,True,False,False,158.34182642296645,127.23769327733436,169.72123059124453,167.49283454190635
oracle_position_reset_eval_only,candidate_pool_oracle_eval_only,101,relocalization,1033,1034,3920,10768.615718302131,25.273882829689683,-180.7668646953011,-261.0696925730923,-11.045634104056575,-93.57685803118596,32.69953560326895,-5.1983988616848364,-117.82272360799834,-5.1983988616848364,-117.82272360799834,26.659674935158808,26.63331622078549,0.026358714373319714,24.940973468340996,6.0398606681101406,False,True,False,False,169.72123059124453,167.49283454190635,175.56846583361627,143.24696896509397
balanced_position_reset_online,online_gate_controlled_eval_replay,0,initialization,0,1,3546,0.0,0.0,-1.359850087417669,-0.4660028431250111,-1.359850087417669,-0.4660028431250111,1.4374807511930154,28.20529212744441,-12.904388110153375,28.20529212744441,-12.904388110153375,31.01712005476887,30.989288717602594,0.02783133716627617,32.07508475804932,-29.579639303575856,True,True,False,False,0.0,0.0,29.565142214862078,-12.438385267028364
balanced_position_reset_online,online_gate_controlled_eval_replay,1,relocalization,59,60,1297,632.3370364741726,632.3370364741726,15.061113789714389,626.0738767885881,44.62625600457647,613.6354915215597,36.37911979295484,53.75901313137729,613.9775852882303,53.75901313137729,613.9775852882303,44.60610609462188,44.55530867620633,0.050797418415548634,9.139161935447145,-8.22698630166704,True,False,True,False,29.565142214862078,-12.438385267028364,38.6978993416629,-12.09629150035778
balanced_position_reset_online,online_gate_controlled_eval_replay,2,relocalization,78,79,545,844.4569724412229,212.1199359670503,19.38182692760224,843.5890073743221,58.07972626926514,831.4927158739644,50.75510446700776,-19.321601661504246,821.7113686478697,-19.321601661504246,821.7113686478697,34.39991683326031,34.39601604526073,0.0039007879995835992,78.01692328593798,16.355187633747448,False,True,False,False,38.6978993416629,-12.09629150035778,-38.70342858910649,-21.87763872645246
balanced_position_reset_online,online_gate_controlled_eval_replay,3,relocalization,80,81,545,847.3137521681801,2.8567797269572566,17.555914918867117,844.5525433702586,-21.14751367023937,822.6749046438061,34.072768981781465,-19.321601661504246,821.7113686478697,-19.321601661504246,821.7113686478697,33.21907280485133,33.224451813680055,0.005379008828725773,2.0645474756247224,0.8536961769301357,False,True,False,False,-38.70342858910649,-21.87763872645246,-36.87751658037136,-22.841174722388928
balanced_position_reset_online,online_gate_controlled_eval_replay,4,relocalization,99,100,541,1054.3861427420036,207.07239057382344,-193.45490092931703,846.1994179232233,-230.3324175096884,823.3582432008344,33.396975352115305,-159.2026645252481,819.6091951639391,-159.2026645252481,819.6091951639391,45.624450432395506,45.58389044898862,0.0405599834068866,71.22848531879954,-12.2274750802802,True,False,True,False,-36.87751658037136,-22.841174722388928,34.252236404068924,-26.590222759284188
balanced_position_reset_online,online_gate_controlled_eval_replay,5,relocalization,180,181,1648,1926.6973536358632,872.3112108938597,-812.1543345225043,491.80210787145126,-777.9020981184353,465.21188511216707,48.01908503196201,-783.9788869633339,496.99248331272975,-783.9788869633339,496.99248331272975,26.449865943979567,26.43326356485385,0.01660237912571816,32.35635617079111,21.56921908798244,False,True,False,False,34.252236404068924,-26.590222759284188,28.17544755917038,5.190375441278491
balanced_position_reset_online,online_gate_controlled_eval_replay,6,relocalization,185,186,1648,1932.6752350517088,5.977881415845559,-812.3504131365153,485.4086013707609,-784.1749655773449,490.5989768120394,26.957311183473045,-783.9788869633339,496.99248331272975,-783.9788869633339,496.99248331272975,24.150978070721326,24.116585303341022,0.034392767380303724,6.396512502703517,2.8063331127517195,False,True,False,False,28.17544755917038,5.190375441278491,28.371526173181337,11.583881941968855
balanced_position_reset_online,online_gate_controlled_eval_replay,7,relocalization,190,191,1648,1938.440742845247,5.765507793538291,-812.6679065868932,480.1188969943351,-784.2963804137119,491.70277893630396,24.553686345872844,-783.9788869633339,496.99248331272975,-783.9788869633339,496.99248331272975,23.26640297418134,23.223608820880912,0.04279415330042724,5.299223950826293,1.2872833716915046,False,True,False,False,28.371526173181337,11.583881941968855,28.68901962355926,16.873586318394644
balanced_position_reset_online,online_gate_controlled_eval_replay,8,relocalization,195,196,1773,1956.506294645568,18.065551800320918,-813.9789277221983,460.05664616087273,-785.289908098639,476.9302324792674,24.9685056876861,-783.4580463828752,462.19500210508704,-783.4580463828752,462.19500210508704,29.40406920388955,29.408003084881145,0.003933880991596084,14.848660933762606,-4.435563516203448,True,True,False,False,28.68901962355926,16.873586318394644,30.52088133932307,2.138355944214311
balanced_position_reset_online,online_gate_controlled_eval_replay,9,relocalization,200,201,1773,1971.5889309154436,15.082636269875593,-814.533501587254,443.51361778852726,-784.012620247931,445.65197373274157,31.248525291117303,-783.4580463828752,462.19500210508704,-783.4580463828752,462.19500210508704,23.719182127384208,23.67719489349913,0.0419872338850773,16.55232128434046,7.529343163733095,False,True,False,False,30.52088133932307,2.138355944214311,31.07545520437884,18.681384316559786
balanced_position_reset_online,online_gate_controlled_eval_replay,10,relocalization,205,206,1773,1981.047264600488,9.458333685044408,-815.2016448014697,434.158145160888,-784.1261895970908,452.8395294774478,24.569672037063725,-783.4580463828752,462.19500210508704,-783.4580463828752,462.19500210508704,24.24271640186356,24.20512488938083,0.03759151248273085,9.379300797032238,0.32695563520016435,False,True,False,False,31.07545520437884,18.681384316559786,31.7435984185945,28.03685694419903
balanced_position_reset_online,online_gate_controlled_eval_replay,11,relocalization,210,211,1898,1995.9062558328087,14.858991232320705,-816.6316883713446,417.9644927233884,-784.8880899527501,446.0013496675874,25.117572504687374,-782.9372111251578,427.3975223405287,-782.9372111251578,427.3975223405287,26.982040005719625,26.97018565271046,0.011854353009166374,18.705836506688595,-1.8644675010322516,True,True,False,False,31.7435984185945,28.03685694419903,33.69447724618681,9.433029617140335
balanced_position_reset_online,online_gate_controlled_eval_replay,12,relocalization,215,216,2023,2036.4742383006333,40.56798246782455,-820.7135220978075,373.375947303516,-787.0190448516207,382.80897692065633,32.53801791681701,-782.4163811902981,392.600044017192,-782.4163811902981,392.600044017192,23.833709377820185,23.8045294338649,0.02917994395528467,10.818942077122069,8.704308538996827,False,True,False,False,33.69447724618681,9.433029617140335,38.2971409075094,19.224096713675976
balanced_position_reset_online,online_gate_controlled_eval_replay,13,relocalization,480,481,5817,5052.685233124886,3016.2109948242523,560.096362630738,-523.2432419901312,598.3935035382474,-504.0191452764552,183.5780983927499,772.0880920478376,-628.1976640727371,772.0880920478376,-628.1976640727371,31.314236850098492,31.27622673898626,0.03801011111223218,213.51841749121874,152.2638615426514,False,True,False,False,38.2971409075094,19.224096713675976,211.99172941709958,-104.9544220826059
balanced_position_reset_online,online_gate_controlled_eval_replay,14,relocalization,481,482,5817,5064.544979629139,11.859746504253053,557.6071029059926,-512.2374074197514,769.5988323230922,-617.1918295023573,29.6510912761358,772.0880920478376,-628.1976640727371,772.0880920478376,-628.1976640727371,37.34784525204365,37.35161251206383,0.0037672600201830164,11.283829516959461,-7.696753975907846,True,True,False,False,211.99172941709958,-104.9544220826059,214.48098914184493,-115.96025665298566
balanced_position_reset_online,online_gate_controlled_eval_replay,15,relocalization,485,486,5692,5112.866852659654,48.321873030515235,547.7918738334622,-468.01703845144624,762.2728629753071,-583.977295104432,34.00082970817982,771.5628984686919,-593.4000614946708,771.5628984686919,-593.4000614946708,47.18209986980006,47.24095061103159,0.05885074123153089,13.23228196167852,-13.18127016162024,True,False,True,False,214.48098914184493,-115.96025665298566,223.77102463522965,-125.38302304322457
balanced_position_reset_online,online_gate_controlled_eval_replay,16,relocalization,505,506,4693,5352.364268679374,239.49741601971982,502.0524482399161,-251.70423320470255,725.8234728751457,-377.08725624792714,59.996404834995914,802.3349095311714,-314.4912395682186,802.3349095311714,-314.4912395682186,66.2845374798872,66.16138734737686,0.12315013251034657,98.85474820834548,-6.2881326448912915,True,False,True,False,223.77102463522965,-125.38302304322457,300.28246129125534,-62.78700636351604
balanced_position_reset_online,online_gate_controlled_eval_replay,17,relocalization,515,516,4317,5470.28670602077,117.92243734139629,477.7621882817932,-144.64586258143467,778.0446495730486,-207.4328689449507,45.164254310291454,765.7854147169273,-210.6263381787576,765.7854147169273,-210.6263381787576,33.978151466285375,33.93344802551496,0.04470344077041233,12.668349734863211,11.18610284400608,False,True,False,False,300.28246129125534,-62.78700636351604,288.0232264351341,-65.98047559732294
balanced_position_reset_online,online_gate_controlled_eval_replay,18,relocalization,520,521,4065,5525.589007354143,55.30230133337318,466.5450136605138,-93.94326395351482,754.568240095648,-159.92373955083775,26.872854233515294,694.7884270232171,-142.08672428503633,694.7884270232171,-142.08672428503633,37.66147651871035,37.59273079332692,0.0687457253834296,62.38417399122323,-10.788622285195057,True,True,False,False,288.0232264351341,-65.98047559732294,228.24341336270328,-48.14346033152151
balanced_position_reset_online,online_gate_controlled_eval_replay,19,relocalization,525,526,3940,5580.451538853656,54.86253149951244,455.3131979283088,-43.59930032277937,683.5566112910121,-91.74276065430088,47.31412106993218,694.2633639117703,-107.2891092072241,694.2633639117703,-107.2891092072241,40.46989404137387,40.430737986077,0.03915605529687127,18.87653318305799,6.844227028558308,False,False,True,False,228.24341336270328,-48.14346033152151,238.9501659834615,-63.68980888444473
balanced_position_reset_online,online_gate_controlled_eval_replay,20,relocalization,555,556,2817,5880.7177312225285,300.2661923688729,398.791488884364,231.6422934601981,637.7416548678254,167.95248457575337,102.12099257875163,759.4819642086513,206.9451949056238,759.4819642086513,206.9451949056238,28.816846085655897,28.765244690436067,0.05160139521982998,127.83244649645552,73.30414649309573,False,True,False,False,238.9501659834615,-63.68980888444473,360.6904753242873,-24.697098554574296
balanced_position_reset_online,online_gate_controlled_eval_replay,21,relocalization,660,661,3802,6563.978285757233,683.2605545347042,7.819859851466475,-134.67559167737653,368.51033517575377,-159.37269023195083,162.09182054032317,239.08931193384345,-79.34309351909906,239.08931193384345,-79.34309351909906,11.705542100371392,11.734509580388222,0.028967480016829583,152.1661513182376,150.38627843995178,False,True,False,False,360.6904753242873,-24.697098554574296,231.26945208237697,55.332498158277474
balanced_position_reset_online,online_gate_controlled_eval_replay,22,relocalization,690,691,5051,6927.287839755705,363.30955399847244,108.96567151026356,-464.6841222760799,340.23512359264055,-409.35162411780243,99.03392092693217,209.352389190346,-427.84498254582286,209.352389190346,-427.84498254582286,34.694069079214245,34.63261527477846,0.06145380443578574,132.18280701577194,64.33985184771792,False,True,False,False,231.26945208237697,55.332498158277474,100.38671768008244,36.839139730257045
balanced_position_reset_online,online_gate_controlled_eval_replay,23,relocalization,745,746,5664,7567.569316746155,640.2814769904498,-319.04849024801064,-769.398597826607,-218.6617725679282,-732.55945809635,151.3417416717971,-207.7236572895199,-608.1398403230123,-207.7236572895199,-608.1398403230123,57.51449993815015,57.44979758492786,0.06470235322229456,124.8994942051696,93.82724173364696,False,False,True,False,100.38671768008244,36.839139730257045,111.32483295849073,161.25875750359467
balanced_position_reset_online,online_gate_controlled_eval_replay,24,relocalization,750,751,5535,7627.510116073938,59.94079932778277,-373.7532369578032,-789.7688292038894,-262.4284039993125,-628.5100717002947,70.91889731365279,-348.1434009120567,-575.4414280569181,-348.1434009120567,-575.4414280569181,30.064505313451804,30.042106758080088,0.022398555371715645,100.81340007111875,40.85439200020099,False,True,False,False,111.32483295849073,161.25875750359467,25.609836045746533,214.32740114697128
balanced_position_reset_online,online_gate_controlled_eval_replay,25,relocalization,755,756,5659,7685.274109947746,57.76399387380843,-427.3631561355048,-808.5823510492299,-401.7533200897583,-594.2549499022587,23.41228636179827,-382.5959407663904,-610.7634192449041,-382.5959407663904,-610.7634192449041,22.15695763333976,22.227620784818537,0.07066315147877589,25.28902415231688,1.2553287284585082,False,True,False,False,25.609836045746533,214.32740114697128,44.76721536911441,197.81893180432587
balanced_position_reset_online,online_gate_controlled_eval_replay,26,relocalization,759,760,5534,7720.956548082106,35.68243813435947,-457.92269378637945,-792.9965836635449,-413.15547841726504,-595.177651859219,32.663834368430024,-383.1177471653791,-575.9659409890883,-383.1177471653791,-575.9659409890883,23.212521903085282,23.202605205928045,0.009916697157237309,35.656067272177204,9.451312465344742,False,True,False,False,44.76721536911441,197.81893180432587,74.80494662100034,217.03064267445666
balanced_position_reset_online,online_gate_controlled_eval_replay,27,relocalization,760,761,5534,7731.136627345944,10.180079263838707,-464.753726821416,-785.5641291868005,-389.9487802004157,-568.5334865123439,22.115383290529923,-383.1177471653791,-575.9659409890883,-383.1177471653791,-575.9659409890883,32.12025313720429,32.13542616524085,0.015173028036564062,10.094770521148003,-10.004869846674364,True,True,False,False,74.80494662100034,217.03064267445666,81.63597965603691,209.59818819771226
balanced_position_reset_online,online_gate_controlled_eval_replay,28,relocalization,800,801,3906,8181.686294540867,450.5496671949222,-658.23840667935,-380.1622096475365,-576.6024270233131,-170.56402144982422,123.45585741929517,-494.8207220543409,-125.17165947239846,-494.8207220543409,-125.17165947239846,29.950585310615303,29.92338858544328,0.027196725172021985,93.53455935386485,93.50527210867986,False,True,False,False,81.63597965603691,209.59818819771226,163.4176846250091,254.99055017513803
balanced_position_reset_online,online_gate_controlled_eval_replay,29,relocalization,805,806,3658,8242.538060614363,60.85176607349604,-677.7406220876917,-322.0761935750249,-514.3229374626826,-67.08564339988686,47.17038477977518,-425.9182835752145,-54.52806082461029,-425.9182835752145,-54.52806082461029,44.12980364116765,44.04963395262849,0.08016968853915785,89.29208088681727,3.0405811386075356,False,False,True,False,163.4176846250091,254.99055017513803,251.8223385124772,267.5481327504146
balanced_position_reset_online,online_gate_controlled_eval_replay,30,relocalization,845,846,2031,8711.794529447752,469.2564688333896,-810.7231701630337,140.44493303803347,-558.9008316505565,407.99306578844806,78.851295349758,-502.6448713114951,396.7907974203117,-502.6448713114951,396.7907974203117,30.498000733249604,30.51554736035384,0.017546627104234602,57.360473239520935,48.3532946165084,False,True,False,False,251.8223385124772,267.5481327504146,308.07829885153865,256.34586438227825
balanced_position_reset_online,online_gate_controlled_eval_replay,31,relocalization,900,901,1917,9275.815067619327,564.020538171575,-450.745756791089,265.59751128475114,-142.66745793955033,521.9433756670294,62.93491703405683,-118.48143040912692,437.3614335642196,-118.48143040912692,437.3614335642196,28.8868468854754,28.97941511847734,0.09256823300194128,87.97197768372303,34.04807014858143,False,True,False,False,308.07829885153865,256.34586438227825,332.26432638196206,171.7639222794685
balanced_position_reset_online,online_gate_controlled_eval_replay,32,relocalization,1005,1006,5047,10466.811818018574,1190.9967503992466,-110.6124029565005,-545.0188151976881,221.65192342546158,-373.25489291821964,197.35294236594152,69.45642731501721,-429.94908819021657,69.4564273150172,-429.94908819021657,47.30737665162913,47.27441558948068,0.03296106214844485,162.41213259434656,150.04556571431237,False,False,True,False,332.26432638196206,171.7639222794685,180.0688302715177,115.06972700747156
permissive_position_reset_online,online_gate_ablation_controlled_eval_replay,0,initialization,0,1,3546,0.0,0.0,-1.359850087417669,-0.4660028431250111,-1.359850087417669,-0.4660028431250111,1.4374807511930154,28.20529212744441,-12.904388110153375,28.20529212744441,-12.904388110153375,31.01712005476887,30.989288717602594,0.02783133716627617,32.07508475804932,-29.579639303575856,True,True,False,False,0.0,0.0,29.565142214862078,-12.438385267028364
permissive_position_reset_online,online_gate_ablation_controlled_eval_replay,1,relocalization,5,6,3545,11.737876502062866,11.737876502062866,-2.290180575102704,10.791856415869864,27.274961639759375,-1.6465288511585001,30.822363819742836,-6.767451161635108,-13.430098543409258,-6.767451161635108,-13.43009854340926,25.09728167850475,25.173257925336667,0.0759762468319174,36.02413613166425,5.725082141238087,False,True,False,False,29.565142214862078,-12.438385267028364,-4.477270586532404,-24.221954959279124
permissive_position_reset_online,online_gate_ablation_controlled_eval_replay,2,relocalization,10,11,3419,54.64278341865671,42.904906916593845,-2.732780360875151,53.01944343508369,-7.210050947407555,28.797488475804563,25.45558277543819,-42.26311593176797,20.84183512674645,-42.26311593176797,20.841835126746446,51.606289355095576,51.61635866557166,0.010069310476083615,35.944537624069866,-26.150706579657385,True,False,True,False,-4.477270586532404,-24.221954959279124,-39.53033557089282,-32.17760830833724
permissive_position_reset_online,online_gate_ablation_controlled_eval_replay,3,relocalization,30,31,2547,276.7436757733336,222.10089235467692,16.733114148634126,276.69653941433745,-22.79722142225869,244.5189311060002,49.38138725878545,58.99201933853328,266.00188344251364,58.99201933853328,266.00188344251364,43.34916422748062,43.27840235374737,0.07076187373325382,84.56356866476074,6.032223031304831,False,False,True,False,-39.53033557089282,-32.17760830833724,42.25890518989915,-10.694655971823806
permissive_position_reset_online,online_gate_ablation_controlled_eval_replay,4,relocalization,39,40,2296,383.5292662314617,106.78559045812807,16.80587215055637,381.09260766071566,59.06477734045552,370.39795168889185,43.02336799801474,22.973742033238523,335.0711604501121,22.973742033238523,335.0711604501121,46.466600215262375,46.61974299657225,0.15314278130987447,50.50292079449575,-3.4432322172476333,True,False,True,False,42.25890518989915,-10.694655971823806,6.167869882682151,-46.02144721060358
permissive_position_reset_online,online_gate_ablation_controlled_eval_replay,5,relocalization,40,41,2297,395.49859310760905,11.969326876147363,16.660905753606247,392.8519682815633,22.8287756362884,346.8305210709597,46.66732423642724,57.94546088122297,335.5970122893341,57.94546088122297,335.5970122893341,70.45551144256169,70.57505276496806,0.11954132240637705,36.86967998421827,-23.788187206134445,True,False,True,False,6.167869882682151,-46.02144721060358,41.28455512761673,-57.25495599222921
permissive_position_reset_online,online_gate_ablation_controlled_eval_replay,6,relocalization,45,46,1921,458.5574763660672,63.05888325845814,15.757647978296326,454.6695998377597,57.04220310591305,397.41464384553046,71.54729583638455,21.40417273784988,439.46385310497135,21.40417273784988,439.46385310497135,17.521943377500712,17.573676838494016,0.05173346099330445,55.11991661694747,54.02535245888384,False,True,False,False,41.28455512761673,-57.25495599222921,5.646524759553554,-15.205746732788327
permissive_position_reset_online,online_gate_ablation_controlled_eval_replay,7,relocalization,55,56,1546,583.9056175120653,125.34814114599811,14.801693637307777,577.9766574374977,20.44821839686133,562.7709107047094,20.10222735206862,19.83455531997606,543.8565587215126,19.83455531997606,543.8565587215126,38.25077502786657,38.37405213659071,0.12327710872414599,18.924304302039626,-18.148547675797946,True,True,False,False,5.646524759553554,-15.205746732788327,5.032861682668285,-34.12009871598514
permissive_position_reset_online,online_gate_ablation_controlled_eval_replay,8,relocalization,57,58,1545,608.1767365309823,24.271119018917034,14.911069955168893,602.0826477314674,19.943931637837178,567.9625490154823,38.5279629081763,-15.13654269091785,543.3307873974554,-15.136542690917848,543.3307873974554,68.37660174048975,68.5429576945674,0.1663559540776589,42.864476662356935,-29.848638832313448,True,False,True,False,5.032861682668285,-34.12009871598514,-30.04761264608674,-58.75186033401201
permissive_position_reset_online,online_gate_ablation_controlled_eval_replay,9,relocalization,59,60,1297,632.3370364741726,24.16029994319024,15.061113789714389,626.0738767885881,-14.986498856372352,567.3220164545761,68.24038304963915,53.75901313137729,613.9775852882303,53.75901313137729,613.9775852882303,44.60610609462188,44.55530867620633,0.050797418415548634,83.08241403359484,23.63427695501727,False,False,True,False,-30.04761264608674,-58.75186033401201,38.6978993416629,-12.09629150035778
permissive_position_reset_online,online_gate_ablation_controlled_eval_replay,10,relocalization,60,61,1297,644.5280065053086,12.190970031135976,15.216739220734327,638.0535057922871,53.91463856239722,625.9572142919293,45.08863531546271,53.75901313137729,613.9775852882303,53.75901313137729,613.9775852882303,50.508738255867605,50.5003859047478,0.008352351119803814,11.980639813509356,-5.420102940404895,True,False,True,False,38.6978993416629,-12.09629150035778,38.54227391064296,-24.07592050405674
permissive_position_reset_online,online_gate_ablation_controlled_eval_replay,11,relocalization,78,79,545,844.4569724412229,199.92896593591433,19.38182692760224,843.5890073743221,57.9241008382452,819.5130868702654,54.37627356875598,-19.321601661504246,821.7113686478697,-19.321601661504246,821.7113686478697,34.39991683326031,34.39601604526073,0.0039007879995835992,77.27697585603066,19.976356735495663,False,True,False,False,38.54227391064296,-24.07592050405674,-38.70342858910649,-21.87763872645246
permissive_position_reset_online,online_gate_ablation_controlled_eval_replay,12,relocalization,80,81,545,847.3137521681801,2.8567797269572566,17.555914918867117,844.5525433702586,-21.14751367023937,822.6749046438061,34.072768981781465,-19.321601661504246,821.7113686478697,-19.321601661504246,821.7113686478697,33.21907280485133,33.224451813680055,0.005379008828725773,2.0645474756247224,0.8536961769301357,False,True,False,False,-38.70342858910649,-21.87763872645246,-36.87751658037136,-22.841174722388928
permissive_position_reset_online,online_gate_ablation_controlled_eval_replay,13,relocalization,99,100,541,1054.3861427420036,207.07239057382344,-193.45490092931703,846.1994179232233,-230.3324175096884,823.3582432008344,33.396975352115305,-159.2026645252481,819.6091951639391,-159.2026645252481,819.6091951639391,45.624450432395506,45.58389044898862,0.0405599834068866,71.22848531879954,-12.2274750802802,True,False,True,False,-36.87751658037136,-22.841174722388928,34.252236404068924,-26.590222759284188
permissive_position_reset_online,online_gate_ablation_controlled_eval_replay,14,relocalization,100,101,540,1066.5489001062754,12.162757364271783,-205.9783669067029,846.4150802111085,-171.72613050263396,819.8248574518243,45.08186696824726,-194.1729206891032,819.0839101858437,-194.1729206891032,819.0839101858437,26.828129460140964,26.85274048842789,0.02461102828692674,22.45901584055578,18.253737508106298,False,True,False,False,34.252236404068924,-26.590222759284188,11.805446217599695,-27.331170025264782
permissive_position_reset_online,online_gate_ablation_controlled_eval_replay,15,relocalization,128,129,529,1401.9195601573342,335.37066005105885,-586.4883625303844,837.7256541366925,-574.6829163127848,810.3944841114277,33.004942361930176,-578.8454865706153,813.3125969446264,-578.8454865706153,813.3125969446264,34.96893708953633,34.942808561132146,0.026128528404186113,5.083539481370708,-1.9639947276061562,True,True,False,False,11.805446217599695,-27.331170025264782,7.642875959769071,-24.41305719206605
permissive_position_reset_online,online_gate_ablation_controlled_eval_replay,16,relocalization,135,136,528,1479.1132468436915,77.1936866863573,-666.5337306421518,834.7097146582246,-658.8908546823827,810.2966574661585,38.11634661009943,-613.8156969500706,812.7885522413999,-613.8156969500706,812.7885522413999,19.187098913063178,19.217471287595927,0.030372374532749546,45.14398502750611,18.92924769703625,False,True,False,False,7.642875959769071,-24.41305719206605,52.718033692081235,-21.9211624168247
permissive_position_reset_online,online_gate_ablation_controlled_eval_replay,17,relocalization,140,141,527,1538.6508865327703,59.53763968907879,-728.2223750773478,832.466696145538,-675.5043413852666,810.5455337287133,18.86307540495103,-648.7859035201836,812.2646108935587,-648.7859035201836,812.2646108935587,38.87269853430892,38.8316831393422,0.04101539496671336,26.773683875197122,-20.009623129357887,True,True,False,False,52.718033692081235,-21.9211624168247,79.43647155716417,-20.20208525197927
permissive_position_reset_online,online_gate_ablation_controlled_eval_replay,18,relocalization,180,181,1648,1926.6973536358632,388.04646710309294,-812.1543345225043,491.80210787145126,-732.7178629653401,471.600022619472,47.86216717497612,-783.9788869633339,496.99248331272975,-783.9788869633339,496.99248331272975,26.449865943979567,26.43326356485385,0.01660237912571816,57.20550359346149,21.412301230996555,False,True,False,False,79.43647155716417,-20.20208525197927,28.17544755917038,5.190375441278491
permissive_position_reset_online,online_gate_ablation_controlled_eval_replay,19,relocalization,185,186,1648,1932.6752350517088,5.977881415845559,-812.3504131365153,485.4086013707609,-784.1749655773449,490.5989768120394,26.957311183473045,-783.9788869633339,496.99248331272975,-783.9788869633339,496.99248331272975,24.150978070721326,24.116585303341022,0.034392767380303724,6.396512502703517,2.8063331127517195,False,True,False,False,28.17544755917038,5.190375441278491,28.371526173181337,11.583881941968855
permissive_position_reset_online,online_gate_ablation_controlled_eval_replay,20,relocalization,190,191,1648,1938.440742845247,5.765507793538291,-812.6679065868932,480.1188969943351,-784.2963804137119,491.70277893630396,24.553686345872844,-783.9788869633339,496.99248331272975,-783.9788869633339,496.99248331272975,23.26640297418134,23.223608820880912,0.04279415330042724,5.299223950826293,1.2872833716915046,False,True,False,False,28.371526173181337,11.583881941968855,28.68901962355926,16.873586318394644
permissive_position_reset_online,online_gate_ablation_controlled_eval_replay,21,relocalization,195,196,1773,1956.506294645568,18.065551800320918,-813.9789277221983,460.05664616087273,-785.289908098639,476.9302324792674,24.9685056876861,-783.4580463828752,462.19500210508704,-783.4580463828752,462.19500210508704,29.40406920388955,29.408003084881145,0.003933880991596084,14.848660933762606,-4.435563516203448,True,True,False,False,28.68901962355926,16.873586318394644,30.52088133932307,2.138355944214311
permissive_position_reset_online,online_gate_ablation_controlled_eval_replay,22,relocalization,200,201,1773,1971.5889309154436,15.082636269875593,-814.533501587254,443.51361778852726,-784.012620247931,445.65197373274157,31.248525291117303,-783.4580463828752,462.19500210508704,-783.4580463828752,462.19500210508704,23.719182127384208,23.67719489349913,0.0419872338850773,16.55232128434046,7.529343163733095,False,True,False,False,30.52088133932307,2.138355944214311,31.07545520437884,18.681384316559786
permissive_position_reset_online,online_gate_ablation_controlled_eval_replay,23,relocalization,205,206,1773,1981.047264600488,9.458333685044408,-815.2016448014697,434.158145160888,-784.1261895970908,452.8395294774478,24.569672037063725,-783.4580463828752,462.19500210508704,-783.4580463828752,462.19500210508704,24.24271640186356,24.20512488938083,0.03759151248273085,9.379300797032238,0.32695563520016435,False,True,False,False,31.07545520437884,18.681384316559786,31.7435984185945,28.03685694419903
permissive_position_reset_online,online_gate_ablation_controlled_eval_replay,24,relocalization,210,211,1898,1995.9062558328087,14.858991232320705,-816.6316883713446,417.9644927233884,-784.8880899527501,446.0013496675874,25.117572504687374,-782.9372111251578,427.3975223405287,-782.9372111251578,427.3975223405287,26.982040005719625,26.97018565271046,0.011854353009166374,18.705836506688595,-1.8644675010322516,True,True,False,False,31.7435984185945,28.03685694419903,33.69447724618681,9.433029617140335
permissive_position_reset_online,online_gate_ablation_controlled_eval_replay,25,relocalization,215,216,2023,2036.4742383006333,40.56798246782455,-820.7135220978075,373.375947303516,-787.0190448516207,382.80897692065633,32.53801791681701,-782.4163811902981,392.600044017192,-782.4163811902981,392.600044017192,23.833709377820185,23.8045294338649,0.02917994395528467,10.818942077122069,8.704308538996827,False,True,False,False,33.69447724618681,9.433029617140335,38.2971409075094,19.224096713675976
permissive_position_reset_online,online_gate_ablation_controlled_eval_replay,26,relocalization,250,251,3398,2423.036147494842,386.56190919420897,-836.4298135125243,-35.663993760950696,-798.1326726050149,-16.43989704727472,63.426175369542506,-776.6876032153377,9.827877613715827,-776.6876032153377,9.827877613715827,33.89569787934436,33.83656940906231,0.05912847028205448,33.909983585496576,29.530477490198145,False,True,False,False,38.2971409075094,19.224096713675976,59.7422102971866,45.49187137466652
permissive_position_reset_online,online_gate_ablation_controlled_eval_replay,27,relocalization,255,256,3648,2479.0039020090703,55.96775451422809,-840.5406408318013,-93.56818190361857,-780.7984305346147,-48.07631052895204,39.40017299361254,-775.6460764181102,-59.767042990308255,-775.6460764181102,-59.767042990308255,38.61891628120335,38.5941965456148,0.024719735588547564,12.775757450142393,0.7812567124091956,False,True,False,False,59.7422102971866,45.49187137466652,64.89456441369111,33.80113891331031
permissive_position_reset_online,online_gate_ablation_controlled_eval_replay,28,relocalization,265,266,4023,2593.37572279381,114.37182078473961,-848.2819199511903,-208.8694858068752,-783.3873555374992,-175.06834689356486,47.99130290099317,-774.0838261446916,-164.15941308438778,-774.0838261446916,-164.15941308438778,35.48538112876647,35.430535882178944,0.054845246587525764,14.337381072421906,12.5059217722267,False,True,False,False,64.89456441369111,33.80113891331031,74.19809380649872,44.71007272248741
permissive_position_reset_online,online_gate_ablation_controlled_eval_replay,29,relocalization,305,306,5774,3065.4750671153506,472.0993443215407,-869.3431482172775,-699.8473284846967,-795.1450544107788,-655.1372557622093,74.19656512244916,-731.8194484177511,-650.800266542472,-731.8194484177511,-650.800266542472,24.557404477080162,24.63318312855205,0.07577865147188945,63.473946228955256,49.639160645368996,False,True,False,False,74.19809380649872,44.71007272248741,137.5236997995264,49.047061942224786
permissive_position_reset_online,online_gate_ablation_controlled_eval_replay,30,relocalization,386,387,6668,3991.10252571315,925.6274585977994,-152.97607660985133,-908.017922027242,-15.452376810324921,-858.9708600850172,63.08019756120282,-63.64410106372088,-884.4191652587615,-63.64410106372088,-884.4191652587615,11.422828406678828,11.455529190090122,0.032700783411293344,54.49824329949887,51.65736915452399,False,True,False,False,137.5236997995264,49.047061942224786,89.33197554613045,23.598756768480484
permissive_position_reset_online,online_gate_ablation_controlled_eval_replay,31,relocalization,473,474,6064,4967.56633315427,976.46380744112,577.9346661894797,-600.861999905456,667.2666417356102,-577.2632431369755,147.49221987510504,668.2138345089043,-699.375967303291,668.2138345089043,-699.375967303291,76.74810710216072,76.6063358441765,0.1417712579842174,122.11639766005396,70.74411277294432,False,False,True,False,89.33197554613045,23.598756768480484,90.27916831942457,-98.51396739783502
permissive_position_reset_online,online_gate_ablation_controlled_eval_replay,32,relocalization,475,476,6065,4991.506235181863,23.939902027593234,572.8120196268678,-578.8776663070117,663.0911879462924,-677.3916337048468,81.15561928833526,703.1887068630895,-698.8483698326163,703.1887068630895,-698.8483698326163,45.705195200199455,45.66336107214153,0.04183412805792841,45.47749496772695,35.450424088135804,False,False,True,False,90.27916831942457,-98.51396739783502,130.37668723622164,-119.97070352560456
permissive_position_reset_online,online_gate_ablation_controlled_eval_replay,33,relocalization,481,482,5817,5064.544979629139,73.03874444727535,557.6071029059926,-512.2374074197514,687.9837901422143,-632.208110945356,60.38016993339901,772.0880920478376,-628.1976640727371,772.0880920478376,-628.1976640727371,37.34784525204365,37.35161251206383,0.0037672600201830164,84.19986510173474,23.032324681355362,False,True,False,False,130.37668723622164,-119.97070352560456,214.48098914184493,-115.96025665298566
permissive_position_reset_online,online_gate_ablation_controlled_eval_replay,34,relocalization,485,486,5692,5112.866852659654,48.321873030515235,547.7918738334622,-468.01703845144624,762.2728629753071,-583.977295104432,34.00082970817982,771.5628984686919,-593.4000614946708,771.5628984686919,-593.4000614946708,47.18209986980006,47.24095061103159,0.05885074123153089,13.23228196167852,-13.18127016162024,True,False,True,False,214.48098914184493,-115.96025665298566,223.77102463522965,-125.38302304322457
permissive_position_reset_online,online_gate_ablation_controlled_eval_replay,35,relocalization,490,491,5313,5173.268497345704,60.40164468605053,535.9760269413844,-413.5871121306122,759.747051576614,-538.9701351738368,46.5031681977675,630.0902557319496,-491.1179333874025,630.0902557319496,-491.1179333874025,109.69944659932379,109.49760986283496,0.20183673648882916,138.20534694618226,-63.19627840155629,True,False,True,True,223.77102463522965,-125.38302304322457,94.11422879056522,-77.53082125679032
permissive_position_reset_online,online_gate_ablation_controlled_eval_replay,36,relocalization,502,503,4818,5317.011127228425,143.7426298827204,508.9721221552892,-284.0829850118289,603.0863509458544,-361.6138062686192,133.9439688538019,802.8602488787146,-349.2888574791141,802.8602488787146,-349.2888574791141,66.20977160032137,66.08700348066233,0.12276811965904244,200.15372756447175,67.73419725348052,False,False,True,False,94.11422879056522,-77.53082125679032,293.88812672342544,-65.20587246728519
permissive_position_reset_online,online_gate_ablation_controlled_eval_replay,37,relocalization,505,506,4693,5352.364268679374,35.3531414509489,502.0524482399161,-251.70423320470255,795.9405749633415,-316.9101056719877,59.807726211470985,802.3349095311714,-314.4912395682186,802.3349095311714,-314.4912395682186,66.2845374798872,66.16138734737686,0.12315013251034657,6.836550869649666,-6.4768112684162205,True,False,True,False,293.88812672342544,-65.20587246728519,300.28246129125534,-62.78700636351604
permissive_position_reset_online,online_gate_ablation_controlled_eval_replay,38,relocalization,510,511,4439,5412.322651138414,59.95838245903997,489.90771030218826,-197.2708268078509,790.1901715934437,-260.05783317136695,55.28344553453498,661.3900483140023,-247.00720803067088,661.3900483140023,-247.00720803067088,74.3764222198593,74.2480726997925,0.12834952006679146,129.4596098146532,-19.092976685324317,True,False,True,False,300.28246129125534,-62.78700636351604,171.48233801181408,-49.73638122281997
permissive_position_reset_online,online_gate_ablation_controlled_eval_replay,39,relocalization,520,521,4065,5525.589007354143,113.2663562157295,466.5450136605138,-93.94326395351482,638.0273516723279,-143.6796451763348,94.33103510731057,694.7884270232171,-142.08672428503633,694.7884270232171,-142.08672428503633,37.66147651871035,37.59273079332692,0.0687457253834296,56.783422510053555,56.66955858860022,False,True,False,False,171.48233801181408,-49.73638122281997,228.24341336270328,-48.14346033152151
permissive_position_reset_online,online_gate_ablation_controlled_eval_replay,40,relocalization,525,526,3940,5580.451538853656,54.86253149951244,455.3131979283088,-43.59930032277937,683.5566112910121,-91.74276065430088,47.31412106993218,694.2633639117703,-107.2891092072241,694.2633639117703,-107.2891092072241,40.46989404137387,40.430737986077,0.03915605529687127,18.87653318305799,6.844227028558308,False,False,True,False,228.24341336270328,-48.14346033152151,238.9501659834615,-63.68980888444473
permissive_position_reset_online,online_gate_ablation_controlled_eval_replay,41,relocalization,530,531,3942,5635.977201409314,55.52566255565853,443.6716093649978,8.087252352461118,682.6217753484593,-55.60255653198361,51.435693932988755,764.2096245742869,-106.23347433144228,764.2096245742869,-106.23347433144228,79.72626649599408,79.91959780245337,0.1933313064592852,96.02117984336533,-28.290572563005327,True,False,True,False,238.9501659834615,-63.68980888444473,320.5380152092891,-114.3207266839034
permissive_position_reset_online,online_gate_ablation_controlled_eval_replay,42,relocalization,550,551,2941,5860.434572645745,224.45737123643084,402.3134841652318,213.7926287029644,722.8514993745209,99.471902019061,90.79755331630588,725.0349716232158,171.61965955328196,725.0349716232158,171.61965955328196,19.238128657163667,19.29194610137268,0.05381744420901313,72.18079016107788,71.55942465914221,False,True,False,False,320.5380152092891,-114.3207266839034,322.72148745798404,-42.172969149682444
permissive_position_reset_online,online_gate_ablation_controlled_eval_replay,43,relocalization,555,556,2817,5880.7177312225285,20.283158576783535,398.791488884364,231.6422934601981,721.5129763423481,189.46932431051565,22.505552909638368,759.4819642086513,206.9451949056238,759.4819642086513,206.9451949056238,28.816846085655897,28.765244690436067,0.05160139521982998,41.797728319233414,-6.311293176017529,True,True,False,False,322.72148745798404,-42.172969149682444,360.6904753242873,-24.697098554574296
permissive_position_reset_online,online_gate_ablation_controlled_eval_replay,44,relocalization,660,661,3802,6563.978285757233,683.2605545347042,7.819859851466475,-134.67559167737653,368.51033517575377,-159.37269023195083,162.09182054032317,239.08931193384345,-79.34309351909906,239.08931193384345,-79.34309351909906,11.705542100371392,11.734509580388222,0.028967480016829583,152.1661513182376,150.38627843995178,False,True,False,False,360.6904753242873,-24.697098554574296,231.26945208237697,55.332498158277474
permissive_position_reset_online,online_gate_ablation_controlled_eval_replay,45,relocalization,670,671,4301,6685.121791279856,121.14350552262295,41.497445301907554,-248.11046596733644,272.7668973842845,-192.77796780905896,35.179713517592525,206.21082392858807,-219.0596601171419,206.21082392858807,-219.0596601171419,42.969967448078215,42.99037776620499,0.020410318126778293,71.55723768017324,-7.79025393048569,True,False,True,False,231.26945208237697,55.332498158277474,164.7133786266805,29.050805850194536
permissive_position_reset_online,online_gate_ablation_controlled_eval_replay,46,relocalization,675,676,4426,6745.523718269561,60.401926989705316,57.789025133237416,-302.5673480594133,222.5024037599179,-273.51654220921876,28.67012555753809,206.7344315202208,-253.85721745481715,206.73443152022082,-253.85721745481715,32.67705649631954,32.61777093376354,0.05928556255599915,25.20154753880973,-4.006930938781448,True,True,False,False,164.7133786266805,29.050805850194536,148.9454063869834,48.710130604596145
permissive_position_reset_online,online_gate_ablation_controlled_eval_replay,47,relocalization,678,679,4551,6781.654537020147,36.130818750585604,67.5088692196285,-334.50615318388765,216.45427560661187,-285.7960225792915,23.695864546162813,207.2580337593099,-288.654773352202,207.2580337593099,-288.654773352202,32.96771191530367,32.906823874506344,0.06088804079732313,9.630333332532386,-9.271847369140854,True,True,False,False,148.9454063869834,48.710130604596145,139.74916453968143,45.85137983168562
permissive_position_reset_online,online_gate_ablation_controlled_eval_replay,48,relocalization,680,681,4677,6805.703212033749,24.048675013602406,73.92378750750326,-355.9298690827939,213.6729520471847,-310.0784892511083,26.83465033456089,242.75532225542705,-322.9260316388681,242.75532225542707,-322.9260316388681,12.74535648357311,12.786353215978217,0.04099673240510704,31.79376672139598,14.089293850987781,False,True,False,False,139.74916453968143,45.85137983168562,168.8315347479238,33.00383744392582
permissive_position_reset_online,online_gate_ablation_controlled_eval_replay,49,relocalization,685,686,4927,6865.552271312361,59.849059278612,90.76003531379848,-409.4476411444755,259.5915700617223,-376.44380370054967,18.576374462535203,243.8027055937564,-392.5211438587867,243.8027055937564,-392.5211438587867,22.378287221290066,22.45287476101973,0.07458753972966292,22.533732663530376,-3.801912758754863,True,True,False,False,168.8315347479238,33.00383744392582,153.04267027995792,16.92649728568881
permissive_position_reset_online,online_gate_ablation_controlled_eval_replay,50,relocalization,690,691,5051,6927.287839755705,61.735568443344164,108.96567151026356,-464.6841222760799,262.0083417902215,-447.7576249903911,24.128754082602413,209.352389190346,-427.84498254582286,209.352389190346,-427.84498254582286,34.694069079214245,34.63261527477846,0.06145380443578574,56.29531661981798,-10.565314996611832,True,True,False,False,153.04267027995792,16.92649728568881,100.38671768008244,36.839139730257045
permissive_position_reset_online,online_gate_ablation_controlled_eval_replay,51,relocalization,693,694,5302,6963.201426948189,35.91358719248365,120.24358271848898,-497.46702077311375,220.63030039857142,-460.6278810428567,25.438194997505786,245.3737404493149,-496.913801390212,245.3737404493149,-496.913801390212,29.105334118901986,29.202915593833875,0.09758147493188929,43.91931057062882,-3.6671391213962004,True,True,False,False,100.38671768008244,36.839139730257045,125.13015773082593,0.5532193829017729
permissive_position_reset_online,online_gate_ablation_controlled_eval_replay,52,relocalization,700,701,5678,7045.227832256677,82.02640530848839,146.4538498401301,-572.5433785662023,271.58400757095603,-571.9901591833004,32.65183989161933,281.9192450302653,-600.7800769582391,281.9192450302653,-600.7800769582391,61.44130550005294,61.55216960815184,0.11086410809890168,30.58882964135827,-28.78946560843361,True,False,True,False,125.13015773082593,0.5532193829017729,135.4653951901352,-28.23669839203683
permissive_position_reset_online,online_gate_ablation_controlled_eval_replay,53,relocalization,735,736,5665,7447.107261664644,401.8794294079671,-208.47791481352743,-729.133528018285,-73.01251962339222,-757.3702264103218,184.95004926381,-172.74918913305737,-607.614814561326,-172.74918913305737,-607.614814561326,38.85915507839533,38.85073375217966,0.008421326215675151,179.92800399866195,146.09089418541467,False,True,False,False,135.4653951901352,-28.23669839203683,35.72872568047006,121.51871345695895
permissive_position_reset_online,online_gate_ablation_controlled_eval_replay,54,relocalization,745,746,5664,7567.569316746155,120.4620550815107,-319.04849024801064,-769.398597826607,-283.3197645675406,-647.879884369648,64.37854132681824,-207.7236572895199,-608.1398403230123,-207.7236572895199,-608.1398403230123,57.51449993815015,57.44979758492786,0.06470235322229456,85.40516691874419,6.864041388668085,False,False,True,False,35.72872568047006,121.51871345695895,111.32483295849073,161.25875750359467
permissive_position_reset_online,online_gate_ablation_controlled_eval_replay,55,relocalization,750,751,5535,7627.510116073938,59.94079932778277,-373.7532369578032,-789.7688292038894,-262.4284039993125,-628.5100717002947,70.91889731365279,-348.1434009120567,-575.4414280569181,-348.1434009120567,-575.4414280569181,30.064505313451804,30.042106758080088,0.022398555371715645,100.81340007111875,40.85439200020099,False,True,False,False,111.32483295849073,161.25875750359467,25.609836045746533,214.32740114697128
permissive_position_reset_online,online_gate_ablation_controlled_eval_replay,56,relocalization,755,756,5659,7685.274109947746,57.76399387380843,-427.3631561355048,-808.5823510492299,-401.7533200897583,-594.2549499022587,23.41228636179827,-382.5959407663904,-610.7634192449041,-382.5959407663904,-610.7634192449041,22.15695763333976,22.227620784818537,0.07066315147877589,25.28902415231688,1.2553287284585082,False,True,False,False,25.609836045746533,214.32740114697128,44.76721536911441,197.81893180432587
permissive_position_reset_online,online_gate_ablation_controlled_eval_replay,57,relocalization,759,760,5534,7720.956548082106,35.68243813435947,-457.92269378637945,-792.9965836635449,-413.15547841726504,-595.177651859219,32.663834368430024,-383.1177471653791,-575.9659409890883,-383.1177471653791,-575.9659409890883,23.212521903085282,23.202605205928045,0.009916697157237309,35.656067272177204,9.451312465344742,False,True,False,False,44.76721536911441,197.81893180432587,74.80494662100034,217.03064267445666
permissive_position_reset_online,online_gate_ablation_controlled_eval_replay,58,relocalization,760,761,5534,7731.136627345944,10.180079263838707,-464.753726821416,-785.5641291868005,-389.9487802004157,-568.5334865123439,22.115383290529923,-383.1177471653791,-575.9659409890883,-383.1177471653791,-575.9659409890883,32.12025313720429,32.13542616524085,0.015173028036564062,10.094770521148003,-10.004869846674364,True,True,False,False,74.80494662100034,217.03064267445666,81.63597965603691,209.59818819771226
permissive_position_reset_online,online_gate_ablation_controlled_eval_replay,59,relocalization,765,766,5283,7787.326291758035,56.18966441209068,-497.7873513774029,-740.9567652485722,-416.151371721366,-531.3585770508599,31.083794845623558,-419.1355127922725,-506.8953973567113,-419.1355127922725,-506.8953973567113,8.203457031871773,8.20593808751478,0.002481055643006158,24.64451782200812,22.880337813751787,False,True,False,False,81.63597965603691,209.59818819771226,78.6518385851304,234.06136789186087
permissive_position_reset_online,online_gate_ablation_controlled_eval_replay,60,relocalization,800,801,3906,8181.686294540867,394.36000278283154,-658.23840667935,-380.1622096475365,-579.5865680942195,-146.10084175567562,116.75299578182991,-494.8207220543409,-125.17165947239846,-494.8207220543409,-125.17165947239846,29.950585310615303,29.92338858544328,0.027196725172021985,87.31139287574703,86.80241047121461,False,True,False,False,78.6518385851304,234.06136789186087,163.4176846250091,254.99055017513803
permissive_position_reset_online,online_gate_ablation_controlled_eval_replay,61,relocalization,805,806,3658,8242.538060614363,60.85176607349604,-677.7406220876917,-322.0761935750249,-514.3229374626826,-67.08564339988686,47.17038477977518,-425.9182835752145,-54.52806082461029,-425.9182835752145,-54.52806082461029,44.12980364116765,44.04963395262849,0.08016968853915785,89.29208088681727,3.0405811386075356,False,False,True,False,163.4176846250091,254.99055017513803,251.8223385124772,267.5481327504146
permissive_position_reset_online,online_gate_ablation_controlled_eval_replay,62,relocalization,845,846,2031,8711.794529447752,469.2564688333896,-810.7231701630337,140.44493303803347,-558.9008316505565,407.99306578844806,78.851295349758,-502.6448713114951,396.7907974203117,-502.6448713114951,396.7907974203117,30.498000733249604,30.51554736035384,0.017546627104234602,57.360473239520935,48.3532946165084,False,True,False,False,251.8223385124772,267.5481327504146,308.07829885153865,256.34586438227825
permissive_position_reset_online,online_gate_ablation_controlled_eval_replay,63,relocalization,860,861,1407,8838.521091116023,126.72656166827073,-834.8701476073659,267.46174585389593,-526.7918487558272,523.8076102361742,52.667981330298694,-470.2822459170129,571.3026833236217,-470.2822459170129,571.3026833236217,30.714122977529303,30.80812498220632,0.0940020046770158,73.81813585144583,21.95385835276939,False,True,False,False,308.07829885153865,256.34586438227825,364.58790169035296,303.8409374697258
permissive_position_reset_online,online_gate_ablation_controlled_eval_replay,64,relocalization,865,866,1408,8884.638018144327,46.11692702830442,-789.1351024038174,283.56937496982016,-424.54720071346446,587.410312439546,39.811484829096536,-435.3113003943581,571.8271148842759,-435.3113003943581,571.8271148842759,23.847914030348694,23.925626103800425,0.07771207345173181,18.93942681251971,15.963570798747842,False,True,False,False,364.58790169035296,303.8409374697258,353.8238020094593,288.2577399144558
permissive_position_reset_online,online_gate_ablation_controlled_eval_replay,65,relocalization,875,876,1537,8995.88675661827,111.24873847394338,-675.852499535647,310.6745547222454,-322.02869752618767,598.9322946367012,47.04207073495093,-294.9051891921554,539.128337438684,-294.9051891921554,539.128337438684,28.643316381091044,28.62164933537884,0.021667045712202793,65.66732826062434,18.39875435385989,False,True,False,False,353.8238020094593,288.2577399144558,380.9473103434916,228.45378271643858
permissive_position_reset_online,online_gate_ablation_controlled_eval_replay,66,relocalization,880,881,1538,9055.52964156162,59.64288494334869,-615.4449171286738,324.6233851703987,-234.49760678518214,553.0771678868373,26.43056627055086,-259.9341217502952,539.6532819555141,-259.9341217502952,539.6532819555141,14.07674701097701,14.123732545453406,0.046985534476394974,28.761380479170292,12.353819259573848,False,True,False,False,380.9473103434916,228.45378271643858,355.51079537837853,215.0298967851154
permissive_position_reset_online,online_gate_ablation_controlled_eval_replay,67,relocalization,885,886,1538,9114.973284905238,59.44364334361853,-555.495863382582,338.09759183197826,-199.98506800420347,553.1274886170936,2.608738590172068,-259.9341217502952,539.6532819555141,-259.9341217502952,539.6532819555141,60.482295894796415,60.38844900185378,0.09384689294263637,61.444635975899075,-57.87355730462435,True,False,True,False,355.51079537837853,215.0298967851154,295.5617416322868,201.55569012353584
permissive_position_reset_online,online_gate_ablation_controlled_eval_replay,68,relocalization,900,901,1917,9275.815067619327,160.84178271408928,-450.745756791089,265.59751128475114,-155.1840151588022,467.153201408287,41.175719113300154,-118.48143040912692,437.3614335642196,-118.48143040912692,437.3614335642196,28.8868468854754,28.97941511847734,0.09256823300194128,47.27186434425769,12.288872227824754,False,True,False,False,295.5617416322868,201.55569012353584,332.26432638196206,171.7639222794685
permissive_position_reset_online,online_gate_ablation_controlled_eval_replay,69,relocalization,913,914,2419,9432.87684190412,157.0617742847935,-418.63357614831614,111.57336855932468,-86.36924976635407,283.33729083879314,34.172050618311694,-46.44671078014653,299.2222130866721,-46.44671078014653,299.2222130866721,63.32109051385206,63.21254379566714,0.10854671818492534,42.96672984911025,-29.14903989554037,True,False,True,False,332.26432638196206,171.7639222794685,372.1868653681696,187.64884452734745
permissive_position_reset_online,online_gate_ablation_controlled_eval_replay,70,relocalization,915,916,2544,9456.92869949076,24.051857586639017,-413.3084334289344,87.82076640790808,-41.12156806076479,275.46961093525556,67.80180315806756,-45.923742716782726,264.4246608009562,-45.923742716782726,264.4246608009562,65.61407119409222,65.52836861665449,0.08570257743772913,12.043745467920711,2.187731963975338,False,False,True,False,372.1868653681696,187.64884452734745,367.38469071215167,176.6038943930481
permissive_position_reset_online,online_gate_ablation_controlled_eval_replay,71,relocalization,935,936,3418,9697.557656364548,240.6289568737884,-352.4340338867585,-149.10033784760216,14.95065682539314,27.503556545445946,117.00035018262645,-77.23574874992482,20.316327566746622,-77.23574874992482,20.316327566746622,33.69259726319803,33.72218842371321,0.029591160515181514,92.46615398776609,83.30775291942842,False,True,False,False,367.38469071215167,176.6038943930481,275.1982851368337,169.41666541434878
permissive_position_reset_online,online_gate_ablation_controlled_eval_replay,72,relocalization,936,937,3418,9709.52817728014,11.970520915592715,-349.11963496755646,-160.9099797820979,-73.92134983072276,8.506685632250878,35.70770791477496,-77.23574874992482,20.316327566746622,-77.23574874992482,20.316327566746622,26.175161475683684,26.1573141859628,0.017847289720883452,12.265923643028607,9.532546439091274,False,True,False,False,275.1982851368337,169.41666541434878,271.88388621763164,181.22630734884453
permissive_position_reset_online,online_gate_ablation_controlled_eval_replay,73,relocalization,940,941,3670,9758.739977696418,49.211800416276674,-336.092410752885,-207.470956680166,-64.20852453525333,-26.244649331321483,35.985687946586864,-6.244428382255137,-48.22764167096466,-6.244428382255137,-48.22764167096466,97.8725521952407,97.74791328776612,0.1246389074745764,61.99264791117436,-61.886864248653836,True,False,True,False,271.88388621763164,181.22630734884453,329.84798237062984,159.24331500920135
permissive_position_reset_online,online_gate_ablation_controlled_eval_replay,74,relocalization,980,981,5291,10239.886284221326,481.14630652490814,-199.2579175388305,-662.883664509814,130.59006483179934,-503.6403495006127,215.11582537593898,-139.3423112508608,-502.6971665592864,-139.3423112508608,-502.6971665592864,55.12528352438514,55.02432514423607,0.10095838014906633,269.9340238867481,159.99054185155384,False,False,True,False,329.84798237062984,159.24331500920135,59.915606287969695,160.1864979505276
permissive_position_reset_online,online_gate_ablation_controlled_eval_replay,75,relocalization,985,986,5417,10278.501090747475,38.61480652614955,-166.35634162843556,-673.9769759028782,-106.44073534046586,-513.7904779523506,51.189860665246435,-103.84550434933044,-536.9694342822768,-103.84550434933044,-536.9694342822768,52.69025129239792,52.63105937159396,0.05919192080395419,23.323791296484725,-1.5003906271514822,True,False,True,False,59.915606287969695,160.1864979505276,62.51083727910512,137.0075416206014
permissive_position_reset_online,online_gate_ablation_controlled_eval_replay,76,relocalization,989,990,5419,10321.88186587281,43.380775125335276,-123.65011199761364,-663.7726718475462,-61.13927471850852,-526.7651302269448,50.14934886019141,-33.89695248880889,-535.9186442536302,-33.89695248880889,-535.9186442536302,28.972238516902646,28.98054211551957,0.00830359861692287,28.73901424028861,21.177110343288764,False,True,False,False,62.51083727910512,137.0075416206014,89.75315950880474,127.85402759391604
permissive_position_reset_online,online_gate_ablation_controlled_eval_replay,77,relocalization,990,991,5419,10333.555052634902,11.673186762091063,-112.18506847765164,-660.718512830209,-22.431908968846898,-532.8644852362929,27.34803009823295,-33.89695248880889,-535.9186442536302,-33.89695248880889,-535.9186442536302,38.66066966355172,38.63535894604138,0.02531071751034375,11.86486874001584,-11.312639565318772,True,True,False,False,89.75315950880474,127.85402759391604,78.28811598884275,124.79986857657877
permissive_position_reset_online,online_gate_ablation_controlled_eval_replay,78,relocalization,1005,1006,5047,10466.811818018574,133.25676538367225,-110.6124029565005,-545.0188151976881,-32.324286967657756,-420.21894662110935,60.93795542745773,69.45642731501721,-429.94908819021657,69.4564273150172,-429.94908819021657,47.30737665162913,47.27441558948068,0.03296106214844485,102.24475270079333,13.630578775828603,False,False,True,False,78.28811598884275,124.79986857657877,180.0688302715177,115.06972700747156
permissive_position_reset_online,online_gate_ablation_controlled_eval_replay,79,relocalization,1033,1034,3920,10768.615718302131,301.8039002835576,-180.7668646953011,-261.0696925730923,-0.6980344237834117,-145.99996556562076,44.06951366501606,-5.1983988616848364,-117.82272360799834,-5.1983988616848364,-117.82272360799834,26.659674935158808,26.63331622078549,0.026358714373319714,28.5343695289089,17.409838729857253,False,True,False,False,180.0688302715177,115.06972700747156,175.56846583361627,143.24696896509397
